batch_idx,raw_events,filtered_events,filter_us
0,320,187,54.537
1,221,132,23.445
2,320,224,29.630
3,290,219,22.926
4,320,215,20.685
5,204,124,17.055
6,320,193,19.648
7,249,184,17.037
8,320,203,23.222
9,230,158,21.907
10,320,201,17.111
11,219,156,15.852
12,320,199,19.018
13,253,157,16.574
14,320,174,20.629
15,203,132,15.926
16,320,242,12.037
17,264,190,15.796
18,320,180,12.704
19,191,126,12.241
20,320,234,14.241
21,247,182,11.778
22,320,217,14.333
23,216,137,12.074
24,320,213,12.834
25,251,193,11.759
26,320,233,13.815
27,248,174,11.482
28,320,170,15.019
29,228,168,11.704
30,320,226,12.500
31,264,187,11.852
32,320,181,16.741
33,215,142,12.722
34,320,247,12.388
35,263,205,11.130
36,320,221,14.834
37,222,143,10.629
38,320,229,11.704
39,254,197,11.129
40,320,232,9.925
41,215,161,9.593
42,320,219,13.000
43,227,175,6.704
44,320,219,12.074
45,238,168,11.445
46,320,199,16.963
47,224,164,9.852
48,320,256,8.797
49,278,215,14.741
50,320,203,19.537
51,208,152,16.796
52,320,228,24.259
53,284,233,18.519
54,320,233,24.926
55,222,164,19.093
56,320,222,19.277
57,247,209,15.814
58,320,241,26.278
59,246,181,10.129
60,320,208,19.481
61,236,164,19.760
62,320,256,20.666
63,293,225,20.574
64,320,228,20.129
65,217,162,16.722
66,320,232,23.018
67,275,218,16.093
68,320,246,20.852
69,233,172,16.203
70,320,213,20.463
71,259,203,18.000
72,320,247,18.129
73,266,199,17.537
74,320,215,20.870
75,246,193,16.056
76,320,262,16.537
77,295,221,17.722
78,320,234,14.944
79,241,189,17.241
80,320,232,17.074
81,281,239,15.796
82,320,247,2409.380
83,257,183,57.500
84,320,220,45.888
85,242,183,43.481
86,320,264,51.148
87,296,243,38.481
88,320,225,37.296
89,244,171,29.000
90,320,251,34.481
91,288,239,31.445
92,320,237,41.889
93,280,215,35.000
94,320,250,27.945
95,262,213,1440.106
96,320,268,76.481
97,320,265,22.722
98,320,234,26.315
99,237,177,22.778
100,320,253,24.315
101,312,258,24.370
102,320,253,22.241
103,283,218,20.167
104,320,224,20.074
105,275,222,23.445
106,320,264,22.833
107,320,262,24.519
108,5,5,18.129
109,320,245,24.833
110,278,227,25.981
111,320,252,25.055
112,298,263,22.370
113,320,256,25.056
114,303,247,22.500
115,320,222,24.334
116,268,204,22.222
117,320,255,24.167
118,320,265,28.611
119,2,0,10.537
120,320,265,24.907
121,286,214,26.463
122,320,238,25.240
123,299,216,24.796
124,320,271,28.944
125,320,268,21.889
126,17,12,15.222
127,320,249,25.648
128,284,220,15.741
129,320,241,28.093
130,318,265,27.259
131,320,249,23.592
132,318,251,20.833
133,320,234,23.907
134,273,214,19.945
135,320,256,24.278
136,320,269,22.556
137,13,10,20.444
138,320,266,23.056
139,300,222,21.815
140,320,246,14.241
141,301,241,17.685
142,320,263,23.407
143,320,261,21.092
144,18,16,13.555
145,320,257,23.685
146,304,233,19.186
147,320,245,19.500
148,316,267,16.315
149,320,280,22.037
150,320,264,14.889
151,25,22,13.926
152,320,230,17.944
153,281,217,18.445
154,320,259,18.870
155,320,270,15.333
156,18,16,13.481
157,320,275,16.574
158,320,263,17.666
159,12,10,11.037
160,320,233,19.704
161,275,225,20.519
162,320,257,19.852
163,320,282,18.037
164,31,25,14.612
165,320,273,20.166
166,316,252,20.074
167,320,252,19.574
168,303,255,16.111
169,320,277,14.240
170,320,277,16.334
171,27,23,12.129
172,320,266,18.166
173,302,228,20.722
174,320,255,17.593
175,320,279,16.759
176,2,2,11.777
177,320,275,16.111
178,320,267,12.759
179,40,30,14.629
180,320,259,17.722
181,303,232,16.296
182,320,258,17.685
183,320,269,19.889
184,11,10,11.352
185,320,291,20.093
186,320,276,16.945
187,39,32,14.741
188,320,255,16.556
189,311,231,18.000
190,320,253,19.129
191,320,262,19.315
192,36,27,15.444
193,320,274,25.518
194,320,276,18.982
195,42,38,13.944
196,320,256,19.426
197,290,228,25.982
198,320,265,18.703
199,320,271,20.333
200,32,28,13.834
201,320,269,21.611
202,320,284,22.222
203,32,25,15.611
204,320,241,20.148
205,295,245,15.981
206,320,275,16.777
207,320,281,17.296
208,40,32,12.222
209,320,265,20.537
210,320,270,22.092
211,40,29,14.963
212,320,236,19.000
213,308,247,18.148
214,320,255,19.815
215,320,275,16.093
216,61,54,14.148
217,320,283,20.037
218,320,273,14.908
219,36,28,12.222
220,320,237,22.074
221,307,244,22.222
222,320,278,18.222
223,320,278,20.222
224,44,37,14.185
225,320,272,18.185
226,320,284,17.481
227,40,32,14.037
228,320,245,20.481
229,320,260,19.018
230,5,3,12.445
231,320,281,19.648
232,320,276,17.703
233,53,46,16.407
234,320,289,19.741
235,320,277,19.815
236,39,33,16.834
237,320,257,20.852
238,319,258,20.093
239,320,271,21.945
240,320,279,20.889
241,59,53,13.704
242,320,269,25.426
243,320,271,19.537
244,69,61,13.037
245,320,265,20.926
246,320,258,4123.447
247,2,1,29.000
248,320,259,48.796
249,320,274,31.167
250,50,42,21.407
251,320,274,25.092
252,320,281,27.093
253,72,64,20.963
254,320,268,27.018
255,320,228,25.277
256,17,10,19.426
257,320,263,26.833
258,320,278,21.852
259,45,38,20.333
260,320,291,16.482
261,320,282,29.797
262,67,59,22.723
263,320,272,24.666
264,320,256,25.815
265,22,17,87.741
266,320,263,69.444
267,320,279,25.592
268,31,27,13.740
269,320,290,17.037
270,320,282,14.129
271,74,64,12.445
272,320,284,14.963
273,320,265,17.889
274,19,13,13.685
275,320,264,17.074
276,320,259,14.833
277,34,30,11.592
278,320,279,15.277
279,320,294,17.111
280,72,61,11.389
281,320,288,13.722
282,320,272,15.685
283,53,46,8.592
284,320,260,14.333
285,320,263,13.870
286,16,13,10.741
287,320,289,13.759
288,320,282,16.203
289,79,67,13.296
290,320,273,19.352
291,320,288,23.296
292,64,54,17.593
293,320,265,25.000
294,320,272,24.482
295,19,18,17.519
296,320,276,21.722
297,320,286,20.185
298,76,66,15.407
299,320,281,19.740
300,320,283,18.482
301,69,61,16.018
302,320,278,22.037
303,320,262,24.648
304,8,7,15.463
305,320,269,24.852
306,320,277,21.629
307,59,50,14.259
308,320,286,22.908
309,320,277,20.778
310,93,81,16.833
311,320,272,23.352
312,320,263,24.166
313,36,29,19.741
314,320,281,21.833
315,320,278,22.074
316,36,30,11.019
317,320,298,16.722
318,320,288,22.630
319,86,77,19.888
320,320,282,22.259
321,320,274,23.944
322,57,47,13.555
323,320,270,25.111
324,320,270,25.074
325,27,23,18.277
326,320,276,19.703
327,320,287,19.185
328,95,84,20.648
329,320,275,23.500
330,320,286,24.259
331,65,57,20.129
332,320,266,18.463
333,320,262,25.092
334,32,27,11.889
335,320,276,23.648
336,320,276,20.074
337,79,69,12.333
338,320,286,14.741
339,320,286,17.222
340,84,68,9.574
341,320,276,13.518
342,320,270,20.445
343,39,33,13.797
344,320,277,24.463
345,320,271,21.018
346,58,44,16.445
347,320,286,17.630
348,320,285,17.167
349,107,86,17.296
350,320,291,18.500
351,320,271,17.963
352,70,55,13.815
353,320,263,21.056
354,320,283,17.648
355,31,29,14.797
356,320,279,19.445
357,320,286,20.666
358,106,99,14.778
359,320,289,21.333
360,320,289,16.704
361,71,65,12.833
362,320,281,16.129
363,320,261,17.500
364,34,27,12.518
365,320,284,17.222
366,320,277,17.667
367,72,64,14.426
368,320,295,16.666
369,320,277,16.629
370,95,87,17.314
371,320,286,20.908
372,320,277,16.296
373,70,64,13.185
374,320,264,18.093
375,320,276,17.445
376,44,39,10.277
377,320,287,14.074
378,320,280,15.481
379,110,91,10.314
380,320,285,14.148
381,320,289,13.778
382,80,70,11.130
383,320,277,16.018
384,320,253,15.593
385,46,40,11.574
386,320,286,14.444
387,320,284,16.425
388,89,79,12.704
389,320,285,15.259
390,320,277,15.463
391,98,86,10.667
392,320,280,13.445
393,320,277,16.018
394,78,61,8.963
395,320,271,13.833
396,320,285,13.889
397,39,36,10.833
398,320,295,63.573
399,320,283,33.852
400,109,92,24.518
401,320,285,27.241
402,320,282,22.963
403,91,79,19.426
404,320,277,27.092
405,320,266,27.982
406,41,35,17.593
407,320,273,24.407
408,320,289,22.648
409,91,88,17.592
410,320,289,20.778
411,320,274,19.130
412,114,98,18.203
413,320,280,21.018
414,320,294,19.222
415,84,72,13.277
416,320,255,18.500
417,320,273,16.685
418,53,47,14.056
419,320,275,17.574
420,320,288,16.055
421,122,110,13.667
422,320,290,15.555
423,320,291,16.055
424,89,75,12.852
425,320,279,17.981
426,320,245,18.982
427,55,46,12.481
428,320,281,20.370
429,320,278,16.796
430,81,72,12.000
431,320,283,19.148
432,320,284,16.111
433,114,101,18.074
434,320,281,17.037
435,320,279,15.370
436,107,96,12.074
437,320,266,13.981
438,320,282,13.888
439,33,29,9.519
440,320,284,17.704
441,320,289,20.407
442,111,101,11.796
443,320,296,16.611
444,320,292,14.889
445,102,93,10.537
446,320,290,16.167
447,320,278,14.111
448,70,63,11.204
449,320,273,14.500
450,320,277,12.482
451,67,63,10.408
452,320,288,12.981
453,320,290,15.519
454,119,107,14.055
455,320,273,13.555
456,320,280,14.815
457,107,94,13.129
458,320,285,17.185
459,320,258,14.537
460,38,34,10.722
461,320,280,14.908
462,320,279,14.685
463,102,90,11.630
464,320,294,15.740
465,320,287,13.649
466,118,102,13.518
467,320,285,13.796
468,320,293,12.556
469,104,86,10.611
470,320,253,14.870
471,320,287,12.537
472,43,40,8.296
473,320,283,12.203
474,320,295,13.907
475,128,112,11.463
476,320,280,12.259
477,320,272,13.408
478,118,104,11.482
479,320,290,13.630
480,320,293,11.481
481,70,59,8.926
482,320,269,26.166
483,320,280,11.722
484,74,66,8.981
485,320,286,11.277
486,320,294,10.111
487,127,115,8.296
488,320,267,11.352
489,320,293,12.592
490,108,95,10.926
491,320,289,11.222
492,320,262,14.537
493,41,37,7.667
494,320,274,10.037
495,320,294,11.796
496,94,85,8.611
497,320,291,13.500
498,320,279,13.277
499,129,108,10.500
500,320,285,12.778
501,320,287,13.407
502,116,100,12.167
503,320,259,12.352
504,320,273,12.426
505,44,35,10.777
506,320,288,13.296
507,320,282,13.944
508,119,110,10.833
509,320,281,16.037
510,320,290,14.019
511,125,109,8.203
512,320,286,14.185
513,320,277,21.222
514,100,85,11.908
515,320,268,18.074
516,320,286,15.370
517,58,54,11.129
518,320,289,17.203
519,320,292,11.277
520,128,114,12.277
521,320,285,17.129
522,320,278,18.167
523,111,104,11.240
524,320,290,14.537
525,320,266,19.593
526,66,51,12.240
527,320,265,12.519
528,320,282,14.445
529,88,81,9.796
530,320,278,14.204
531,320,289,16.055
532,138,127,11.444
533,320,296,14.833
534,320,285,12.704
535,119,106,7.407
536,320,275,13.018
537,320,253,14.037
538,47,35,12.371
539,320,272,14.426
540,320,274,14.630
541,109,98,12.833
542,320,293,12.555
543,320,289,14.426
544,133,121,10.778
545,320,288,17.334
546,320,293,16.278
547,109,93,10.704
548,320,272,10.574
549,320,268,21.463
550,48,42,16.222
551,320,287,22.389
552,320,285,27.574
553,110,96,23.704
554,320,295,23.926
555,320,271,32.259
556,124,113,26.129
557,320,295,26.981
558,320,281,15.574
559,100,88,22.500
560,320,277,26.351
561,320,268,27.741
562,58,47,19.778
563,320,281,31.870
564,320,267,32.667
565,142,131,22.240
566,320,291,25.389
567,320,290,25.797
568,115,103,20.759
569,320,290,17.926
570,320,270,26.500
571,94,75,24.037
572,320,278,61.611
573,320,286,27.796
574,63,54,20.722
575,320,281,26.981
576,320,285,27.185
577,140,127,19.797
578,320,280,27.685
579,320,280,18.389
580,126,108,21.777
581,320,289,22.259
582,320,260,25.815
583,71,63,19.296
584,320,274,28.518
585,320,275,25.037
586,88,80,22.444
587,320,286,25.426
588,320,292,23.963
589,146,125,12.444
590,320,280,23.352
591,320,293,27.259
592,124,113,16.296
593,320,271,23.204
594,320,270,24.926
595,45,40,14.111
596,320,283,25.388
597,320,291,24.778
598,103,92,21.408
599,320,293,14.907
600,320,296,22.037
601,131,116,21.371
602,320,283,22.093
603,320,284,21.537
604,128,114,17.797
605,320,267,23.019
606,320,264,23.518
607,47,43,16.093
608,320,275,20.482
609,320,287,19.166
610,113,100,17.945
611,320,297,22.129
612,320,286,24.056
613,129,120,17.666
614,320,298,24.444
615,320,301,21.148
616,104,94,21.333
617,320,269,23.463
618,320,275,24.871
619,53,52,9.129
620,320,291,22.426
621,320,292,18.167
622,128,119,23.371
623,320,294,21.407
624,320,285,24.944
625,130,110,21.018
626,320,288,21.815
627,320,267,22.703
628,97,81,21.777
629,320,264,24.482
630,320,278,25.944
631,70,61,18.185
632,320,288,23.482
633,320,293,23.648
634,139,129,18.741
635,320,285,29.778
636,320,294,24.852
637,128,110,20.703
638,320,289,27.722
639,320,264,23.185
640,85,76,18.685
641,320,272,28.722
642,320,284,143.388
643,78,68,14.481
644,320,289,15.149
645,320,292,13.519
646,141,124,8.871
647,320,290,11.741
648,320,292,11.815
649,133,119,10.815
650,320,276,13.241
651,320,272,13.759
652,73,67,6.371
653,320,278,12.667
654,320,290,10.092
655,94,81,8.296
656,320,297,11.667
657,320,298,12.056
658,134,123,9.056
659,320,292,13.926
660,320,294,10.500
661,127,117,9.574
662,320,274,10.759
663,320,279,11.592
664,53,45,7.371
665,320,280,10.518
666,320,289,9.722
667,103,93,6.814
668,320,302,11.186
669,320,285,12.018
670,146,127,8.519
671,320,292,17.352
672,320,296,11.648
673,123,108,15.315
674,320,278,23.388
675,320,275,17.056
676,56,44,13.463
677,320,277,19.315
678,320,292,17.778
679,118,104,14.759
680,320,296,18.296
681,320,286,22.352
682,145,132,13.908
683,320,293,17.870
684,320,288,27.648
685,126,113,21.907
686,320,272,23.741
687,320,269,23.518
688,63,58,15.056
689,320,282,23.593
690,320,292,21.740
691,117,103,18.296
692,320,288,13.944
693,320,285,24.018
694,149,130,21.444
695,320,300,24.314
696,320,286,20.574
697,127,114,16.018
698,320,273,24.074
699,320,274,21.760
700,54,43,18.963
701,320,291,19.371
702,320,295,19.352
703,124,114,20.722
704,320,299,24.519
705,320,293,27.185
706,132,122,21.278
707,320,288,19.518
708,320,283,27.111
709,124,111,17.130
710,320,282,20.555
711,320,271,15.760
712,66,61,14.759
713,320,290,22.093
714,320,284,24.963
715,132,119,17.778
716,320,294,22.648
717,320,284,21.852
718,143,125,17.797
719,320,295,66.036
720,320,287,115.462
721,122,111,25.148
722,320,276,24.518
723,320,274,27.944
724,71,62,18.370
725,320,273,26.352
726,320,296,22.889
727,134,118,21.981
728,320,294,30.333
729,320,283,27.296
730,143,133,13.833
731,320,295,18.000
732,320,292,16.222
733,116,105,13.407
734,320,276,17.222
735,320,265,16.907
736,66,54,10.556
737,320,289,18.722
738,320,296,14.093
739,131,117,12.685
740,320,290,15.871
741,320,287,12.148
742,144,129,10.852
743,320,303,11.463
744,320,276,13.000
745,118,105,9.260
746,320,272,12.667
747,320,273,9.945
748,79,63,8.074
749,320,272,10.481
750,320,282,11.870
751,138,126,8.130
752,320,297,11.871
753,320,297,15.315
754,143,130,12.241
755,320,290,12.000
756,320,289,13.223
757,122,107,8.888
758,320,270,12.278
759,320,273,11.407
760,65,54,6.944
761,320,291,11.111
762,320,282,10.851
763,132,119,8.389
764,320,297,10.981
765,320,286,12.167
766,145,132,8.371
767,320,288,10.130
768,320,285,11.407
769,127,109,8.315
770,320,280,9.815
771,320,264,10.648
772,74,65,6.667
773,320,284,11.037
774,320,283,10.315
775,130,125,7.352
776,320,293,9.815
777,320,286,11.777
778,149,134,9.445
779,320,292,11.629
780,320,289,12.870
781,132,119,9.259
782,320,278,11.944
783,320,265,10.204
784,76,65,6.241
785,320,292,9.130
786,320,297,9.278
787,122,112,7.259
788,320,305,9.648
789,320,294,10.667
790,143,136,8.352
791,320,294,10.314
792,320,292,9.630
793,129,119,7.018
794,320,270,10.760
795,320,290,9.648
796,71,64,7.371
797,320,279,10.537
798,320,287,9.296
799,134,120,7.926
800,320,295,10.426
801,320,293,9.315
802,151,132,8.518
803,320,298,8.982
804,320,297,9.093
805,136,125,6.982
806,320,286,9.055
807,320,298,8.389
808,54,53,5.334
809,320,287,9.055
810,320,287,8.834
811,126,117,6.870
812,320,290,9.888
813,320,297,9.963
814,152,138,7.074
815,320,296,9.703
816,320,284,9.278
817,142,128,6.815
818,320,290,9.833
819,320,275,9.037
820,75,67,5.148
821,320,283,8.815
822,320,284,8.222
823,120,108,6.778
824,320,298,8.593
825,320,293,8.741
826,153,140,7.426
827,320,297,9.611
828,320,290,8.982
829,135,124,7.630
830,320,275,10.018
831,320,286,8.556
832,81,66,5.945
833,320,284,8.926
834,320,292,8.945
835,113,102,6.686
836,320,299,9.074
837,320,292,8.685
838,152,134,6.908
839,320,289,9.000
840,320,286,9.926
841,148,132,7.111
842,320,280,9.741
843,320,283,8.926
844,77,65,5.649
845,320,268,9.371
846,320,284,8.907
847,110,99,5.741
848,320,295,9.907
849,320,295,8.667
850,152,137,6.612
851,320,290,10.148
852,320,294,8.574
853,149,135,6.555
854,320,284,8.519
855,320,282,8.352
856,89,78,5.111
857,320,284,8.204
858,320,278,7.778
859,111,101,5.574
860,320,286,8.926
861,320,301,9.055
862,151,139,6.481
863,320,297,9.259
864,320,293,9.074
865,152,141,6.611
866,320,288,8.926
867,320,288,8.704
868,99,92,6.167
869,320,289,8.574
870,320,281,9.167
871,97,86,5.611
872,320,283,8.093
873,320,295,8.777
874,150,143,5.778
875,320,292,8.519
876,320,291,8.740
877,147,139,5.593
878,320,295,9.018
879,320,278,8.667
880,102,95,5.388
881,320,279,8.037
882,320,276,9.185
883,92,79,6.092
884,320,288,8.204
885,320,294,8.240
886,147,139,5.834
887,320,296,8.167
888,320,294,8.074
889,150,129,6.130
890,320,296,8.222
891,320,275,8.704
892,111,99,5.833
893,320,282,8.203
894,320,285,8.445
895,86,74,5.500
896,320,295,8.852
897,320,284,8.630
898,145,133,6.204
899,320,290,8.500
900,320,291,8.278
901,157,137,6.648
902,320,297,9.148
903,320,291,7.981
904,126,111,5.407
905,320,275,8.407
906,320,277,8.037
907,91,81,4.945
908,320,296,8.093
909,320,287,8.259
910,124,114,5.241
911,320,291,8.666
912,320,285,9.167
913,162,148,6.518
914,320,294,8.519
915,320,296,8.519
916,138,125,6.425
917,320,284,8.908
918,320,286,10.333
919,82,73,5.833
920,320,286,8.037
921,320,293,8.167
922,127,115,5.907
923,320,293,8.296
924,320,302,8.389
925,157,139,6.704
926,320,291,9.778
927,320,298,8.537
928,149,134,6.537
929,320,279,9.389
930,320,265,8.629
931,97,78,6.222
932,320,276,8.722
933,320,287,8.371
934,117,109,5.000
935,320,288,9.296
936,320,292,8.537
937,161,145,6.314
938,320,290,8.037
939,320,296,8.278
940,154,140,6.296
941,320,288,7.574
942,320,268,8.796
943,103,87,5.185
944,320,280,9.667
945,320,276,8.926
946,110,94,6.407
947,320,287,8.611
948,320,286,8.926
949,157,142,6.463
950,320,296,7.945
951,320,286,7.834
952,157,136,5.667
953,320,292,8.352
954,320,276,8.482
955,121,103,5.611
956,320,267,7.982
957,320,283,7.852
958,96,82,5.963
959,320,283,9.241
960,320,286,8.093
961,145,135,6.574
962,320,290,8.482
963,320,284,9.426
964,167,154,6.574
965,320,297,8.649
966,320,283,8.889
967,137,122,5.815
968,320,271,8.556
969,320,298,8.259
970,97,87,6.722
971,320,285,7.852
972,320,294,7.963
973,122,114,5.704
974,320,298,8.352
975,320,296,8.111
976,159,147,6.666
977,320,291,8.982
978,320,292,8.555
979,144,131,7.240
980,320,286,8.871
981,320,288,7.593
982,93,82,5.111
983,320,291,8.111
984,320,290,7.871
985,113,106,5.703
986,320,292,8.537
987,320,289,8.019
988,164,151,6.037
989,320,297,8.240
990,320,296,8.518
991,156,144,6.148
992,320,288,8.314
993,320,289,8.167
994,89,77,5.704
995,320,275,7.759
996,320,283,8.019
997,106,92,5.648
998,320,288,7.778
999,320,291,8.018
1000,157,140,6.037
1001,320,287,9.149
1002,320,304,9.388
1003,153,146,6.370
1004,320,288,8.426
1005,320,290,8.796
1006,111,93,5.759
1007,320,276,13.112
1008,320,281,9.630
1009,99,97,5.204
1010,320,284,8.797
1011,320,294,8.148
1012,152,134,6.814
1013,320,294,8.482
1014,320,294,9.037
1015,163,153,7.277
1016,320,306,8.315
1017,320,290,9.204
1018,124,111,5.963
1019,320,283,8.333
1020,320,286,8.315
1021,98,82,5.834
1022,320,284,8.445
1023,320,299,8.963
1024,136,121,6.685
1025,320,290,10.314
1026,320,296,9.407
1027,171,151,6.833
1028,320,287,9.944
1029,320,294,8.130
1030,145,122,6.703
1031,320,284,8.500
1032,320,282,8.667
1033,93,82,5.241
1034,320,283,9.315
1035,320,287,7.815
1036,127,111,5.260
1037,320,284,7.871
1038,320,294,8.037
1039,161,145,6.222
1040,320,286,8.074
1041,320,295,8.241
1042,159,147,5.648
1043,320,289,8.797
1044,320,290,7.407
1045,100,92,4.593
1046,320,278,8.037
1047,320,288,7.055
1048,114,100,5.370
1049,320,292,7.852
1050,320,298,7.481
1051,154,145,6.074
1052,320,301,8.648
1053,320,296,7.982
1054,160,145,5.611
1055,320,285,7.833
1056,320,287,7.908
1057,121,113,5.204
1058,320,282,7.611
1059,320,288,6.852
1060,96,81,5.223
1061,320,293,7.592
1062,320,300,7.093
1063,147,134,5.407
1064,320,305,6.852
1065,320,292,8.778
1066,164,146,5.352
1067,320,294,8.166
1068,320,282,8.240
1069,134,120,5.926
1070,320,285,8.018
1071,320,275,8.889
1072,97,86,5.111
1073,320,286,7.185
1074,320,300,7.074
1075,133,118,5.741
1076,320,293,8.463
1077,320,295,7.722
1078,162,149,6.092
1079,320,296,8.370
1080,320,292,9.149
1081,149,136,6.222
1082,320,279,8.240
1083,320,279,7.704
1084,101,91,4.500
1085,320,285,7.352
1086,320,291,8.148
1087,122,115,5.796
1088,320,294,8.241
1089,320,294,9.629
1090,160,144,7.259
1091,320,303,10.000
1092,320,302,9.703
1093,157,143,8.630
1094,320,281,10.556
1095,320,275,9.611
1096,110,102,6.741
1097,320,285,8.704
1098,320,275,10.555
1099,113,97,6.426
1100,320,295,8.722
1101,320,297,10.278
1102,152,136,6.704
1103,320,284,10.851
1104,320,292,10.352
1105,161,151,9.833
1106,320,294,10.148
1107,320,297,9.240
1108,122,108,7.408
1109,320,294,10.055
1110,320,271,9.759
1111,99,82,8.093
1112,320,286,9.019
1113,320,303,11.482
1114,142,125,6.148
1115,320,288,8.815
1116,320,294,8.370
1117,163,156,7.297
1118,320,300,9.593
1119,320,293,9.722
1120,142,138,532.591
1121,320,290,14.334
1122,320,285,13.426
1123,106,91,9.185
1124,320,290,11.093
1125,320,286,10.278
1126,130,112,9.166
1127,320,298,10.611
1128,320,292,11.148
1129,163,148,9.074
1130,320,298,11.018
1131,320,290,10.352
1132,163,144,8.408
1133,320,280,10.111
1134,320,278,10.352
1135,113,103,6.500
1136,320,288,9.667
1137,320,282,9.963
1138,115,110,6.907
1139,320,298,8.500
1140,320,302,9.815
1141,154,140,7.611
1142,320,295,9.629
1143,320,293,9.851
1144,164,155,8.407
1145,320,299,9.871
1146,320,289,9.278
1147,129,114,6.834
1148,320,277,9.574
1149,320,279,9.111
1150,109,95,6.111
1151,320,282,9.815
1152,320,293,8.407
1153,148,133,7.074
1154,320,295,9.260
1155,320,300,8.889
1156,163,148,7.000
1157,320,302,9.389
1158,320,281,8.555
1159,152,139,6.722
1160,320,287,8.777
1161,320,277,8.259
1162,109,93,5.926
1163,320,277,8.629
1164,320,288,8.444
1165,127,116,5.407
1166,320,296,7.888
1167,320,297,8.112
1168,163,147,6.092
1169,320,294,8.074
1170,320,298,8.167
1171,170,159,6.426
1172,320,293,7.907
1173,320,279,8.593
1174,117,100,5.444
1175,320,285,8.000
1176,320,285,8.186
1177,112,98,4.908
1178,320,293,7.667
1179,320,294,7.407
1180,152,144,5.945
1181,320,298,7.574
1182,320,292,7.907
1183,167,154,5.963
1184,320,298,8.278
1185,320,294,7.833
1186,134,122,6.000
1187,320,290,7.685
1188,320,280,8.074
1189,102,91,4.815
1190,320,292,7.407
1191,320,289,7.537
1192,139,127,5.574
1193,320,294,8.111
1194,320,300,7.759
1195,165,153,6.185
1196,320,292,8.037
1197,320,298,7.871
1198,165,151,12.611
1199,320,286,11.500
1200,320,279,11.296
1201,117,100,7.537
1202,320,281,10.537
1203,320,278,9.963
1204,125,111,7.574
1205,320,297,9.982
1206,320,285,10.241
1207,160,145,8.018
1208,320,291,10.000
1209,320,299,9.204
1210,171,160,7.648
1211,320,296,9.500
1212,320,290,9.352
1213,137,110,7.685
1214,320,273,9.574
1215,320,294,9.778
1216,113,104,6.666
1217,320,295,9.575
1218,320,285,9.537
1219,149,132,7.111
1220,320,291,9.407
1221,320,299,9.611
1222,161,146,7.278
1223,320,298,9.018
1224,320,297,9.241
1225,159,139,7.352
1226,320,282,9.296
1227,320,280,9.352
1228,110,96,6.074
1229,320,282,7.870
1230,320,283,7.926
1231,128,111,5.704
1232,320,287,7.888
1233,320,290,8.407
1234,165,156,6.241
1235,320,299,8.408
1236,320,296,8.444
1237,165,155,6.296
1238,320,293,8.723
1239,320,290,7.982
1240,129,119,6.019
1241,320,283,8.666
1242,320,277,8.481
1243,114,100,5.296
1244,320,289,7.870
1245,320,300,7.703
1246,149,144,5.778
1247,320,300,7.870
1248,320,293,8.222
1249,169,159,6.500
1250,320,285,8.444
1251,320,287,8.093
1252,151,136,6.111
1253,320,278,8.277
1254,320,285,7.648
1255,117,109,5.592
1256,320,283,8.351
1257,320,297,8.000
1258,133,119,6.166
1259,320,283,8.112
1260,320,297,7.703
1261,164,157,6.204
1262,320,303,8.148
1263,320,300,7.982
1264,162,144,6.000
1265,320,290,8.018
1266,320,282,7.870
1267,119,106,6.019
1268,320,271,8.278
1269,320,283,8.482
1270,126,108,5.444
1271,320,284,7.852
1272,320,284,7.629
1273,157,145,527.165
1274,320,293,10.481
1275,320,293,9.371
1276,165,157,7.500
1277,320,291,10.296
1278,320,286,9.907
1279,150,137,7.037
1280,320,290,10.278
1281,320,281,9.426
1282,117,106,6.315
1283,320,286,8.981
1284,320,289,9.222
1285,134,121,6.833
1286,320,291,9.167
1287,320,299,9.000
1288,170,158,7.500
1289,320,293,8.611
1290,320,306,10.741
1291,171,163,8.019
1292,320,287,9.389
1293,320,285,8.982
1294,125,111,7.944
1295,320,277,8.982
1296,320,285,9.037
1297,126,119,6.630
1298,320,296,9.037
1299,320,296,9.426
1300,154,138,7.315
1301,320,291,9.000
1302,320,302,9.166
1303,170,159,6.963
1304,320,294,9.167
1305,320,293,9.907
1306,153,134,6.870
1307,320,288,9.389
1308,320,285,8.889
1309,115,101,6.592
1310,320,282,8.648
1311,320,288,8.593
1312,136,129,6.352
1313,320,296,8.037
1314,320,293,8.167
1315,172,156,6.815
1316,320,301,8.630
1317,320,289,8.352
1318,167,151,6.537
1319,320,281,8.500
1320,320,279,8.648
1321,133,121,5.741
1322,320,289,8.426
1323,320,285,9.111
1324,123,110,6.075
1325,320,283,8.426
1326,320,294,8.185
1327,153,137,6.481
1328,320,292,8.314
1329,320,300,8.352
1330,169,154,6.926
1331,320,301,8.167
1332,320,300,8.222
1333,153,140,6.444
1334,320,287,8.870
1335,320,283,8.297
1336,121,108,5.926
1337,320,293,8.926
1338,320,287,9.833
1339,132,119,49.148
1340,320,301,11.611
1341,320,297,8.833
1342,167,158,8.315
1343,320,300,10.667
1344,320,305,43.519
1345,167,155,7.112
1346,320,293,10.408
1347,320,285,10.315
1348,124,114,6.889
1349,320,285,13.685
1350,320,294,12.463
1351,116,105,9.630
1352,320,287,30.222
1353,320,301,11.778
1354,147,142,8.000
1355,320,290,32.481
1356,320,294,9.630
1357,174,158,8.444
1358,320,293,9.167
1359,320,298,8.222
1360,146,132,8.945
1361,320,282,9.611
1362,320,294,8.519
1363,109,104,5.593
1364,320,285,9.425
1365,320,287,8.130
1366,137,120,7.037
1367,320,294,8.629
1368,320,286,8.574
1369,172,155,8.519
1370,320,298,10.129
1371,320,299,8.926
1372,166,151,7.537
1373,320,287,8.334
1374,320,286,8.444
1375,131,123,6.556
1376,320,302,7.778
1377,320,293,8.426
1378,118,108,5.444
1379,320,286,8.093
1380,320,294,7.963
1381,160,152,6.518
1382,320,302,8.500
1383,320,292,9.185
1384,171,158,5.963
1385,320,292,7.593
1386,320,295,8.333
1387,142,129,6.389
1388,320,301,7.926
1389,320,289,8.407
1390,106,93,5.481
1391,320,296,7.704
1392,320,304,8.389
1393,137,125,5.778
1394,320,300,8.352
1395,320,294,21.315
1396,170,153,7.334
1397,320,290,10.037
1398,320,304,9.574
1399,165,155,8.556
1400,320,280,9.315
1401,320,290,8.741
1402,124,112,6.611
1403,320,289,8.760
1404,320,282,8.666
1405,128,116,7.259
1406,320,294,9.315
1407,320,292,9.037
1408,160,149,7.426
1409,320,291,9.426
1410,320,308,8.500
1411,172,164,7.741
1412,320,301,11.296
1413,320,284,11.240
1414,140,128,8.333
1415,320,285,9.981
1416,320,290,27.815
1417,125,114,11.833
1418,320,291,52.999
1419,320,285,12.593
1420,140,123,9.611
1421,320,288,13.204
1422,320,290,14.240
1423,177,152,12.444
1424,320,296,13.481
1425,320,290,11.704
1426,172,156,10.463
1427,320,280,10.759
1428,320,283,10.926
1429,124,112,6.629
1430,320,288,9.315
1431,320,290,11.981
1432,129,122,7.315
1433,320,291,9.111
1434,320,289,12.537
1435,153,143,6.704
1436,320,295,9.722
1437,320,301,9.315
1438,171,157,7.889
1439,320,291,8.666
1440,320,289,8.741
1441,147,138,6.555
1442,320,293,8.315
1443,320,285,9.463
1444,122,109,8.759
1445,320,279,9.593
1446,320,281,9.296
1447,152,137,7.426
1448,320,301,8.982
1449,320,302,9.797
1450,169,157,7.222
1451,320,297,9.167
1452,320,303,11.037
1453,170,154,8.092
1454,320,289,10.277
1455,320,283,10.277
1456,129,115,9.241
1457,320,291,11.370
1458,320,279,11.556
1459,126,118,9.482
1460,320,287,12.241
1461,320,286,12.482
1462,158,145,8.963
1463,320,296,11.037
1464,320,299,9.185
1465,176,164,7.963
1466,320,293,10.944
1467,320,289,12.481
1468,160,144,7.944
1469,320,287,13.722
1470,320,290,10.389
1471,127,114,9.926
1472,320,289,10.777
1473,320,291,11.204
1474,133,122,8.315
1475,320,284,32.704
1476,320,294,13.148
1477,162,148,8.056
1478,320,304,10.444
1479,320,303,10.814
1480,176,165,8.889
1481,320,296,10.945
1482,320,299,9.240
1483,127,111,7.907
1484,320,286,11.000
1485,320,288,14.222
1486,129,123,8.370
1487,320,284,10.722
1488,320,288,11.722
1489,156,147,8.741
1490,320,295,12.407
1491,320,299,10.407
1492,171,159,10.500
1493,320,295,10.407
1494,320,296,162.018
1495,160,143,16.666
1496,320,295,13.666
1497,320,297,12.111
1498,124,110,8.908
1499,320,281,12.185
1500,320,298,13.259
1501,136,121,9.666
1502,320,294,11.944
1503,320,294,12.407
1504,161,149,10.740
1505,320,288,11.000
1506,320,302,12.333
1507,179,166,10.796
1508,320,290,12.963
1509,320,283,14.222
1510,143,133,10.148
1511,320,288,10.704
1512,320,283,12.556
1513,126,110,7.277
1514,320,291,8.926
1515,320,293,10.445
1516,143,133,7.019
1517,320,295,9.481
1518,320,295,9.630
1519,175,163,49.203
1520,320,291,12.611
1521,320,300,10.685
1522,173,159,11.241
1523,320,287,12.166
1524,320,283,11.463
1525,130,116,7.908
1526,320,280,11.074
1527,320,282,10.148
1528,139,120,7.982
1529,320,290,11.741
1530,320,284,11.963
1531,157,148,10.185
1532,320,290,10.315
1533,320,296,10.611
1534,178,162,9.556
1535,320,291,10.852
1536,320,287,10.852
1537,158,144,9.000
1538,320,294,9.667
1539,320,287,11.278
1540,124,112,9.093
1541,320,281,13.111
1542,320,300,11.203
1543,146,130,9.592
1544,320,275,11.648
1545,320,287,11.648
1546,172,158,8.203
1547,320,287,11.815
1548,320,283,12.759
1549,180,166,9.981
1550,320,284,11.797
1551,320,290,9.593
1552,143,122,8.185
1553,320,275,12.537
1554,320,290,10.111
1555,129,117,7.370
1556,320,282,9.204
1557,320,286,9.814
1558,154,139,7.056
1559,320,298,8.482
1560,320,297,9.685
1561,175,163,8.241
1562,320,296,8.833
1563,320,304,8.593
1564,170,158,7.185
1565,320,290,10.019
1566,320,289,8.889
1567,129,123,6.297
1568,320,283,9.426
1569,320,303,8.889
1570,132,121,7.222
1571,320,286,9.834
1572,320,289,9.629
1573,165,158,7.463
1574,320,304,8.611
1575,320,299,9.351
1576,172,163,7.314
1577,320,294,8.926
1578,320,298,8.889
1579,153,138,6.518
1580,320,294,9.037
1581,320,286,9.518
1582,131,122,5.944
1583,320,295,7.981
1584,320,292,8.555
1585,142,133,6.759
1586,320,295,8.648
1587,320,307,24.871
1588,170,154,6.204
1589,320,296,9.019
1590,320,299,9.518
1591,175,162,7.074
1592,320,290,8.685
1593,320,286,9.482
1594,133,122,6.500
1595,320,288,7.981
1596,320,290,9.111
1597,136,116,6.482
1598,320,284,8.240
1599,320,285,10.093
1600,157,144,6.815
1601,320,288,9.611
1602,320,291,9.611
1603,175,165,6.592
1604,320,297,9.592
1605,320,299,8.796
1606,165,149,7.204
1607,320,281,8.667
1608,320,284,8.778
1609,142,124,6.222
1610,320,280,8.462
1611,320,286,8.482
1612,133,123,6.297
1613,320,284,8.555
1614,320,293,8.556
1615,162,144,6.148
1616,320,295,7.722
1617,320,295,9.074
1618,180,164,7.334
1619,320,298,8.500
1620,320,290,8.889
1621,155,133,6.056
1622,320,283,8.481
1623,320,291,8.241
1624,135,124,5.703
1625,320,289,20.629
1626,320,295,10.834
1627,145,131,6.907
1628,320,288,7.926
1629,320,296,8.389
1630,169,163,5.722
1631,320,296,8.371
1632,320,298,7.537
1633,174,163,6.686
1634,320,297,8.167
1635,320,294,7.722
1636,130,116,5.833
1637,320,293,7.851
1638,320,285,8.407
1639,137,124,5.537
1640,320,284,7.499
1641,320,296,8.277
1642,155,141,6.315
1643,320,300,7.000
1644,320,297,8.425
1645,175,161,5.871
1646,320,296,8.203
1647,320,289,7.240
1648,173,151,5.388
1649,320,295,8.537
1650,320,290,7.962
1651,135,113,5.000
1652,320,289,6.703
1653,320,284,8.203
1654,136,128,5.685
1655,320,284,6.685
1656,320,293,8.278
1657,164,148,5.370
1658,320,300,6.778
1659,320,302,8.389
1660,181,169,6.611
1661,320,295,9.000
1662,320,290,7.907
1663,152,144,6.333
1664,320,290,8.944
1665,320,286,8.315
1666,134,117,13.111
1667,320,290,7.704
1668,320,301,6.889
1669,147,134,5.444
1670,320,286,7.148
1671,320,291,8.278
1672,177,163,6.611
1673,320,293,8.574
1674,320,300,7.963
1675,178,162,6.629
1676,320,294,7.389
1677,320,280,9.111
1678,138,120,5.870
1679,320,294,7.630
1680,320,291,7.444
1681,141,124,5.796
1682,320,295,7.333
1683,320,292,7.537
1684,149,132,5.166
1685,320,301,7.481
1686,320,304,8.203
1687,177,163,6.556
1688,320,290,8.426
1689,320,296,7.907
1690,170,153,6.314
1691,320,297,7.629
1692,320,281,9.093
1693,137,123,6.426
1694,320,285,7.629
1695,320,296,8.204
1696,136,124,5.463
1697,320,289,7.130
1698,320,300,6.945
1699,163,150,5.556
1700,320,294,7.426
1701,320,295,7.667
1702,179,170,5.166
1703,320,297,6.833
1704,320,286,7.166
1705,156,146,4.852
1706,320,292,8.093
1707,320,284,7.037
1708,135,125,4.852
1709,320,283,7.760
1710,320,289,7.000
1711,152,142,4.592
1712,320,294,7.055
1713,320,300,6.889
1714,165,158,4.834
1715,320,308,7.296
1716,320,308,6.612
1717,173,162,5.352
1718,320,295,7.055
1719,320,288,6.833
1720,145,132,4.759
1721,320,292,7.537
1722,320,289,7.240
1723,138,126,4.408
1724,320,285,7.296
1725,320,284,6.722
1726,155,137,4.833
1727,320,293,7.926
1728,320,298,8.981
1729,176,164,5.907
1730,320,291,7.982
1731,320,294,7.704
1732,178,157,5.426
1733,320,284,7.167
1734,320,288,7.204
1735,138,126,5.852
1736,320,293,7.500
1737,320,289,7.426
1738,134,122,5.166
1739,320,294,6.666
1740,320,297,6.722
1741,161,146,5.018
1742,320,293,7.371
1743,320,292,7.889
1744,186,174,5.648
1745,320,297,8.241
1746,320,289,8.648
1747,159,146,4.926
1748,320,298,7.074
1749,320,280,6.649
1750,140,133,5.519
1751,320,295,7.241
1752,320,295,14.482
1753,136,124,6.444
1754,320,298,6.722
1755,320,294,7.074
1756,170,162,4.908
1757,320,298,8.037
1758,320,293,7.741
1759,179,160,5.333
1760,320,289,7.111
1761,320,275,8.093
1762,150,135,5.371
1763,320,284,6.833
1764,320,279,6.778
1765,138,115,4.538
1766,320,291,7.834
1767,320,290,7.963
1768,153,132,5.685
1769,320,294,7.926
1770,320,298,7.759
1771,174,159,5.130
1772,320,289,7.018
1773,320,298,7.334
1774,176,157,6.055
1775,320,287,6.889
1776,320,281,7.222
1777,142,125,4.797
1778,320,293,7.371
1779,320,286,7.555
1780,140,129,4.685
1781,320,290,6.778
1782,320,302,6.759
1783,159,151,5.204
1784,320,289,7.463
1785,320,296,7.814
1786,178,165,5.185
1787,320,296,8.334
1788,320,286,7.481
1789,175,154,5.555
1790,320,283,7.278
1791,320,286,7.167
1792,144,133,4.481
1793,320,290,7.981
1794,320,282,6.796
1795,136,125,4.407
1796,320,298,7.519
1797,320,288,7.296
1798,161,143,4.833
1799,320,291,7.852
1800,320,296,7.482
1801,182,171,6.556
1802,320,294,8.222
1803,320,298,8.186
1804,161,148,4.871
1805,320,291,6.741
1806,320,289,6.686
1807,142,129,5.388
1808,320,297,6.851
1809,320,295,7.019
1810,137,126,4.945
1811,320,299,7.260
1812,320,297,6.482
1813,168,154,4.945
1814,320,298,7.777
1815,320,299,7.223
1816,177,159,5.315
1817,320,284,8.037
1818,320,293,7.260
1819,147,132,4.648
1820,320,290,6.797
1821,320,296,6.870
1822,134,118,4.519
1823,320,281,6.704
1824,320,302,7.037
1825,154,141,5.648
1826,320,295,6.723
1827,320,305,7.222
1828,176,170,5.666
1829,320,297,7.315
1830,320,291,7.722
1831,176,159,6.055
1832,320,283,7.722
1833,320,289,6.703
1834,142,128,4.907
1835,320,288,7.722
1836,320,291,8.315
1837,144,133,4.537
1838,320,286,6.870
1839,320,296,6.797
1840,160,143,5.703
1841,320,304,7.685
1842,320,290,6.834
1843,178,157,5.333
1844,320,297,7.000
1845,320,283,7.870
1846,168,149,5.981
1847,320,289,6.889
1848,320,283,7.630
1849,137,126,5.666
1850,320,288,6.629
1851,320,303,7.519
1852,140,121,5.889
1853,320,292,7.556
1854,320,300,6.722
1855,164,152,5.667
1856,320,293,8.185
1857,320,298,7.444
1858,187,178,5.926
1859,320,303,7.018
1860,320,288,7.389
1861,152,141,4.926
1862,320,288,7.055
1863,320,294,6.519
1864,144,134,4.500
1865,320,294,6.537
1866,320,300,7.222
1867,143,137,5.074
1868,320,302,7.167
1869,320,291,7.130
1870,173,156,5.241
1871,320,304,6.833
1872,320,301,6.833
1873,176,166,5.685
1874,320,310,6.630
1875,320,288,7.297
1876,147,132,5.055
1877,320,293,7.241
1878,320,291,7.019
1879,139,125,5.222
1880,320,294,7.204
1881,320,285,7.222
1882,158,145,5.352
1883,320,294,7.037
1884,320,293,6.796
1885,181,169,5.093
1886,320,299,6.963
1887,320,287,7.482
1888,178,164,5.185
1889,320,287,7.000
1890,320,288,7.185
1891,141,130,5.426
1892,320,288,7.537
1893,320,293,7.148
1894,146,135,5.296
1895,320,295,7.148
1896,320,294,6.519
1897,159,149,4.722
1898,320,296,7.500
1899,320,294,7.333
1900,179,171,5.241
1901,320,301,7.129
1902,320,295,7.518
1903,169,155,5.611
1904,320,290,7.352
1905,320,286,7.500
1906,150,133,5.482
1907,320,291,6.778
1908,320,283,7.278
1909,141,130,5.000
1910,320,294,6.907
1911,320,291,7.093
1912,167,152,5.518
1913,320,296,7.463
1914,320,286,8.222
1915,183,171,6.315
1916,320,297,7.833
1917,320,289,7.260
1918,164,143,5.629
1919,320,304,6.870
1920,320,287,6.722
1921,143,131,4.593
1922,320,294,7.019
1923,320,293,14.241
1924,145,131,4.611
1925,320,284,6.981
1926,320,299,7.000
1927,171,162,5.611
1928,320,301,7.092
1929,320,291,7.111
1930,179,168,5.167
1931,320,296,6.926
1932,320,281,7.296
1933,151,136,5.037
1934,320,282,6.852
1935,320,293,6.740
1936,142,123,5.222
1937,320,287,6.741
1938,320,297,6.482
1939,155,129,5.278
1940,320,288,6.629
1941,320,281,7.055
1942,176,169,5.092
1943,320,295,6.833
1944,320,298,7.148
1945,177,170,5.074
1946,320,287,6.944
1947,320,286,8.259
1948,146,129,4.629
1949,320,287,6.889
1950,320,291,6.611
1951,149,133,4.722
1952,320,281,6.703
1953,320,292,6.574
1954,160,145,4.777
1955,320,296,6.871
1956,320,305,6.518
1957,175,165,5.074
1958,320,295,6.963
1959,320,285,6.981
1960,181,156,5.444
1961,320,285,6.741
1962,320,287,6.722
1963,148,134,4.482
1964,320,291,6.685
1965,320,289,6.519
1966,146,134,4.556
1967,320,291,6.574
1968,320,293,6.611
1969,166,159,4.797
1970,320,292,6.759
1971,320,293,6.815
1972,185,165,5.296
1973,320,292,7.278
1974,320,297,6.926
1975,172,149,5.296
1976,320,281,7.037
1977,320,285,6.963
1978,149,140,4.537
1979,320,300,6.518
1980,320,290,6.648
1981,142,128,4.352
1982,320,295,6.500
1983,320,292,6.796
1984,166,157,4.852
1985,320,301,6.741
1986,320,295,6.704
1987,184,169,5.260
1988,320,299,6.889
1989,320,294,6.796
1990,156,143,4.703
1991,320,299,6.463
1992,320,291,6.593
1993,146,133,4.648
1994,320,290,6.648
1995,320,282,6.611
1996,153,139,4.592
1997,320,286,6.556
1998,320,297,6.648
1999,170,154,5.037
2000,320,306,6.519
2001,320,293,6.685
2002,185,174,5.204
2003,320,288,7.055
2004,320,293,6.814
2005,157,135,5.000
2006,320,284,6.796
2007,320,297,6.426
2008,144,137,4.500
2009,320,290,6.574
2010,320,290,6.574
2011,156,147,4.574
2012,320,287,6.741
2013,320,294,6.667
2014,171,156,11.111
2015,320,301,6.833
2016,320,296,6.815
2017,181,170,5.741
2018,320,291,7.833
2019,320,290,7.037
2020,148,131,4.870
2021,320,299,6.796
2022,320,296,6.815
2023,147,130,4.722
2024,320,292,6.722
2025,320,289,6.834
2026,161,150,4.907
2027,320,293,6.889
2028,320,296,6.833
2029,174,162,5.277
2030,320,301,7.019
2031,320,293,7.019
2032,182,165,5.445
2033,320,296,7.093
2034,320,285,7.056
2035,146,128,4.815
2036,320,296,6.777
2037,320,288,6.870
2038,147,129,4.667
2039,320,291,6.722
2040,320,287,6.815
2041,165,152,5.000
2042,320,303,7.092
2043,320,303,6.759
2044,173,163,5.111
2045,320,296,6.963
2046,320,299,7.000
2047,177,164,5.370
2048,320,288,7.093
2049,320,298,6.667
2050,144,131,4.611
2051,320,295,6.648
2052,320,290,6.722
2053,145,133,4.593
2054,320,291,6.814
2055,320,299,6.686
2056,167,155,5.018
2057,320,294,6.704
2058,320,294,7.166
2059,186,168,5.389
2060,320,303,6.963
2061,320,289,6.944
2062,166,147,5.000
2063,320,292,6.852
2064,320,292,6.612
2065,146,132,4.519
2066,320,278,6.704
2067,320,286,6.666
2068,155,144,4.611
2069,320,300,6.555
2070,320,297,6.649
2071,163,156,4.667
2072,320,299,6.648
2073,320,298,6.741
2074,184,166,5.222
2075,320,295,6.926
2076,320,297,6.667
2077,159,140,4.778
2078,320,289,6.649
2079,320,295,6.407
2080,145,137,4.352
2081,320,290,6.537
2082,320,291,6.426
2083,150,140,4.593
2084,320,298,6.500
2085,320,297,6.481
2086,167,159,4.685
2087,320,295,6.796
2088,320,297,6.593
2089,176,164,5.037
2090,320,294,7.019
2091,320,287,6.778
2092,160,141,4.833
2093,320,298,6.556
2094,320,290,6.574
2095,147,131,4.481
2096,320,290,6.518
2097,320,293,6.426
2098,161,149,4.704
2099,320,296,6.611
2100,320,289,6.574
2101,173,160,5.037
2102,320,300,14.259
2103,320,306,7.148
2104,182,169,5.185
2105,320,298,6.889
2106,320,287,6.815
2107,148,134,4.611
2108,320,294,6.518
2109,320,293,6.703
2110,140,130,4.407
2111,320,300,6.445
2112,320,299,6.463
2113,158,149,4.630
2114,320,301,6.777
2115,320,303,6.612
2116,175,164,5.037
2117,320,296,6.963
2118,320,290,7.129
2119,179,170,5.130
2120,320,280,7.111
2121,320,281,6.926
2122,152,142,4.704
2123,320,285,6.703
2124,320,284,6.723
2125,157,145,4.722
2126,320,293,6.815
2127,320,289,6.852
2128,163,154,4.796
2129,320,298,6.852
2130,320,301,6.778
2131,182,166,5.185
2132,320,293,7.222
2133,320,288,7.129
2134,177,159,5.167
2135,320,294,6.926
2136,320,297,6.703
2137,144,131,4.593
2138,320,295,6.519
2139,320,295,6.463
2140,149,133,4.629
2141,320,294,6.648
2142,320,282,6.723
2143,167,155,4.963
2144,320,298,6.704
2145,320,293,6.740
2146,182,175,5.074
2147,320,294,6.704
2148,320,296,6.888
2149,167,149,5.074
2150,320,282,6.870
2151,320,293,6.703
2152,148,134,4.648
2153,320,294,6.612
2154,320,287,6.740
2155,151,134,4.648
2156,320,290,6.759
2157,320,299,6.777
2158,169,153,5.018
2159,320,298,6.796
2160,320,304,6.666
2161,182,166,5.185
2162,320,298,6.944
2163,320,287,6.982
2164,159,146,5.056
2165,320,293,6.741
2166,320,288,6.629
2167,148,142,4.482
2168,320,287,6.814
2169,320,292,6.685
2170,152,134,4.704
2171,320,294,6.834
2172,320,285,6.926
2173,179,172,5.055
2174,320,285,6.945
2175,320,296,6.908
2176,188,173,5.185
2177,320,293,7.148
2178,320,294,7.019
2179,166,155,4.926
2180,320,291,6.815
2181,320,296,6.592
2182,164,150,4.870
2183,320,293,7.019
2184,320,297,6.796
2185,165,151,4.778
2186,320,294,6.815
2187,320,300,6.796
2188,183,166,5.203
2189,320,298,6.685
2190,320,301,6.686
2191,192,168,5.463
2192,320,297,6.926
2193,320,294,6.963
2194,180,162,5.278
2195,320,286,6.908
2196,320,296,6.889
2197,165,148,4.981
2198,320,286,6.963
2199,320,303,6.556
2200,168,150,4.926
2201,320,283,6.852
2202,320,293,6.741
2203,187,169,5.334
2204,320,293,7.167
2205,320,305,6.944
2206,195,181,5.611
2207,320,293,7.056
2208,320,287,7.296
2209,191,171,5.518
2210,320,283,7.167
2211,320,279,7.130
2212,172,152,5.130
2213,320,284,7.018
2214,320,284,6.926
2215,169,149,5.185
2216,320,282,6.907
2217,320,283,6.926
2218,186,164,5.277
2219,320,280,7.223
2220,320,283,7.074
2221,193,174,5.482
2222,320,292,7.037
2223,320,293,7.129
2224,200,178,5.704
2225,320,286,7.241
2226,320,282,7.074
2227,170,153,5.018
2228,320,280,6.907
2229,320,293,6.778
2230,176,152,5.185
2231,320,282,6.981
2232,320,286,6.926
2233,177,157,5.278
2234,320,297,6.963
2235,320,292,6.963
2236,191,174,5.426
2237,320,293,7.149
2238,320,291,6.945
2239,198,178,5.723
2240,320,289,7.204
2241,320,278,7.277
2242,179,158,5.389
2243,320,281,6.889
2244,320,281,6.834
2245,168,153,4.870
2246,320,278,6.870
2247,320,290,6.740
2248,177,153,5.222
2249,320,291,6.833
2250,320,296,6.852
2251,181,166,5.388
2252,320,282,6.963
2253,320,287,6.870
2254,196,183,5.426
2255,320,284,7.296
2256,320,286,7.185
2257,191,165,5.574
2258,320,289,7.130
2259,320,281,6.944
2260,160,144,4.833
2261,320,288,6.797
2262,320,286,6.685
2263,164,143,4.852
2264,320,286,6.722
2265,320,279,6.925
2266,183,155,5.352
2267,320,283,6.944
2268,320,291,6.870
2269,189,171,5.519
2270,320,285,7.240
2271,320,285,7.203
2272,189,171,5.444
2273,320,280,7.092
2274,320,287,6.815
2275,160,136,4.908
2276,320,274,6.981
2277,320,290,6.796
2278,169,154,5.018
2279,320,286,6.704
2280,320,282,6.667
2281,180,160,5.167
2282,320,287,6.870
2283,320,285,7.111
2284,199,178,5.871
2285,320,298,6.907
2286,320,291,12.463
2287,202,180,5.741
2288,320,291,7.370
2289,320,273,7.407
2290,183,155,5.462
2291,320,290,10.574
2292,320,282,6.962
2293,180,155,5.297
2294,320,266,7.129
2295,320,274,7.000
2296,182,162,5.314
2297,320,275,7.019
2298,320,285,7.037
2299,189,177,5.315
2300,320,290,6.926
2301,320,285,7.111
2302,203,176,5.685
2303,320,274,7.333
2304,320,286,7.259
2305,190,170,5.537
2306,320,279,7.111
2307,320,276,7.129
2308,168,151,4.889
2309,320,282,6.815
2310,320,281,6.797
2311,179,153,5.167
2312,320,285,6.945
2313,320,281,6.833
2314,185,166,5.278
2315,320,285,6.945
2316,320,278,7.055
2317,199,186,5.518
2318,320,281,7.185
2319,320,279,7.185
2320,206,180,5.740
2321,320,287,7.185
2322,320,270,7.222
2323,183,156,5.463
2324,320,269,7.111
2325,320,282,6.870
2326,173,152,5.186
2327,320,282,6.889
2328,320,276,6.796
2329,182,161,5.185
2330,320,290,6.852
2331,320,284,6.944
2332,192,171,5.444
2333,320,285,7.093
2334,320,290,7.019
2335,202,185,5.518
2336,320,289,7.037
2337,320,281,7.074
2338,195,177,5.463
2339,320,292,6.981
2340,320,281,6.908
2341,169,149,4.926
2342,320,279,6.981
2343,320,273,7.129
2344,185,160,5.259
2345,320,268,7.185
2346,320,271,7.148
2347,193,168,5.463
2348,320,282,7.093
2349,320,288,7.111
2350,205,181,5.722
2351,320,284,7.259
2352,320,268,7.351
2353,210,191,5.833
2354,320,279,7.259
2355,320,280,7.574
2356,184,155,5.444
2357,320,275,7.056
2358,320,276,6.945
2359,184,159,5.297
2360,320,279,7.074
2361,320,278,7.018
2362,191,164,5.500
2363,320,280,7.093
2364,320,281,7.037
2365,202,176,5.908
2366,320,283,7.556
2367,320,286,7.426
2368,210,179,6.056
2369,320,291,7.500
2370,320,284,7.537
2371,205,171,6.204
2372,320,287,7.981
2373,320,267,7.722
2374,181,152,6.277
2375,320,278,7.277
2376,320,283,7.445
2377,192,161,5.944
2378,320,271,7.611
2379,320,284,7.241
2380,199,165,5.741
2381,320,273,7.704
2382,320,286,7.259
2383,205,189,5.778
2384,320,269,7.389
2385,320,279,7.815
2386,216,196,6.277
2387,320,274,7.833
2388,320,278,7.593
2389,209,185,45.999
2390,320,274,8.648
2391,320,274,8.018
2392,194,172,5.870
2393,320,282,7.833
2394,320,279,60.426
2395,195,170,7.111
2396,320,267,8.056
2397,320,275,8.093
2398,200,167,6.649
2399,320,281,8.296
2400,320,280,7.871
2401,209,183,6.333
2402,320,282,7.888
2403,320,284,7.796
2404,224,204,7.371
2405,320,289,7.778
2406,320,290,8.167
2407,201,168,6.352
2408,320,273,7.815
2409,320,277,7.815
2410,190,165,5.703
2411,320,279,8.333
2412,320,280,8.111
2413,196,165,6.055
2414,320,267,7.889
2415,320,281,7.185
2416,205,179,6.037
2417,320,269,7.796
2418,320,288,7.407
2419,210,184,6.018
2420,320,289,7.500
2421,320,289,7.408
2422,219,197,6.352
2423,320,269,8.574
2424,320,273,8.538
2425,207,179,6.278
2426,320,267,8.037
2427,320,278,8.223
2428,199,169,6.056
2429,320,282,7.648
2430,320,282,7.333
2431,199,168,6.426
2432,320,285,7.445
2433,320,279,7.944
2434,207,185,6.204
2435,320,275,7.870
2436,320,284,7.518
2437,212,176,6.444
2438,320,280,8.018
2439,320,293,7.482
2440,230,207,6.593
2441,320,269,7.778
2442,320,289,7.445
2443,215,183,6.463
2444,320,283,7.425
2445,320,261,7.666
2446,206,172,6.148
2447,320,279,18.056
2448,320,277,7.630
2449,211,183,6.074
2450,320,284,7.722
2451,320,293,7.314
2452,214,192,6.352
2453,320,285,7.370
2454,320,277,7.481
2455,222,199,6.204
2456,320,268,7.796
2457,320,282,7.833
2458,230,210,6.648
2459,320,276,7.944
2460,320,285,7.852
2461,231,213,7.463
2462,320,279,8.167
2463,320,276,7.944
2464,208,179,6.204
2465,320,276,7.556
2466,320,278,7.426
2467,217,191,6.074
2468,320,277,7.555
2469,320,272,7.686
2470,214,185,6.037
2471,320,277,7.519
2472,320,265,7.518
2473,224,191,6.463
2474,320,278,7.537
2475,320,281,7.371
2476,224,192,6.333
2477,320,285,7.592
2478,320,279,7.537
2479,235,209,6.519
2480,320,279,8.074
2481,320,272,7.796
2482,229,193,6.592
2483,320,274,7.834
2484,320,274,7.852
2485,207,186,5.982
2486,320,261,7.611
2487,320,281,7.500
2488,225,191,6.426
2489,320,267,7.722
2490,320,270,7.704
2491,219,192,6.185
2492,320,274,7.741
2493,320,283,8.185
2494,228,201,6.648
2495,320,287,13.167
2496,320,280,14.408
2497,232,200,11.333
2498,320,285,13.037
2499,320,284,14.982
2500,232,205,13.463
2501,320,270,13.333
2502,320,275,11.259
2503,224,198,11.481
2504,320,275,12.963
2505,320,280,16.519
2506,213,188,13.185
2507,320,287,17.092
2508,320,278,13.148
2509,215,186,13.204
2510,320,291,15.352
2511,320,280,18.778
2512,218,193,14.833
2513,320,273,15.814
2514,320,273,16.223
2515,229,202,16.537
2516,320,275,52.519
2517,320,283,11.833
2518,228,205,19.574
2519,320,268,21.148
2520,320,275,15.870
2521,236,211,15.630
2522,320,277,14.074
2523,320,279,19.037
2524,211,177,13.814
2525,320,281,14.111
2526,320,278,15.704
2527,224,198,14.555
2528,320,288,14.704
2529,320,287,17.222
2530,217,196,17.852
2531,320,283,14.703
2532,320,287,16.037
2533,227,203,13.519
2534,320,286,15.407
2535,320,282,14.167
2536,225,199,14.074
2537,320,274,16.111
2538,320,289,15.648
2539,236,215,13.370
2540,320,279,17.778
2541,320,280,16.130
2542,225,203,14.611
2543,320,270,16.055
2544,320,277,10.722
2545,213,178,12.741
2546,320,281,15.907
2547,320,286,15.204
2548,211,188,13.685
2549,320,287,14.611
2550,320,278,15.648
2551,217,192,14.963
2552,320,285,17.852
2553,320,284,16.815
2554,223,197,17.889
2555,320,285,26.426
2556,320,284,22.074
2557,229,210,19.574
2558,320,284,21.481
2559,320,290,18.944
2560,229,203,20.426
2561,320,290,19.129
2562,320,282,19.667
2563,211,188,14.019
2564,320,280,18.740
2565,320,277,19.148
2566,211,190,16.296
2567,320,276,18.408
2568,320,280,19.019
2569,220,201,14.593
2570,320,276,17.463
2571,320,280,16.519
2572,224,192,14.574
2573,320,272,10.463
2574,320,286,19.277
2575,230,210,17.777
2576,320,282,19.333
2577,320,284,16.278
2578,237,204,14.463
2579,320,279,17.741
2580,320,286,19.315
2581,229,197,16.648
2582,320,280,11.056
2583,320,282,17.111
2584,212,177,16.334
2585,320,281,20.852
2586,320,287,17.703
2587,219,192,18.555
2588,320,286,21.277
2589,320,273,18.852
2590,209,186,15.130
2591,320,266,17.926
2592,320,287,17.611
2593,226,205,14.814
2594,320,281,18.926
2595,320,280,17.333
2596,228,201,12.241
2597,320,286,17.870
2598,320,289,13.870
2599,229,202,15.889
2600,320,277,18.129
2601,320,286,14.926
2602,220,192,8.093
2603,320,281,24.388
2604,320,279,21.982
2605,210,182,15.925
2606,320,275,16.037
2607,320,271,17.278
2608,217,188,15.111
2609,320,284,15.796
2610,320,287,13.963
2611,215,199,16.926
2612,320,289,15.259
2613,320,279,17.500
2614,223,199,14.370
2615,320,281,15.815
2616,320,281,16.074
2617,229,202,13.315
2618,320,289,16.574
2619,320,279,16.315
2620,230,201,13.296
2621,320,282,11.111
2622,320,269,19.037
2623,211,182,11.574
2624,320,275,13.981
2625,320,283,15.926
2626,216,196,14.129
2627,320,288,16.148
2628,320,282,18.000
2629,220,192,16.926
2630,320,272,16.685
2631,320,265,15.722
2632,220,191,15.870
2633,320,283,16.056
2634,320,284,15.352
2635,217,192,16.204
2636,320,282,14.871
2637,320,279,15.093
2638,228,200,11.148
2639,320,286,11.129
2640,320,278,12.000
2641,202,177,8.037
2642,320,271,9.629
2643,320,267,9.629
2644,194,175,6.444
2645,320,269,8.185
2646,320,272,7.908
2647,197,166,6.537
2648,320,257,8.111
2649,320,276,8.223
2650,207,171,7.019
2651,320,279,8.500
2652,320,273,8.259
2653,213,191,6.111
2654,320,278,8.037
2655,320,289,19.759
2656,218,195,6.796
2657,320,277,8.018
2658,320,263,8.703
2659,202,172,6.130
2660,320,276,7.629
2661,320,258,8.056
2662,200,174,6.185
2663,320,263,7.481
2664,320,282,7.259
2665,200,174,5.797
2666,320,270,8.130
2667,320,279,7.870
2668,206,171,6.222
2669,320,268,7.167
2670,320,269,7.759
2671,217,177,6.222
2672,320,271,7.667
2673,320,273,7.797
2674,225,191,6.259
2675,320,276,8.112
2676,320,268,7.889
2677,211,179,6.019
2678,320,260,7.630
2679,320,250,7.592
2680,194,159,5.797
2681,320,273,7.092
2682,320,254,7.871
2683,206,173,5.852
2684,320,259,7.426
2685,320,260,7.333
2686,212,178,5.944
2687,320,267,7.777
2688,320,262,7.518
2689,216,177,6.222
2690,320,255,7.593
2691,320,270,7.444
2692,220,187,6.352
2693,320,260,7.703
2694,320,266,7.574
2695,210,167,6.111
2696,320,254,7.778
2697,320,238,7.666
2698,205,158,6.129
2699,320,264,7.444
2700,320,265,7.407
2701,207,163,6.019
2702,320,253,7.556
2703,320,249,7.482
2704,211,168,6.018
2705,320,256,7.518
2706,320,258,7.444
2707,218,178,6.278
2708,320,274,7.519
2709,320,258,8.018
2710,224,191,6.500
2711,320,281,7.871
2712,320,256,8.185
2713,217,189,6.445
2714,320,252,7.889
2715,320,241,9.537
2716,196,156,6.111
2717,320,261,7.241
2718,320,261,7.315
2719,199,153,7.556
2720,320,260,8.333
2721,320,256,7.500
2722,195,167,5.630
2723,320,254,8.222
2724,320,256,8.074
2725,201,168,6.000
2726,320,269,7.315
2727,320,272,8.241
2728,208,174,8.574
2729,320,272,8.130
2730,320,269,8.222
2731,200,161,6.389
2732,320,244,8.092
2733,320,254,7.481
2734,181,145,5.352
2735,320,259,7.889
2736,320,252,8.500
2737,189,154,6.111
2738,320,242,8.222
2739,320,261,7.222
2740,192,167,13.815
2741,320,266,7.463
2742,320,266,7.630
2743,197,166,5.592
2744,320,274,7.389
2745,320,268,7.574
2746,204,168,5.759
2747,320,259,7.649
2748,320,263,7.278
2749,179,136,5.537
2750,320,260,7.185
2751,320,249,7.111
2752,185,155,5.333
2753,320,264,7.537
2754,320,268,7.204
2755,183,147,5.370
2756,320,268,7.037
2757,320,271,7.111
2758,193,168,5.537
2759,320,274,7.055
2760,320,278,7.204
2761,198,168,5.778
2762,320,270,7.185
2763,320,276,7.240
2764,198,170,5.704
2765,320,265,7.241
2766,320,256,7.241
2767,167,130,4.982
2768,320,270,7.148
2769,320,263,7.055
2770,179,147,5.426
2771,320,252,7.185
2772,320,277,6.981
2773,192,160,5.463
2774,320,267,7.315
2775,320,274,7.055
2776,191,156,5.555
2777,320,273,7.074
2778,320,267,7.481
2779,203,169,5.759
2780,320,269,7.333
2781,320,243,7.537
2782,186,154,5.426
2783,320,255,7.333
2784,320,262,6.963
2785,184,152,5.796
2786,320,259,7.222
2787,320,265,7.074
2788,181,153,5.260
2789,320,266,7.167
2790,320,265,7.333
2791,194,156,5.759
2792,320,274,8.667
2793,320,265,8.093
2794,204,182,5.759
2795,320,258,7.519
2796,320,271,7.426
2797,199,161,6.019
2798,320,251,7.426
2799,320,272,7.203
2800,176,143,5.241
2801,320,272,7.000
2802,320,244,7.389
2803,185,146,5.537
2804,320,261,7.186
2805,320,265,7.222
2806,192,158,5.648
2807,320,268,7.259
2808,320,258,7.277
2809,196,169,5.519
2810,320,260,7.241
2811,320,269,7.426
2812,211,181,5.925
2813,320,271,7.463
2814,320,261,7.352
2815,180,156,5.371
2816,320,255,7.370
2817,320,261,7.259
2818,185,151,5.352
2819,320,265,7.185
2820,320,255,7.259
2821,182,139,5.352
2822,320,268,7.055
2823,320,265,7.111
2824,193,165,5.518
2825,320,261,7.203
2826,320,278,7.648
2827,202,167,5.778
2828,320,282,7.315
2829,320,271,7.463
2830,194,158,5.777
2831,320,262,7.389
2832,320,262,7.278
2833,171,140,5.204
2834,320,275,6.963
2835,320,268,7.426
2836,181,147,5.463
2837,320,259,7.370
2838,320,271,6.962
2839,189,152,5.500
2840,320,266,7.167
2841,320,280,6.982
2842,191,171,5.352
2843,320,269,7.129
2844,320,276,7.148
2845,201,175,6.056
2846,320,265,7.481
2847,320,266,7.296
2848,170,143,5.092
2849,320,262,7.037
2850,320,270,7.018
2851,179,149,5.241
2852,320,272,7.037
2853,320,275,6.889
2854,173,146,5.185
2855,320,269,7.092
2856,320,273,7.019
2857,190,166,5.463
2858,320,269,7.222
2859,320,280,7.018
2860,196,175,5.519
2861,320,271,7.259
2862,320,274,7.222
2863,183,161,5.388
2864,320,271,7.129
2865,320,271,7.018
2866,166,147,4.889
2867,320,266,7.241
2868,320,267,7.111
2869,172,146,5.130
2870,320,287,6.814
2871,320,277,6.852
2872,179,161,5.167
2873,320,273,7.111
2874,320,284,6.981
2875,193,172,5.389
2876,320,286,7.037
2877,320,278,7.130
2878,188,160,5.518
2879,320,271,7.296
2880,320,268,6.945
2881,157,138,4.703
2882,320,268,6.945
2883,320,268,7.037
2884,171,143,5.167
2885,320,268,7.000
2886,320,278,6.907
2887,185,160,5.296
2888,320,277,7.185
2889,320,288,6.833
2890,185,170,5.222
2891,320,290,6.944
2892,320,292,7.204
2893,186,168,5.315
2894,320,280,7.019
2895,320,266,7.074
2896,162,140,4.834
2897,320,280,6.759
2898,320,279,6.760
2899,165,149,4.833
2900,320,289,6.889
2901,320,286,6.722
2902,175,151,5.148
2903,320,281,6.963
2904,320,286,7.000
2905,185,160,5.296
2906,320,288,6.908
2907,320,297,6.851
2908,191,170,5.518
2909,320,284,7.092
2910,320,271,7.278
2911,154,140,4.593
2912,320,284,6.704
2913,320,276,6.759
2914,164,148,4.833
2915,320,293,6.778
2916,320,289,6.741
2917,176,144,5.166
2918,320,279,6.981
2919,320,283,7.000
2920,182,159,5.630
2921,320,285,7.056
2922,320,288,7.019
2923,191,171,5.425
2924,320,285,7.092
2925,320,286,6.926
2926,151,129,4.722
2927,320,272,6.796
2928,320,288,6.667
2929,160,144,4.759
2930,320,293,6.666
2931,320,288,6.630
2932,170,147,4.944
2933,320,287,6.833
2934,320,283,7.037
2935,175,157,5.130
2936,320,294,6.870
2937,320,297,6.945
2938,187,170,5.648
2939,320,286,7.037
2940,320,294,6.759
2941,160,140,4.870
2942,320,293,6.574
2943,320,293,6.574
2944,160,146,4.852
2945,320,292,6.537
2946,320,284,6.722
2947,169,150,4.889
2948,320,283,7.333
2949,320,297,6.704
2950,181,162,5.259
2951,320,299,6.704
2952,320,300,6.796
2953,186,170,5.388
2954,320,299,6.834
2955,320,293,6.778
2956,146,137,4.555
2957,320,293,6.537
2958,320,295,6.593
2959,160,141,4.833
2960,320,291,6.740
2961,320,298,6.500
2962,166,153,4.889
2963,320,301,6.666
2964,320,293,6.815
2965,170,163,4.852
2966,320,295,6.630
2967,320,286,7.111
2968,187,172,5.240
2969,320,281,6.963
2970,320,288,6.797
2971,147,136,4.500
2972,320,293,6.555
2973,320,292,6.574
2974,157,140,4.704
2975,320,289,6.722
2976,320,291,6.592
2977,170,153,4.870
2978,320,296,6.778
2979,320,295,6.871
2980,180,166,5.296
2981,320,299,6.889
2982,320,291,6.889
2983,187,177,5.352
2984,320,286,7.037
2985,320,283,6.778
2986,149,137,4.500
2987,320,282,6.666
2988,320,284,6.704
2989,160,145,4.741
2990,320,283,6.851
2991,320,295,6.667
2992,170,161,4.851
2993,320,294,7.518
2994,320,292,6.778
2995,181,161,10.018
2996,320,295,14.388
2997,320,292,20.907
2998,184,160,14.908
2999,320,289,20.519
3000,320,283,15.426
3001,146,134,11.518
3002,320,296,12.981
3003,320,290,39.962
3004,158,145,10.130
3005,320,293,17.055
3006,320,296,13.537
3007,171,159,15.555
3008,320,291,19.444
3009,320,294,15.963
3010,180,166,12.723
3011,320,295,16.463
3012,320,296,18.315
3013,179,163,19.203
3014,320,280,18.241
3015,320,285,15.259
3016,147,135,11.851
3017,320,287,15.852
3018,320,288,14.018
3019,164,146,12.463
3020,320,288,15.741
3021,320,289,15.870
3022,172,158,12.074
3023,320,297,15.426
3024,320,291,16.685
3025,182,169,8.241
3026,320,295,17.092
3027,320,287,18.982
3028,179,164,17.778
3029,320,298,16.871
3030,320,293,19.333
3031,149,135,14.778
3032,320,300,19.166
3033,320,285,20.296
3034,156,136,9.963
3035,320,294,15.000
3036,320,285,16.797
3037,172,152,16.092
3038,320,294,17.167
3039,320,291,17.185
3040,185,169,16.241
3041,320,297,17.389
3042,320,294,20.092
3043,178,159,14.925
3044,320,292,14.314
3045,320,294,13.223
3046,148,136,12.963
3047,320,295,17.074
3048,320,290,20.296
3049,164,150,16.667
3050,320,283,62.166
3051,320,289,18.463
3052,174,152,12.223
3053,320,287,15.871
3054,320,295,17.463
3055,186,172,10.315
3056,320,287,16.593
3057,320,286,15.722
3058,180,165,15.371
3059,320,279,18.370
3060,320,284,20.648
3061,154,133,16.019
3062,320,275,16.667
3063,320,294,11.574
3064,163,148,14.482
3065,320,285,63.352
3066,320,282,23.852
3067,176,162,14.666
3068,320,291,19.333
3069,320,295,20.204
3070,182,170,17.018
3071,320,299,18.019
3072,320,293,14.223
3073,176,161,13.130
3074,320,277,21.296
3075,320,277,21.037
3076,151,133,14.852
3077,320,293,16.166
3078,320,284,15.389
3079,162,150,13.482
3080,320,289,14.463
3081,320,290,17.556
3082,172,157,14.499
3083,320,288,14.129
3084,320,297,18.500
3085,187,177,17.148
3086,320,298,15.778
3087,320,295,17.426
3088,177,160,11.686
3089,320,283,17.000
3090,320,287,16.778
3091,155,143,11.833
3092,320,300,15.259
3093,320,287,47.240
3094,165,149,15.686
3095,320,296,18.185
3096,320,302,14.185
3097,169,154,12.592
3098,320,287,15.889
3099,320,283,18.166
3100,188,170,15.148
3101,320,294,14.297
3102,320,293,16.111
3103,172,151,16.074
3104,320,280,18.741
3105,320,286,13.945
3106,154,142,15.796
3107,320,290,18.667
3108,320,297,16.240
3109,157,146,15.648
3110,320,291,15.334
3111,320,291,18.945
3112,171,162,13.315
3113,320,296,12.593
3114,320,289,19.334
3115,186,166,15.463
3116,320,302,17.167
3117,320,288,18.055
3118,173,159,13.426
3119,320,293,17.056
3120,320,287,17.352
3121,155,143,13.296
3122,320,291,16.260
3123,320,295,15.592
3124,159,149,7.796
3125,320,284,16.371
3126,320,292,14.500
3127,175,159,14.092
3128,320,293,16.425
3129,320,293,19.888
3130,188,171,16.185
3131,320,293,17.092
3132,320,291,18.315
3133,174,157,15.556
3134,320,289,21.260
3135,320,288,12.685
3136,158,140,14.277
3137,320,293,19.277
3138,320,281,17.351
3139,169,154,17.203
3140,320,290,17.519
3141,320,294,22.907
3142,173,163,12.111
3143,320,299,18.889
3144,320,285,17.555
3145,187,175,18.074
3146,320,292,17.945
3147,320,285,12.926
3148,180,160,9.925
3149,320,288,12.352
3150,320,286,9.314
3151,157,132,6.889
3152,320,285,9.426
3153,320,281,8.704
3154,165,145,7.204
3155,320,288,8.723
3156,320,291,9.704
3157,173,161,7.704
3158,320,301,9.055
3159,320,292,9.148
3160,182,168,6.907
3161,320,301,8.648
3162,320,290,9.037
3163,177,168,8.833
3164,320,287,10.167
3165,320,291,9.611
3166,149,138,9.129
3167,320,293,11.074
3168,320,285,10.278
3169,162,144,8.278
3170,320,285,10.500
3171,320,296,10.093
3172,176,164,8.259
3173,320,295,11.111
3174,320,279,9.962
3175,190,172,10.648
3176,320,294,10.278
3177,320,291,10.723
3178,184,164,8.129
3179,320,289,9.908
3180,320,285,10.704
3181,154,130,8.000
3182,320,294,10.556
3183,320,288,8.185
3184,167,150,6.444
3185,320,292,9.777
3186,320,286,10.018
3187,170,152,8.333
3188,320,289,8.759
3189,320,291,10.741
3190,189,175,8.907
3191,320,294,9.945
3192,320,289,9.926
3193,184,170,8.093
3194,320,274,10.185
3195,320,285,13.778
3196,152,137,6.833
3197,320,285,9.907
3198,320,283,10.130
3199,165,149,89.703
3200,320,291,11.315
3201,320,291,9.963
3202,173,157,8.796
3203,320,282,9.574
3204,320,286,10.444
3205,188,169,7.944
3206,320,293,12.149
3207,320,293,13.685
3208,186,163,11.593
3209,320,281,13.648
3210,320,275,15.037
3211,161,141,10.277
3212,320,281,11.888
3213,320,276,12.926
3214,171,151,9.463
3215,320,278,13.351
3216,320,280,12.204
3217,182,165,13.648
3218,320,285,9.352
3219,320,274,8.686
3220,190,171,6.926
3221,320,291,8.037
3222,320,288,8.722
3223,194,171,7.037
3224,320,292,9.074
3225,320,284,8.463
3226,164,140,6.148
3227,320,281,7.945
3228,320,299,7.592
3229,169,155,6.370
3230,320,275,8.574
3231,320,277,8.278
3232,175,162,5.908
3233,320,286,7.870
3234,320,288,8.667
3235,183,167,6.111
3236,320,283,8.148
3237,320,297,7.759
3238,198,185,6.167
3239,320,286,8.056
3240,320,286,7.852
3241,163,145,5.593
3242,320,283,7.463
3243,320,284,7.481
3244,161,145,5.389
3245,320,287,7.500
3246,320,279,7.389
3247,168,148,5.444
3248,320,290,7.241
3249,320,283,7.407
3250,186,172,5.759
3251,320,282,8.500
3252,320,297,7.444
3253,194,174,6.296
3254,320,295,7.648
3255,320,286,7.222
3256,166,148,5.611
3257,320,283,7.093
3258,320,281,7.000
3259,174,155,5.222
3260,320,277,7.037
3261,320,290,7.296
3262,166,153,5.704
3263,320,300,6.741
3264,320,296,6.667
3265,176,161,5.185
3266,320,291,7.130
3267,320,297,6.982
3268,194,176,6.296
3269,320,298,7.334
3270,320,292,7.518
3271,169,154,5.482
3272,320,292,7.186
3273,320,296,6.871
3274,159,148,4.908
3275,320,293,7.297
3276,320,291,7.092
3277,169,152,36.760
3278,320,293,8.333
3279,320,293,9.352
3280,179,148,6.370
3281,320,290,7.741
3282,320,282,8.019
3283,193,172,5.852
3284,320,288,7.796
3285,320,283,7.722
3286,177,159,6.297
3287,320,276,7.630
3288,320,281,7.352
3289,165,150,5.297
3290,320,299,7.074
3291,320,285,7.370
3292,166,150,5.148
3293,320,291,7.018
3294,320,291,6.963
3295,177,165,5.611
3296,320,288,7.148
3297,320,286,7.278
3298,190,176,5.685
3299,320,296,7.241
3300,320,294,7.278
3301,183,159,6.130
3302,320,271,7.370
3303,320,287,7.574
3304,163,142,5.019
3305,320,288,6.796
3306,320,282,7.297
3307,167,142,5.241
3308,320,282,7.055
3309,320,286,7.055
3310,188,166,6.074
3311,320,276,7.426
3312,320,281,7.315
3313,192,171,5.593
3314,320,289,7.315
3315,320,293,7.130
3316,199,176,6.223
3317,320,288,8.314
3318,320,293,7.444
3319,159,137,5.092
3320,320,291,6.908
3321,320,281,7.111
3322,173,155,5.167
3323,320,278,7.352
3324,320,283,7.370
3325,176,165,5.352
3326,320,290,7.407
3327,320,285,7.000
3328,187,170,5.426
3329,320,292,7.315
3330,320,284,7.389
3331,202,174,5.963
3332,320,279,7.463
3333,320,276,7.333
3334,167,149,5.351
3335,320,287,6.833
3336,320,288,7.408
3337,170,153,5.000
3338,320,280,7.056
3339,320,281,6.889
3340,177,159,5.333
3341,320,292,6.815
3342,320,291,7.185
3343,189,165,5.556
3344,320,288,7.130
3345,320,288,7.074
3346,197,179,5.685
3347,320,281,7.223
3348,320,289,7.074
3349,178,153,5.352
3350,320,276,7.204
3351,320,273,7.000
3352,175,150,5.222
3353,320,276,7.371
3354,320,294,6.815
3355,172,150,5.315
3356,320,288,7.129
3357,320,291,6.722
3358,186,166,5.352
3359,320,282,7.296
3360,320,283,16.704
3361,197,178,5.944
3362,320,279,7.629
3363,320,279,7.648
3364,194,170,6.037
3365,320,276,7.389
3366,320,268,7.389
3367,166,145,5.092
3368,320,276,7.333
3369,320,281,7.148
3370,179,154,5.315
3371,320,284,6.982
3372,320,280,7.370
3373,189,165,5.333
3374,320,274,7.277
3375,320,289,7.166
3376,192,173,5.444
3377,320,291,7.037
3378,320,272,7.389
3379,204,171,5.981
3380,320,278,7.352
3381,320,273,7.426
3382,176,152,5.314
3383,320,281,7.018
3384,320,264,7.130
3385,181,153,5.463
3386,320,274,7.185
3387,320,274,7.019
3388,187,171,5.630
3389,320,292,6.963
3390,320,282,7.055
3391,183,158,5.315
3392,320,289,6.981
3393,320,284,7.000
3394,210,195,5.722
3395,320,287,7.351
3396,320,280,7.370
3397,193,171,5.945
3398,320,274,7.148
3399,320,264,7.167
3400,173,153,5.130
3401,320,286,6.963
3402,320,285,7.000
3403,179,149,5.352
3404,320,285,6.926
3405,320,284,6.944
3406,188,167,5.408
3407,320,279,7.148
3408,320,279,7.334
3409,201,171,5.815
3410,320,283,7.333
3411,320,276,7.240
3412,203,184,5.963
3413,320,279,7.315
3414,320,279,7.055
3415,174,152,5.222
3416,320,267,7.019
3417,320,273,7.018
3418,194,174,5.648
3419,320,287,7.278
3420,320,272,7.092
3421,185,169,5.203
3422,320,283,7.037
3423,320,286,7.018
3424,194,178,5.482
3425,320,274,7.352
3426,320,282,7.223
3427,210,184,5.834
3428,320,282,7.444
3429,320,285,7.241
3430,190,165,5.612
3431,320,273,7.407
3432,320,285,6.871
3433,174,148,5.111
3434,320,288,6.778
3435,320,280,7.074
3436,188,160,5.389
3437,320,286,7.185
3438,320,287,6.945
3439,187,170,5.296
3440,320,280,6.982
3441,320,279,7.148
3442,200,180,5.592
3443,320,286,7.260
3444,320,284,7.314
3445,209,184,5.889
3446,320,276,7.556
3447,320,261,7.574
3448,182,162,12.093
3449,320,271,7.333
3450,320,284,7.037
3451,193,162,5.518
3452,320,278,7.093
3453,320,287,7.037
3454,191,169,5.593
3455,320,276,7.074
3456,320,280,7.130
3457,206,182,5.740
3458,320,292,7.371
3459,320,294,7.166
3460,207,190,5.778
3461,320,300,7.167
3462,320,280,7.278
3463,199,183,5.648
3464,320,278,7.444
3465,320,280,7.037
3466,185,157,5.426
3467,320,282,7.018
3468,320,288,7.148
3469,194,176,5.649
3470,320,284,7.148
3471,320,296,6.833
3472,183,161,5.278
3473,320,291,6.926
3474,320,280,6.981
3475,200,176,5.593
3476,320,284,7.037
3477,320,291,7.240
3478,212,191,5.981
3479,320,283,7.389
3480,320,297,7.111
3481,199,174,6.000
3482,320,291,7.056
3483,320,278,7.240
3484,197,183,5.407
3485,320,282,7.334
3486,320,288,7.333
3487,187,170,5.333
3488,320,289,7.259
3489,320,287,6.981
3490,198,172,5.574
3491,320,276,7.555
3492,320,283,7.074
3493,200,178,5.630
3494,320,290,7.204
3495,320,282,7.259
3496,217,201,5.963
3497,320,285,7.481
3498,320,274,7.722
3499,202,179,6.130
3500,320,285,7.334
3501,320,288,7.148
3502,189,166,5.426
3503,320,284,7.074
3504,320,272,7.129
3505,184,160,5.445
3506,320,285,7.074
3507,320,282,7.278
3508,199,176,5.722
3509,320,282,7.203
3510,320,278,7.259
3511,205,177,5.796
3512,320,287,7.037
3513,320,297,7.222
3514,218,199,6.055
3515,320,280,7.759
3516,320,275,7.500
3517,184,156,5.352
3518,320,274,7.167
3519,320,276,7.297
3520,191,164,5.481
3521,320,275,7.296
3522,320,287,7.111
3523,185,160,5.260
3524,320,270,7.112
3525,320,282,7.093
3526,204,171,5.852
3527,320,274,7.259
3528,320,284,7.334
3529,214,185,6.111
3530,320,289,7.371
3531,320,284,7.278
3532,194,171,5.648
3533,320,287,7.223
3534,320,276,7.185
3535,172,144,5.222
3536,320,286,6.833
3537,320,268,7.166
3538,185,156,5.685
3539,320,278,7.482
3540,320,273,7.185
3541,189,167,5.389
3542,320,284,7.092
3543,320,281,7.370
3544,211,183,6.037
3545,320,279,7.500
3546,320,278,7.556
3547,207,183,6.037
3548,320,273,7.425
3549,320,274,7.241
3550,177,152,5.297
3551,320,271,7.352
3552,320,282,6.963
3553,177,159,5.148
3554,320,283,7.000
3555,320,271,7.037
3556,180,162,5.166
3557,320,287,6.889
3558,320,284,7.167
3559,192,172,5.518
3560,320,284,7.223
3561,320,263,7.593
3562,213,178,6.037
3563,320,280,7.445
3564,320,271,7.370
3565,182,156,5.518
3566,320,264,7.425
3567,320,268,7.055
3568,161,148,4.759
3569,320,271,6.982
3570,320,278,7.037
3571,174,155,5.111
3572,320,280,6.907
3573,320,273,7.204
3574,190,160,5.444
3575,320,277,7.204
3576,320,270,7.296
3577,204,182,5.889
3578,320,268,7.371
3579,320,269,7.351
3580,191,168,5.408
3581,320,272,7.111
3582,320,260,7.185
3583,158,129,4.797
3584,320,283,6.908
3585,320,269,6.926
3586,167,139,5.222
3587,320,267,7.000
3588,320,277,6.833
3589,177,148,5.148
3590,320,279,7.056
3591,320,278,7.074
3592,198,169,5.630
3593,320,267,7.407
3594,320,278,7.296
3595,182,153,5.519
3596,320,268,7.037
3597,320,260,7.241
3598,151,124,4.852
3599,320,270,6.760
3600,320,269,6.889
3601,165,139,5.037
3602,320,264,7.241
3603,320,266,6.851
3604,163,137,4.870
3605,320,284,6.908
3606,320,274,7.037
3607,190,152,5.537
3608,320,284,7.092
3609,320,270,7.204
3610,179,142,5.389
3611,320,263,7.074
3612,320,247,7.278
3613,142,117,4.704
3614,320,266,8.315
3615,320,268,7.296
3616,145,119,4.777
3617,320,270,7.148
3618,320,283,6.963
3619,168,137,5.111
3620,320,271,7.296
3621,320,274,7.389
3622,177,151,5.389
3623,320,276,7.129
3624,320,269,7.315
3625,173,142,5.278
3626,320,252,12.833
3627,320,238,7.629
3628,132,102,4.612
3629,320,257,7.019
3630,320,255,7.092
3631,138,110,4.666
3632,320,267,6.852
3633,320,276,7.092
3634,159,134,4.981
3635,320,277,6.907
3636,320,273,6.945
3637,176,157,5.260
3638,320,270,7.223
3639,320,269,7.167
3640,141,112,4.667
3641,320,258,7.037
3642,320,239,7.019
3643,103,77,3.945
3644,320,258,6.759
3645,320,258,6.852
3646,142,119,4.537
3647,320,269,6.944
3648,320,262,6.852
3649,165,129,5.055
3650,320,282,7.018
3651,320,268,7.185
3652,161,131,5.037
3653,320,255,7.148
3654,320,260,6.741
3655,98,76,3.852
3656,320,224,7.241
3657,320,263,6.537
3658,111,92,4.000
3659,320,248,7.092
3660,320,259,6.852
3661,138,113,4.463
3662,320,272,6.889
3663,320,255,7.037
3664,166,143,5.018
3665,320,245,7.167
3666,320,244,7.129
3667,123,91,4.166
3668,320,225,7.259
3669,320,236,6.592
3670,61,48,3.203
3671,320,256,6.703
3672,320,238,6.907
3673,127,104,4.074
3674,320,267,6.685
3675,320,265,6.852
3676,156,132,4.722
3677,320,253,7.111
3678,320,228,7.148
3679,114,83,4.148
3680,320,204,7.223
3681,320,241,6.482
3682,47,37,2.926
3683,320,247,6.685
3684,320,258,6.389
3685,118,85,4.148
3686,320,261,6.667
3687,320,256,6.834
3688,148,119,4.704
3689,320,259,6.963
3690,320,232,6.963
3691,65,30,3.463
3692,320,220,6.815
3693,320,224,6.593
3694,53,36,3.111
3695,320,246,6.685
3696,320,255,6.481
3697,117,93,4.000
3698,320,262,6.796
3699,320,238,7.074
3700,139,103,4.685
3701,320,205,7.370
3702,320,192,7.222
3703,31,11,2.741
3704,320,205,6.871
3705,320,222,6.907
3706,54,36,3.055
3707,320,257,6.445
3708,320,255,7.130
3709,136,114,4.315
3710,320,251,7.092
3711,320,202,7.556
3712,90,44,3.815
3713,320,209,7.260
3714,320,149,7.519
3715,17,8,2.537
3716,320,202,6.963
3717,320,227,6.815
3718,97,73,3.962
3719,320,255,7.148
3720,320,253,6.871
3721,108,71,4.315
3722,320,209,13.074
3723,320,181,7.537
3724,29,16,2.999
3725,320,181,7.277
3726,320,228,6.981
3727,25,19,2.778
3728,320,237,7.092
3729,320,247,7.297
3730,118,89,4.352
3731,320,223,7.333
3732,320,204,7.111
3733,48,29,3.296
3734,320,165,7.741
3735,311,152,6.889
3736,320,251,6.556
3737,320,229,7.093
3738,102,84,3.870
3739,320,215,7.167
3740,320,227,7.055
3741,88,61,3.815
3742,320,158,7.518
3743,320,171,7.037
3744,320,193,7.241
3745,320,235,6.666
3746,83,59,3.815
3747,320,225,7.334
3748,320,235,6.667
3749,83,54,3.703
3750,320,177,7.741
3751,320,177,7.093
3752,9,4,2.426
3753,320,165,7.204
3754,320,232,6.537
3755,56,36,3.278
3756,320,222,6.963
3757,320,215,6.926
3758,70,41,3.426
3759,320,185,7.185
3760,320,159,7.278
3761,34,18,2.871
3762,320,199,7.167
3763,320,185,7.092
3764,36,23,2.834
3765,320,223,6.889
3766,320,194,7.611
3767,90,50,3.667
3768,320,206,7.092
3769,320,187,7.037
3770,56,37,3.055
3771,320,169,7.278
3772,320,182,7.222
3773,55,33,3.241
3774,320,205,7.129
3775,320,240,6.833
3776,119,71,4.463
3777,320,176,7.574
3778,320,194,7.167
3779,106,67,3.981
3780,320,174,7.407
3781,320,194,7.204
3782,60,32,3.278
3783,320,178,7.351
3784,320,183,7.222
3785,80,47,3.537
3786,320,216,7.241
3787,320,201,7.908
3788,129,78,4.629
3789,320,185,7.518
3790,320,210,7.056
3791,104,48,4.130
3792,320,168,7.500
3793,320,173,7.407
3794,88,47,3.852
3795,320,192,7.352
3796,320,199,7.537
3797,102,73,4.000
3798,320,213,7.500
3799,320,180,7.981
3800,133,68,4.741
3801,320,199,8.259
3802,320,179,7.500
3803,100,48,4.111
3804,320,176,7.463
3805,320,173,7.371
3806,98,54,4.000
3807,320,190,7.241
3808,320,197,7.278
3809,115,84,4.167
3810,320,222,7.222
3811,320,201,7.630
3812,130,72,4.797
3813,320,191,7.685
3814,320,167,7.463
3815,104,77,4.018
3816,320,163,7.482
3817,320,174,7.555
3818,93,50,3.908
3819,320,192,14.056
3820,320,213,7.833
3821,132,99,5.037
3822,320,232,7.204
3823,320,183,7.704
3824,136,86,4.963
3825,320,216,7.204
3826,320,160,7.723
3827,133,73,4.704
3828,320,170,7.722
3829,320,194,7.741
3830,70,40,3.297
3831,320,216,6.945
3832,320,209,7.222
3833,143,86,4.815
3834,320,230,7.240
3835,320,205,7.593
3836,140,83,5.019
3837,320,197,7.334
3838,320,187,7.519
3839,115,73,4.166
3840,320,176,7.537
3841,320,172,7.593
3842,97,57,3.981
3843,320,215,7.019
3844,320,215,7.204
3845,128,93,4.352
3846,320,229,7.037
3847,320,221,7.352
3848,161,105,5.222
3849,320,165,7.926
3850,320,203,7.389
3851,121,81,4.297
3852,320,207,7.314
3853,320,180,7.463
3854,97,67,3.870
3855,320,201,7.074
3856,320,220,7.019
3857,130,91,4.574
3858,320,235,7.111
3859,320,232,7.037
3860,147,103,4.759
3861,320,199,7.611
3862,320,211,7.167
3863,118,70,4.389
3864,320,213,7.222
3865,320,201,7.574
3866,99,64,3.852
3867,320,211,6.944
3868,320,219,6.740
3869,120,80,4.278
3870,320,209,7.482
3871,320,228,7.259
3872,163,117,5.204
3873,320,226,7.519
3874,320,202,7.370
3875,112,67,4.075
3876,320,200,7.148
3877,320,185,7.574
3878,125,72,4.463
3879,320,196,7.388
3880,320,223,6.852
3881,112,77,4.019
3882,320,223,7.297
3883,320,233,7.037
3884,164,104,5.259
3885,320,213,7.796
3886,320,196,7.630
3887,131,87,4.537
3888,320,226,7.259
3889,320,207,7.370
3890,132,71,4.703
3891,320,193,7.741
3892,320,205,7.296
3893,111,78,4.074
3894,320,224,7.019
3895,320,225,7.241
3896,156,111,5.000
3897,320,243,7.241
3898,320,227,7.333
3899,144,103,4.777
3900,320,191,7.722
3901,320,222,7.074
3902,133,83,4.741
3903,320,200,7.462
3904,320,195,7.463
3905,101,66,3.944
3906,320,212,6.981
3907,320,250,6.797
3908,146,98,4.759
3909,320,243,7.222
3910,320,236,7.315
3911,149,108,4.889
3912,320,213,7.296
3913,320,190,7.519
3914,149,101,4.778
3915,320,212,12.759
3916,320,193,7.648
3917,117,77,5.055
3918,320,223,7.111
3919,320,225,7.574
3920,129,89,4.463
3921,320,217,7.407
3922,320,234,7.593
3923,172,113,5.759
3924,320,230,7.537
3925,320,224,7.444
3926,125,82,4.667
3927,320,244,7.241
3928,320,218,7.630
3929,154,95,5.389
3930,320,180,7.814
3931,320,219,7.463
3932,108,76,4.333
3933,320,233,6.907
3934,320,235,7.129
3935,155,116,4.963
3936,320,238,7.315
3937,320,205,7.537
3938,157,108,5.166
3939,320,216,7.685
3940,320,229,7.259
3941,141,93,4.722
3942,320,228,7.296
3943,320,191,7.482
3944,104,76,4.018
3945,320,213,7.148
3946,320,231,6.944
3947,148,101,4.852
3948,320,225,7.463
3949,320,246,7.315
3950,156,111,5.130
3951,320,233,7.241
3952,320,206,7.666
3953,144,91,4.834
3954,320,223,7.259
3955,320,204,7.759
3956,141,93,4.815
3957,320,222,7.278
3958,320,227,6.981
3959,126,98,4.315
3960,320,240,7.185
3961,320,235,7.092
3962,160,124,4.944
3963,320,226,7.463
3964,320,243,7.351
3965,155,112,5.259
3966,320,231,7.148
3967,320,237,7.092
3968,150,98,4.944
3969,320,200,7.722
3970,320,212,7.296
3971,124,88,4.315
3972,320,238,7.000
3973,320,246,6.852
3974,140,113,4.500
3975,320,252,7.889
3976,320,244,7.111
3977,167,120,5.204
3978,320,225,7.575
3979,320,233,7.315
3980,142,110,4.611
3981,320,238,7.037
3982,320,203,7.555
3983,138,85,4.723
3984,320,219,7.130
3985,320,231,7.334
3986,139,91,4.778
3987,320,231,7.185
3988,320,244,7.185
3989,162,122,5.000
3990,320,226,7.260
3991,320,228,7.352
3992,173,120,5.407
3993,320,250,7.092
3994,320,243,7.148
3995,158,117,5.018
3996,320,221,7.352
3997,320,210,7.389
3998,122,101,4.148
3999,320,237,6.944
4000,320,224,7.204
4001,154,112,4.889
4002,320,223,7.278
4003,320,253,7.352
4004,165,128,5.148
4005,320,240,7.167
4006,320,229,7.185
4007,172,147,4.962
4008,320,232,7.537
4009,320,219,7.556
4010,173,122,5.408
4011,320,224,7.703
4012,320,224,7.352
4013,124,90,4.334
4014,320,237,7.000
4015,320,236,7.148
4016,167,121,5.130
4017,320,224,7.370
4018,320,237,7.278
4019,172,131,5.352
4020,320,249,7.111
4021,320,263,7.000
4022,172,131,5.185
4023,320,239,7.259
4024,320,226,7.482
4025,167,112,5.408
4026,320,204,7.556
4027,320,230,7.204
4028,142,112,4.593
4029,320,235,7.000
4030,320,252,6.945
4031,169,133,5.037
4032,320,244,7.481
4033,320,215,7.481
4034,183,129,5.611
4035,320,236,7.426
4036,320,232,7.667
4037,195,147,5.778
4038,320,237,7.555
4039,320,248,7.444
4040,160,108,5.222
4041,320,210,7.445
4042,320,228,7.278
4043,157,115,4.852
4044,320,242,7.259
4045,320,246,7.352
4046,168,126,5.222
4047,320,236,7.241
4048,320,253,7.222
4049,175,138,5.203
4050,320,223,7.500
4051,320,233,7.463
4052,207,163,5.870
4053,320,227,7.889
4054,320,234,7.852
4055,185,148,5.629
4056,320,216,7.574
4057,320,225,7.425
4058,156,121,4.871
4059,320,223,7.371
4060,320,222,7.500
4061,179,132,5.445
4062,320,235,7.611
4063,320,242,7.500
4064,175,136,5.333
4065,320,235,7.352
4066,320,250,7.222
4067,191,147,5.556
4068,320,256,7.370
4069,320,240,7.611
4070,192,124,5.963
4071,320,242,7.574
4072,320,232,7.537
4073,162,112,5.222
4074,320,226,7.352
4075,320,237,7.074
4076,168,118,5.241
4077,320,247,7.333
4078,320,237,7.315
4079,189,135,5.574
4080,320,226,7.778
4081,320,263,7.371
4082,185,154,5.630
4083,320,254,7.204
4084,320,257,7.482
4085,203,158,5.889
4086,320,228,7.907
4087,320,253,7.185
4088,180,126,5.426
4089,320,234,7.518
4090,320,218,7.649
4091,161,126,5.074
4092,320,236,7.111
4093,320,241,7.407
4094,182,137,5.315
4095,320,247,7.425
4096,320,218,7.426
4097,194,144,7.130
4098,320,262,7.852
4099,320,264,7.666
4100,214,169,6.648
4101,320,254,7.907
4102,320,227,8.204
4103,187,137,5.778
4104,320,252,7.629
4105,320,227,7.685
4106,179,116,5.500
4107,320,229,7.630
4108,320,217,7.630
4109,184,137,5.630
4110,320,235,7.722
4111,320,238,7.814
4112,178,132,5.500
4113,320,235,7.352
4114,320,257,7.148
4115,209,173,5.797
4116,320,254,7.704
4117,320,271,7.537
4118,208,161,6.723
4119,320,233,7.889
4120,320,246,7.463
4121,188,146,6.018
4122,320,244,7.426
4123,320,233,7.463
4124,181,135,5.500
4125,320,234,7.352
4126,320,226,7.556
4127,196,136,5.889
4128,320,231,8.092
4129,320,230,7.629
4130,199,153,5.944
4131,320,252,7.537
4132,320,263,7.482
4133,216,171,6.148
4134,320,247,7.667
4135,320,244,8.018
4136,213,147,6.482
4137,320,245,7.833
4138,320,241,7.686
4139,210,169,6.074
4140,320,243,7.611
4141,320,221,7.907
4142,187,143,5.667
4143,320,240,7.463
4144,320,240,7.407
4145,182,138,5.482
4146,320,240,7.222
4147,320,240,7.463
4148,214,171,5.982
4149,320,234,7.852
4150,320,240,8.037
4151,222,176,6.500
4152,320,248,7.907
4153,320,241,7.944
4154,207,163,6.167
4155,320,255,7.871
4156,320,239,8.056
4157,214,168,6.185
4158,320,243,8.297
4159,320,240,8.019
4160,202,151,6.222
4161,320,226,7.814
4162,320,258,8.000
4163,185,137,5.574
4164,320,249,7.389
4165,320,260,7.111
4166,201,154,5.889
4167,320,239,7.685
4168,320,244,7.611
4169,224,168,6.462
4170,320,254,7.815
4171,320,254,8.000
4172,215,168,6.315
4173,320,252,7.982
4174,320,252,7.778
4175,213,166,6.056
4176,320,242,7.796
4177,320,244,7.833
4178,206,159,6.130
4179,320,239,7.889
4180,320,220,7.703
4181,203,156,5.907
4182,320,239,14.222
4183,320,244,8.241
4184,210,162,6.166
4185,320,252,7.815
4186,320,255,7.667
4187,213,163,6.185
4188,320,253,7.574
4189,320,250,7.852
4190,227,173,6.685
4191,320,237,7.926
4192,320,252,7.833
4193,211,168,6.203
4194,320,246,7.666
4195,320,261,7.703
4196,218,174,6.278
4197,320,242,7.908
4198,320,236,7.740
4199,195,150,5.759
4200,320,241,7.500
4201,320,229,7.648
4202,218,169,6.204
4203,320,258,7.648
4204,320,249,7.592
4205,208,165,6.222
4206,320,259,7.556
4207,320,256,7.611
4208,224,172,6.388
4209,320,259,7.649
4210,320,257,7.796
4211,221,160,6.407
4212,320,249,7.871
4213,320,251,7.685
4214,231,171,6.649
4215,320,241,8.000
4216,320,241,7.945
4217,206,156,6.371
4218,320,232,7.722
4219,320,243,7.500
4220,205,157,6.037
4221,320,242,7.759
4222,320,250,7.630
4223,217,165,6.314
4224,320,245,7.870
4225,320,246,7.778
4226,223,178,6.334
4227,320,251,8.018
4228,320,257,7.815
4229,222,157,6.629
4230,320,256,7.704
4231,320,257,7.648
4232,212,170,6.093
4233,320,256,7.537
4234,320,257,7.722
4235,226,173,6.500
4236,320,222,8.037
4237,320,238,8.074
4238,212,170,6.055
4239,320,243,7.741
4240,320,254,7.703
4241,208,164,6.055
4242,320,255,7.518
4243,320,257,7.370
4244,216,160,6.296
4245,320,259,7.500
4246,320,256,7.777
4247,229,177,6.852
4248,320,256,7.963
4249,320,257,7.685
4250,225,181,6.537
4251,320,254,8.167
4252,320,261,7.630
4253,218,188,6.056
4254,320,262,7.574
4255,320,250,7.723
4256,215,166,6.241
4257,320,254,7.519
4258,320,240,7.741
4259,221,150,6.629
4260,320,230,7.982
4261,320,261,7.555
4262,214,166,6.537
4263,320,259,7.537
4264,320,268,7.426
4265,219,187,6.240
4266,320,251,7.796
4267,320,247,7.815
4268,223,169,6.352
4269,320,241,13.555
4270,320,251,8.963
4271,238,184,6.778
4272,320,252,8.296
4273,320,268,7.870
4274,228,180,7.408
4275,320,242,8.686
4276,320,239,8.148
4277,215,171,6.519
4278,320,248,7.852
4279,320,246,8.018
4280,218,178,6.463
4281,320,242,8.204
4282,320,245,7.963
4283,228,177,6.871
4284,320,251,8.463
4285,320,265,8.166
4286,227,182,6.555
4287,320,258,8.056
4288,320,258,7.871
4289,231,191,6.796
4290,320,262,7.796
4291,320,240,8.222
4292,226,175,7.037
4293,320,248,7.889
4294,320,241,8.945
4295,245,176,7.852
4296,320,246,46.555
4297,320,256,8.667
4298,227,182,7.259
4299,320,252,11.722
4300,320,248,9.296
4301,208,170,6.500
4302,320,238,8.371
4303,320,259,9.259
4304,230,171,7.000
4305,320,257,8.518
4306,320,254,8.871
4307,240,185,7.481
4308,320,245,8.426
4309,320,249,9.092
4310,238,191,7.389
4311,320,250,9.371
4312,320,258,8.556
4313,227,190,7.111
4314,320,262,34.778
4315,320,262,8.092
4316,243,190,7.111
4317,320,234,8.777
4318,320,246,8.777
4319,237,177,7.593
4320,320,240,8.426
4321,320,248,8.148
4322,226,174,6.963
4323,320,246,8.130
4324,320,250,8.000
4325,229,173,6.870
4326,320,270,7.796
4327,320,255,8.093
4328,239,175,6.982
4329,320,261,7.963
4330,320,252,8.259
4331,247,193,7.482
4332,320,251,8.315
4333,320,242,8.407
4334,240,186,7.241
4335,320,260,8.519
4336,320,263,7.982
4337,236,193,6.851
4338,320,251,8.111
4339,320,257,8.148
4340,240,187,7.018
4341,320,248,8.666
4342,320,244,8.278
4343,233,166,7.222
4344,320,234,8.278
4345,320,251,8.055
4346,240,187,7.148
4347,320,240,8.167
4348,320,253,8.037
4349,231,186,6.852
4350,320,247,8.092
4351,320,258,7.833
4352,244,181,7.222
4353,320,256,8.074
4354,320,249,8.148
4355,240,183,7.203
4356,320,242,8.426
4357,320,232,8.408
4358,252,211,7.074
4359,320,240,8.537
4360,320,252,8.277
4361,247,206,7.389
4362,320,244,8.407
4363,320,240,8.389
4364,240,192,7.333
4365,320,249,8.167
4366,320,247,8.129
4367,239,171,7.000
4368,320,253,8.297
4369,320,245,8.148
4370,250,195,7.260
4371,320,244,8.481
4372,320,243,8.593
4373,254,185,7.852
4374,320,245,8.463
4375,320,239,8.518
4376,249,197,7.426
4377,320,258,8.092
4378,320,259,8.204
4379,242,176,7.352
4380,320,258,8.148
4381,320,254,8.111
4382,256,188,7.519
4383,320,240,8.556
4384,320,245,8.574
4385,259,215,7.722
4386,320,233,8.667
4387,320,243,8.537
4388,236,161,7.685
4389,320,240,8.240
4390,320,251,7.870
4391,229,178,6.519
4392,320,248,8.056
4393,320,240,8.074
4394,244,184,7.056
4395,320,245,8.426
4396,320,224,8.481
4397,242,188,7.241
4398,320,242,8.500
4399,320,237,8.370
4400,246,191,7.204
4401,320,245,8.444
4402,320,232,8.315
4403,240,183,7.222
4404,320,253,8.055
4405,320,251,8.111
4406,253,197,7.296
4407,320,256,8.426
4408,320,244,8.408
4409,248,171,7.685
4410,320,220,8.759
4411,320,232,8.408
4412,241,173,7.389
4413,320,225,8.463
4414,320,246,8.260
4415,243,188,7.371
4416,320,247,8.241
4417,320,246,8.111
4418,240,179,6.963
4419,320,233,8.260
4420,320,231,8.389
4421,244,185,7.352
4422,320,249,8.314
4423,320,227,14.037
4424,244,174,7.723
4425,320,226,8.389
4426,320,234,8.370
4427,254,183,7.648
4428,320,255,8.704
4429,320,247,8.352
4430,249,194,7.389
4431,320,239,8.611
4432,320,240,8.574
4433,241,182,7.408
4434,320,241,8.352
4435,320,229,8.259
4436,239,170,7.185
4437,320,227,8.278
4438,320,213,8.537
4439,261,177,8.019
4440,320,245,8.500
4441,320,246,8.814
4442,250,183,7.833
4443,320,247,8.463
4444,320,240,8.407
4445,244,193,7.314
4446,320,240,8.259
4447,320,245,8.222
4448,250,193,7.462
4449,320,252,8.408
4450,320,248,8.629
4451,255,185,7.777
4452,320,246,8.537
4453,320,240,8.611
4454,268,210,7.815
4455,320,235,8.889
4456,320,247,8.889
4457,257,176,8.370
4458,320,255,8.648
4459,320,234,8.667
4460,238,169,7.426
4461,320,240,8.482
4462,320,244,8.166
4463,241,175,7.130
4464,320,234,8.500
4465,320,224,8.648
4466,258,177,7.685
4467,320,219,8.649
4468,320,217,8.759
4469,252,183,7.741
4470,320,234,8.851
4471,320,234,8.592
4472,244,175,7.611
4473,320,222,8.612
4474,320,230,8.445
4475,244,174,7.314
4476,320,247,8.167
4477,320,251,8.167
4478,255,172,7.759
4479,320,222,8.852
4480,320,213,8.908
4481,242,169,7.556
4482,320,213,8.759
4483,320,233,8.463
4484,237,166,7.166
4485,320,226,8.333
4486,320,224,8.296
4487,241,176,7.148
4488,320,228,8.778
4489,320,224,8.370
4490,241,181,7.111
4491,320,226,8.500
4492,320,240,8.314
4493,252,167,7.666
4494,320,233,8.686
4495,320,246,8.445
4496,245,180,7.537
4497,320,236,8.593
4498,320,241,8.333
4499,249,186,7.408
4500,320,236,8.556
4501,320,229,8.425
4502,240,185,7.296
4503,320,223,8.500
4504,320,208,8.648
4505,241,164,7.666
4506,320,220,8.685
4507,320,229,8.593
4508,258,191,7.574
4509,320,223,8.666
4510,320,235,8.871
4511,249,184,7.704
4512,320,240,8.555
4513,320,235,8.462
4514,237,158,7.278
4515,320,240,8.389
4516,320,238,8.111
4517,242,176,7.407
4518,320,203,8.704
4519,320,215,8.649
4520,266,171,8.166
4521,320,237,8.871
4522,320,233,8.722
4523,258,189,7.871
4524,320,243,8.833
4525,320,227,8.889
4526,232,176,7.018
4527,320,228,8.537
4528,320,232,8.278
4529,238,163,7.240
4530,320,220,8.462
4531,320,232,8.240
4532,249,173,7.370
4533,320,233,8.444
4534,320,234,8.482
4535,255,187,7.574
4536,320,211,8.851
4537,320,229,8.740
4538,249,188,7.760
4539,320,227,8.723
4540,320,222,8.592
4541,240,165,7.315
4542,320,232,8.426
4543,320,236,8.296
4544,249,194,7.056
4545,320,234,8.352
4546,320,228,8.722
4547,258,173,7.907
4548,320,207,9.037
4549,320,216,9.111
4550,253,180,7.852
4551,320,196,8.852
4552,320,208,8.963
4553,241,183,7.463
4554,320,225,8.408
4555,320,226,8.351
4556,246,170,7.556
4557,320,227,8.481
4558,320,244,8.426
4559,253,189,7.426
4560,320,225,8.703
4561,320,228,8.797
4562,265,180,8.074
4563,320,218,8.907
4564,320,231,9.074
4565,259,182,8.296
4566,320,238,8.778
4567,320,228,9.130
4568,259,206,7.796
4569,320,229,8.778
4570,320,225,8.926
4571,258,179,8.240
4572,320,218,9.074
4573,320,228,8.852
4574,257,175,7.963
4575,320,234,8.666
4576,320,227,8.926
4577,261,173,8.185
4578,320,208,9.037
4579,320,227,9.167
4580,267,181,8.444
4581,320,222,9.240
4582,320,232,9.037
4583,259,180,8.056
4584,320,230,8.759
4585,320,243,9.222
4586,255,193,7.833
4587,320,221,8.815
4588,320,237,8.593
4589,254,170,7.796
4590,320,245,8.445
4591,320,239,8.704
4592,268,180,8.019
4593,320,224,9.260
4594,320,229,9.389
4595,277,187,8.723
4596,320,208,9.481
4597,320,230,9.500
4598,251,184,8.056
4599,320,219,8.963
4600,320,236,8.741
4601,254,180,7.815
4602,320,231,17.723
4603,320,236,9.611
4604,255,179,8.074
4605,320,230,8.685
4606,320,219,8.870
4607,265,180,8.222
4608,320,217,9.222
4609,320,224,9.166
4610,277,196,8.482
4611,320,246,9.149
4612,320,222,9.518
4613,267,195,8.537
4614,320,233,9.314
4615,320,214,9.111
4616,254,174,8.130
4617,320,238,8.685
4618,320,261,8.351
4619,265,172,8.315
4620,320,209,9.037
4621,320,213,9.185
4622,261,172,8.352
4623,320,214,9.074
4624,320,219,9.092
4625,277,189,8.685
4626,320,197,9.686
4627,320,223,9.500
4628,265,174,8.833
4629,320,223,9.185
4630,320,223,9.185
4631,251,181,7.870
4632,320,232,8.704
4633,320,232,8.648
4634,265,190,8.000
4635,320,229,8.926
4636,320,222,9.056
4637,271,200,8.629
4638,320,213,9.444
4639,320,230,9.092
4640,264,168,8.630
4641,320,204,9.426
4642,320,214,9.259
4643,273,189,8.593
4644,320,224,9.278
4645,320,225,9.352
4646,268,181,8.611
4647,320,234,9.037
4648,320,223,9.056
4649,258,181,8.223
4650,320,220,8.945
4651,320,215,9.074
4652,273,174,8.389
4653,320,207,9.259
4654,320,206,9.630
4655,284,184,9.222
4656,320,201,10.111
4657,320,204,10.019
4658,275,181,9.130
4659,320,225,9.537
4660,320,221,9.760
4661,277,209,8.834
4662,320,225,10.389
4663,320,241,9.166
4664,273,194,8.722
4665,320,230,9.296
4666,320,233,9.148
4667,266,193,8.518
4668,320,217,9.241
4669,320,197,9.370
4670,278,187,8.889
4671,320,211,9.537
4672,320,220,9.537
4673,270,160,8.963
4674,320,176,9.833
4675,320,196,9.870
4676,279,190,9.019
4677,320,226,9.518
4678,320,221,9.648
4679,264,177,8.852
4680,320,239,9.222
4681,320,222,9.037
4682,265,173,8.519
4683,320,223,9.074
4684,320,229,9.092
4685,262,184,8.371
4686,320,193,9.370
4687,320,201,9.371
4688,275,173,8.741
4689,320,196,9.315
4690,320,216,9.685
4691,287,184,9.482
4692,320,235,9.778
4693,320,217,9.704
4694,267,169,9.333
4695,320,221,9.611
4696,320,224,9.537
4697,251,142,8.500
4698,320,215,9.019
4699,320,193,8.926
4700,251,153,7.871
4701,320,185,9.204
4702,320,195,9.092
4703,266,143,8.574
4704,320,192,9.555
4705,320,183,9.833
4706,279,181,9.019
4707,320,213,9.870
4708,320,214,9.592
4709,267,156,9.222
4710,320,210,9.500
4711,320,207,9.333
4712,251,157,8.278
4713,320,192,9.130
4714,320,193,9.204
4715,258,149,8.481
4716,320,198,9.148
4717,320,191,9.092
4718,259,156,8.204
4719,320,193,9.260
4720,320,171,9.462
4721,274,165,8.796
4722,320,168,9.870
4723,320,187,9.556
4724,249,135,8.685
4725,320,187,9.352
4726,320,185,9.130
4727,236,140,7.630
4728,320,188,8.944
4729,320,174,9.111
4730,250,150,7.648
4731,320,183,9.408
4732,320,209,9.111
4733,266,152,8.556
4734,320,183,9.574
4735,320,186,9.685
4736,277,151,9.166
4737,320,199,9.870
4738,320,176,10.000
4739,244,159,14.260
4740,320,161,9.166
4741,320,204,9.056
4742,238,127,7.593
4743,320,205,8.777
4744,320,182,8.944
4745,244,126,7.870
4746,320,170,8.963
4747,320,132,9.129
4748,259,129,8.259
4749,320,159,9.685
4750,320,171,9.703
4751,257,140,8.519
4752,320,180,9.870
4753,320,171,9.630
4754,227,130,7.296
4755,320,175,9.203
4756,320,191,8.778
4757,243,155,7.519
4758,320,185,8.963
4759,320,186,9.056
4760,250,127,8.000
4761,320,159,9.241
4762,320,152,9.481
4763,254,142,8.259
4764,320,159,9.370
4765,320,159,9.537
4766,244,118,8.241
4767,320,157,9.222
4768,320,156,9.037
4769,223,108,6.981
4770,320,156,9.037
4771,320,160,8.704
4772,212,88,6.685
4773,320,151,8.519
4774,320,141,8.574
4775,233,100,7.481
4776,320,151,8.870
4777,320,155,9.000
4778,243,157,8.074
4779,320,183,9.315
4780,320,172,8.944
4781,212,101,6.852
4782,320,182,8.777
4783,320,169,8.445
4784,215,84,6.722
4785,320,149,8.481
4786,320,137,8.685
4787,247,84,7.852
4788,320,140,9.259
4789,320,137,9.444
4790,216,95,7.925
4791,320,142,8.592
4792,320,140,8.351
4793,180,95,6.111
4794,320,164,8.259
4795,320,143,8.074
4796,201,90,6.278
4797,320,126,8.185
4798,320,134,8.778
4799,238,104,7.685
4800,320,158,9.055
4801,320,148,8.833
4802,204,113,6.593
4803,320,162,8.703
4804,320,138,8.223
4805,181,92,5.908
4806,320,115,8.019
4807,320,112,7.926
4808,227,75,6.815
4809,320,122,8.482
4810,320,119,8.593
4811,198,78,6.778
4812,320,135,8.222
4813,320,155,7.981
4814,173,82,5.482
4815,320,157,8.037
4816,320,132,8.129
4817,219,93,6.815
4818,320,136,8.500
4819,320,129,8.667
4820,222,107,7.092
4821,320,143,8.648
4822,320,137,14.851
4823,176,74,5.982
4824,320,115,8.000
4825,320,126,7.611
4826,173,57,5.426
4827,320,123,7.871
4828,320,121,7.815
4829,209,81,6.240
4830,320,152,8.463
4831,320,162,8.500
4832,181,81,6.204
4833,320,149,8.222
4834,320,137,7.926
4835,180,79,5.760
4836,320,118,7.926
4837,320,121,8.259
4838,231,79,6.629
4839,320,112,8.555
4840,320,102,8.148
4841,180,69,6.148
4842,320,107,7.611
4843,320,108,7.518
4844,159,54,5.093
4845,320,138,7.778
4846,320,135,7.815
4847,219,92,6.630
4848,320,135,8.740
4849,320,142,8.630
4850,222,110,7.352
4851,320,160,8.685
4852,320,153,8.481
4853,189,100,6.056
4854,320,153,8.130
4855,320,140,8.148
4856,199,91,6.445
4857,320,105,7.851
4858,320,116,8.315
4859,237,86,7.093
4860,320,107,8.574
4861,320,103,8.222
4862,174,65,5.796
4863,320,138,7.852
4864,320,153,8.019
4865,189,82,5.815
4866,320,152,8.129
4867,320,140,8.148
4868,234,74,7.037
4869,320,151,9.278
4870,320,125,8.741
4871,232,97,7.444
4872,320,153,9.222
4873,320,159,8.778
4874,197,76,6.555
4875,320,127,8.371
4876,320,129,8.240
4877,200,68,6.092
4878,320,114,7.982
4879,320,92,8.129
4880,245,79,7.093
4881,320,127,8.945
4882,320,131,8.833
4883,212,82,7.204
4884,320,152,8.537
4885,320,157,8.537
4886,208,83,6.481
4887,320,142,8.482
4888,320,142,8.334
4889,217,95,6.852
4890,320,122,8.426
4891,320,135,8.833
4892,256,101,7.889
4893,320,119,9.148
4894,320,114,9.203
4895,227,92,7.630
4896,320,102,8.425
4897,320,115,8.259
4898,206,81,6.500
4899,320,118,8.259
4900,320,118,7.963
4901,205,68,6.149
4902,320,121,8.092
4903,320,142,8.667
4904,251,99,7.629
4905,320,130,9.314
4906,320,138,9.296
4907,224,98,7.408
4908,320,135,8.797
4909,320,155,8.667
4910,221,107,7.000
4911,320,140,8.667
4912,320,129,8.630
4913,236,79,12.259
4914,320,110,8.870
4915,320,97,8.852
4916,252,89,8.092
4917,320,107,9.185
4918,320,101,8.963
4919,223,87,7.574
4920,320,103,8.240
4921,320,120,8.518
4922,216,82,6.629
4923,320,133,8.537
4924,320,137,8.426
4925,235,84,7.000
4926,320,138,8.722
4927,320,133,8.834
4928,264,96,8.038
4929,320,133,9.389
4930,320,135,9.630
4931,253,110,8.519
4932,320,125,9.426
4933,320,158,9.537
4934,250,120,8.352
4935,320,148,9.093
4936,320,114,9.093
4937,241,79,7.648
4938,320,135,8.981
4939,320,113,8.666
4940,243,85,7.351
4941,320,122,9.019
4942,320,119,9.223
4943,257,96,8.371
4944,320,103,9.148
4945,320,101,9.333
4946,257,90,8.315
4947,320,138,9.259
4948,320,132,9.037
4949,244,113,7.945
4950,320,168,9.241
4951,320,137,9.037
4952,243,110,7.889
4953,320,146,9.056
4954,320,140,9.018
4955,282,111,8.686
4956,320,116,9.815
4957,320,129,9.574
4958,267,121,9.130
4959,320,142,10.037
4960,320,127,9.851
4961,250,98,8.388
4962,320,131,9.389
4963,320,131,9.426
4964,252,109,8.055
4965,320,126,9.018
4966,320,124,9.185
4967,249,81,7.852
4968,320,126,9.018
4969,320,111,8.945
4970,267,105,8.500
4971,320,148,9.685
4972,320,140,9.797
4973,274,125,9.314
4974,320,149,10.240
4975,320,139,9.945
4976,262,109,8.926
4977,320,164,9.981
4978,320,164,9.629
4979,261,133,8.630
4980,320,167,9.592
4981,320,155,9.796
4982,259,128,8.814
4983,320,139,9.685
4984,320,134,9.612
4985,278,130,9.037
4986,320,135,9.944
4987,320,132,10.167
4988,287,120,9.722
4989,320,125,10.648
4990,320,155,10.407
4991,261,111,9.185
4992,320,134,10.241
4993,320,154,16.648
4994,262,112,8.908
4995,320,147,9.611
4996,320,152,9.611
4997,263,126,8.981
4998,320,135,9.704
4999,320,138,9.778
5000,269,132,8.981
5001,320,159,10.055
5002,320,152,9.944
5003,278,133,9.315
5004,320,149,10.055
5005,320,150,10.055
5006,284,118,9.703
5007,320,137,10.351
5008,320,172,10.000
5009,280,131,9.815
5010,320,155,10.370
5011,320,161,10.130
5012,276,145,9.611
5013,320,141,10.222
5014,320,164,10.223
5015,272,136,9.445
5016,320,165,10.148
5017,320,139,9.907
5018,273,132,9.074
5019,320,144,9.907
5020,320,129,9.889
5021,282,127,9.389
5022,320,138,10.352
5023,320,152,10.018
5024,276,122,9.593
5025,320,154,10.333
5026,320,163,10.278
5027,275,138,9.445
5028,320,149,9.926
5029,320,153,9.981
5030,272,153,9.278
5031,320,175,10.149
5032,320,169,10.000
5033,276,150,9.241
5034,320,153,10.000
5035,320,144,10.407
5036,277,139,9.537
5037,320,174,9.908
5038,320,169,10.389
5039,289,161,9.777
5040,320,176,10.537
5041,320,174,10.685
5042,290,158,9.963
5043,320,175,10.851
5044,320,180,11.222
5045,298,165,10.722
5046,320,187,10.871
5047,320,175,10.722
5048,286,177,10.148
5049,320,175,10.556
5050,320,202,10.315
5051,289,168,9.815
5052,320,187,10.574
5053,320,181,10.574
5054,284,157,9.944
5055,320,191,10.500
5056,320,183,10.370
5057,298,159,10.204
5058,320,197,10.389
5059,320,189,10.759
5060,291,158,10.370
5061,320,185,11.037
5062,320,205,10.963
5063,301,162,10.741
5064,320,213,11.018
5065,320,193,11.389
5066,306,212,10.611
5067,320,224,11.333
5068,320,216,11.297
5069,310,209,11.092
5070,320,236,11.130
5071,320,220,11.278
5072,306,193,11.352
5073,320,224,11.778
5074,320,206,11.499
5075,304,209,11.111
5076,320,225,11.129
5077,320,224,11.055
5078,307,197,11.315
5079,320,233,11.315
5080,320,228,11.352
5081,311,238,11.056
5082,320,215,11.482
5083,320,230,13.426
5084,314,221,11.500
5085,320,215,11.908
5086,320,239,11.648
5087,312,230,11.241
5088,320,209,12.241
5089,320,233,12.741
5090,309,219,11.666
5091,320,215,11.740
5092,320,202,11.648
5093,309,217,11.277
5094,320,226,11.407
5095,320,212,11.426
5096,305,231,11.000
5097,320,213,11.407
5098,320,223,11.130
5099,305,196,11.074
5100,320,225,11.037
5101,320,212,11.481
5102,306,206,11.203
5103,320,226,11.389
5104,320,220,11.351
5105,308,218,10.944
5106,320,227,11.260
5107,320,236,11.148
5108,305,208,11.926
5109,320,219,11.389
5110,320,228,11.204
5111,308,206,11.093
5112,320,234,11.241
5113,320,220,11.315
5114,313,220,11.333
5115,320,227,11.592
5116,320,225,11.352
5117,312,218,11.315
5118,320,233,11.389
5119,320,237,11.296
5120,315,228,11.667
5121,320,239,11.907
5122,320,238,11.592
5123,314,232,11.444
5124,320,225,11.815
5125,320,223,11.593
5126,314,247,11.408
5127,320,240,11.796
5128,320,218,19.315
5129,317,238,11.556
5130,320,243,11.759
5131,320,227,12.223
5132,314,218,11.667
5133,320,251,11.889
5134,320,232,11.778
5135,319,240,11.759
5136,320,248,12.000
5137,320,250,11.833
5138,320,250,12.093
5139,1,0,7.833
5140,320,241,11.944
5141,320,256,11.834
5142,320,258,12.463
5143,6,5,8.204
5144,320,243,12.759
5145,320,257,12.648
5146,320,246,12.963
5147,11,8,8.666
5148,320,242,13.074
5149,320,244,13.593
5150,320,252,14.426
5151,20,19,9.592
5152,320,267,14.185
5153,320,270,13.963
5154,320,255,14.055
5155,24,22,10.203
5156,320,265,14.037
5157,320,268,14.000
5158,320,256,14.389
5159,15,12,10.593
5160,320,257,14.351
5161,320,256,14.703
5162,320,267,14.555
5163,16,12,11.778
5164,320,251,15.000
5165,320,262,14.426
5166,320,257,15.018
5167,16,13,10.277
5168,320,269,14.556
5169,320,261,14.111
5170,320,255,14.056
5171,15,12,10.352
5172,320,263,14.259
5173,320,257,14.240
5174,320,267,14.315
5175,12,10,9.944
5176,320,264,13.722
5177,320,271,13.556
5178,320,265,13.907
5179,16,14,9.777
5180,320,275,19.888
5181,320,259,15.000
5182,320,274,13.981
5183,15,15,12.111
5184,320,276,14.444
5185,320,268,14.074
5186,320,260,14.000
5187,18,16,10.167
5188,320,267,14.000
5189,320,260,14.314
5190,320,256,20.815
5191,18,16,11.037
5192,320,264,14.463
5193,320,263,14.667
5194,320,271,15.722
5195,20,18,10.685
5196,320,275,14.482
5197,320,269,14.463
5198,320,264,15.000
5199,21,15,10.926
5200,320,269,14.722
5201,320,253,15.149
5202,320,268,15.111
5203,22,17,11.056
5204,320,215,15.407
5205,320,279,15.240
5206,320,276,15.352
5207,53,45,11.908
5208,320,271,15.555
5209,320,270,15.315
5210,320,268,15.223
5211,32,29,11.852
5212,320,270,16.389
5213,320,261,16.463
5214,320,265,18.371
5215,27,20,12.741
5216,320,274,16.222
5217,320,266,16.148
5218,320,264,16.722
5219,29,25,12.870
5220,320,255,16.982
5221,320,264,17.111
5222,320,256,16.963
5223,26,21,12.889
5224,320,274,17.388
5225,320,255,17.889
5226,320,262,17.074
5227,26,23,13.407
5228,320,273,16.926
5229,320,272,18.759
5230,320,266,17.555
5231,25,21,13.870
5232,320,266,16.963
5233,320,270,17.982
5234,320,263,21.704
5235,25,23,13.148
5236,320,274,16.241
5237,320,264,17.629
5238,320,261,17.629
5239,27,22,53.018
5240,320,266,25.944
5241,320,279,70.240
5242,320,280,19.759
5243,30,22,15.925
5244,320,263,20.019
5245,320,264,18.667
5246,320,262,21.778
5247,28,24,14.889
5248,320,258,20.093
5249,320,278,19.889
5250,320,254,18.241
5251,33,24,15.167
5252,320,266,17.611
5253,320,241,20.037
5254,320,280,49.463
5255,31,22,14.722
5256,320,246,18.555
5257,320,280,17.352
5258,320,267,17.019
5259,28,24,14.592
5260,320,254,17.463
5261,320,264,17.815
5262,320,264,17.167
5263,33,23,13.908
5264,320,248,18.315
5265,320,265,17.889
5266,320,249,17.648
5267,27,23,14.037
5268,320,237,18.093
5269,320,254,18.148
5270,320,268,17.908
5271,44,33,14.499
5272,320,258,18.111
5273,320,257,18.222
5274,320,252,18.963
5275,32,23,14.981
5276,320,251,19.278
5277,320,260,19.130
5278,320,254,19.519
5279,33,24,15.352
5280,320,266,18.611
5281,320,239,30.611
5282,320,239,19.407
5283,33,28,14.870
5284,320,249,18.260
5285,320,242,18.593
5286,320,244,19.241
5287,32,23,14.944
5288,320,263,18.759
5289,320,260,18.500
5290,320,267,18.556
5291,30,25,14.945
5292,320,259,18.611
5293,320,237,19.111
5294,320,284,18.425
5295,36,34,15.092
5296,320,263,18.463
5297,320,257,18.055
5298,320,271,17.704
5299,29,26,19.537
5300,320,279,18.130
5301,320,250,18.352
5302,320,262,18.629
5303,29,21,15.277
5304,320,278,19.722
5305,320,281,18.666
5306,320,258,19.537
5307,33,21,15.314
5308,320,261,18.852
5309,320,249,18.740
5310,320,252,18.814
5311,33,29,16.260
5312,320,275,19.333
5313,320,267,18.296
5314,320,264,17.908
5315,28,25,13.889
5316,320,274,17.630
5317,320,275,17.240
5318,320,269,17.056
5319,30,25,13.963
5320,320,270,17.519
5321,320,275,17.222
5322,320,258,17.352
5323,29,20,13.612
5324,320,271,17.629
5325,320,262,17.463
5326,320,274,17.278
5327,25,19,13.352
5328,320,251,17.167
5329,320,269,17.241
5330,320,256,17.222
5331,35,29,15.723
5332,320,268,17.185
5333,320,236,17.703
5334,320,259,17.389
5335,36,33,13.629
5336,320,254,17.444
5337,320,229,17.426
5338,320,252,17.611
5339,33,28,14.111
5340,320,268,17.537
5341,320,263,18.222
5342,320,221,18.445
5343,40,20,14.833
5344,320,227,18.908
5345,320,273,18.778
5346,320,222,18.629
5347,36,25,14.667
5348,320,250,18.945
5349,320,234,19.129
5350,320,279,18.481
5351,34,27,15.648
5352,320,238,22.055
5353,320,226,19.945
5354,320,260,19.259
5355,45,34,15.945
5356,320,227,19.759
5357,320,275,29.944
5358,320,267,22.389
5359,36,32,15.667
5360,320,261,19.352
5361,320,209,20.019
5362,320,241,20.555
5363,36,31,15.981
5364,320,241,19.740
5365,320,270,19.388
5366,320,238,19.500
5367,37,28,16.148
5368,320,273,20.278
5369,320,223,19.981
5370,320,256,19.796
5371,41,31,15.704
5372,320,277,19.352
5373,320,256,23.481
5374,320,268,19.204
5375,32,28,14.889
5376,320,267,26.704
5377,320,249,19.334
5378,320,265,18.870
5379,28,23,14.315
5380,320,248,18.648
5381,320,262,18.981
5382,320,271,18.148
5383,30,29,13.852
5384,320,277,17.482
5385,320,260,18.018
5386,320,231,18.278
5387,27,23,13.926
5388,320,278,17.166
5389,320,258,17.148
5390,320,260,17.167
5391,27,19,12.944
5392,320,256,17.315
5393,320,271,17.241
5394,320,261,17.037
5395,29,25,13.481
5396,320,260,17.259
5397,320,275,16.611
5398,320,262,17.185
5399,27,24,12.944
5400,320,276,16.944
5401,320,249,16.778
5402,320,270,16.722
5403,31,28,13.000
5404,320,248,17.407
5405,320,273,17.536
5406,320,257,16.870
5407,29,25,13.315
5408,320,273,17.259
5409,320,250,17.778
5410,320,277,17.278
5411,28,18,13.370
5412,320,264,17.315
5413,320,260,17.111
5414,320,245,17.833
5415,33,22,13.593
5416,320,252,17.778
5417,320,251,17.315
5418,320,271,17.389
5419,27,20,13.463
5420,320,257,17.629
5421,320,231,18.371
5422,320,283,17.834
5423,30,23,14.167
5424,320,221,24.852
5425,320,275,19.704
5426,320,265,17.796
5427,31,27,13.981
5428,320,249,18.185
5429,320,272,17.648
5430,320,261,17.667
5431,29,18,13.999
5432,320,223,18.000
5433,320,288,17.370
5434,320,281,17.592
5435,28,22,14.037
5436,320,272,17.203
5437,320,262,17.037
5438,320,267,16.926
5439,30,19,13.962
5440,320,240,17.722
5441,320,262,17.296
5442,320,269,17.426
5443,29,27,13.408
5444,320,251,17.333
5445,320,287,20.111
5446,320,263,17.204
5447,28,21,13.167
5448,320,271,16.741
5449,320,273,17.130
5450,320,274,16.685
5451,23,20,12.556
5452,320,242,16.389
5453,320,274,16.537
5454,320,271,16.870
5455,27,22,12.537
5456,320,285,16.334
5457,320,266,16.093
5458,320,265,16.093
5459,23,22,12.352
5460,320,274,15.907
5461,320,264,16.500
5462,320,267,16.092
5463,24,19,11.759
5464,320,251,15.962
5465,320,255,16.241
5466,320,242,15.962
5467,25,21,12.482
5468,320,271,15.500
5469,320,261,15.574
5470,320,243,17.296
5471,23,20,12.389
5472,320,263,16.111
5473,320,241,23.278
5474,320,256,16.426
5475,28,13,12.463
5476,320,274,15.907
5477,320,269,16.148
5478,320,260,16.056
5479,20,15,11.944
5480,320,275,16.167
5481,320,257,15.907
5482,320,267,16.111
5483,25,22,12.111
5484,320,246,16.259
5485,320,256,16.055
5486,320,259,15.982
5487,23,20,12.074
5488,320,233,16.167
5489,320,269,16.018
5490,320,249,16.518
5491,30,23,13.500
5492,320,236,16.481
5493,320,262,16.148
5494,320,246,16.166
5495,26,23,12.056
5496,320,269,15.945
5497,320,271,16.241
5498,320,262,16.148
5499,23,20,12.648
5500,320,263,16.056
5501,320,264,15.778
5502,320,242,16.741
5503,27,23,12.408
5504,320,273,15.963
5505,320,277,16.111
5506,320,255,16.074
5507,26,23,12.407
5508,320,267,15.814
5509,320,274,15.796
5510,320,261,15.926
5511,22,18,15.129
5512,320,281,15.944
5513,320,273,15.722
5514,320,272,15.871
5515,22,19,11.870
5516,320,281,15.778
5517,320,277,15.704
5518,320,273,15.704
5519,23,18,12.149
5520,320,261,16.129
5521,320,280,15.703
5522,320,260,15.630
5523,22,20,11.814
5524,320,285,15.463
5525,320,265,15.222
5526,320,269,15.759
5527,21,19,11.889
5528,320,274,15.722
5529,320,255,15.592
5530,320,273,15.204
5531,23,20,12.888
5532,320,273,15.260
5533,320,269,15.574
5534,320,274,15.389
5535,23,19,12.055
5536,320,277,15.444
5537,320,279,15.278
5538,320,267,15.407
5539,22,16,11.908
5540,320,274,15.500
5541,320,257,15.611
5542,320,265,15.482
5543,21,18,11.351
5544,320,275,15.592
5545,320,266,15.277
5546,320,266,15.407
5547,18,12,11.278
5548,320,279,15.370
5549,320,261,15.278
5550,320,233,22.296
5551,23,16,13.852
5552,320,256,15.149
5553,320,271,15.371
5554,320,267,14.981
5555,19,9,11.481
5556,320,266,15.074
5557,320,260,15.111
5558,320,255,15.315
5559,19,15,10.852
5560,320,265,14.777
5561,320,271,15.203
5562,320,262,15.074
5563,18,15,10.981
5564,320,264,15.167
5565,320,264,14.926
5566,320,271,14.963
5567,17,16,10.797
5568,320,268,14.870
5569,320,274,14.611
5570,320,276,14.666
5571,17,13,12.648
5572,320,257,15.019
5573,320,262,14.611
5574,320,247,14.833
5575,18,15,10.444
5576,320,278,14.167
5577,320,276,14.093
5578,320,249,14.463
5579,16,15,10.463
5580,320,272,14.167
5581,320,262,14.389
5582,320,279,13.889
5583,14,12,10.241
5584,320,273,13.777
5585,320,283,13.666
5586,320,264,14.648
5587,19,16,10.037
5588,320,253,14.612
5589,320,260,14.037
5590,320,262,13.815
5591,12,10,9.908
5592,320,282,13.815
5593,320,271,14.223
5594,320,263,14.259
5595,14,10,10.055
5596,320,264,13.741
5597,320,269,13.981
5598,320,264,14.315
5599,15,14,9.963
5600,320,260,13.907
5601,320,262,14.259
5602,320,275,13.518
5603,15,9,10.111
5604,320,260,14.037
5605,320,261,14.130
5606,320,258,15.592
5607,15,13,9.926
5608,320,264,14.130
5609,320,274,13.666
5610,320,267,13.815
5611,13,10,10.074
5612,320,272,13.926
5613,320,261,14.074
5614,320,266,13.667
5615,15,12,9.871
5616,320,264,13.981
5617,320,264,13.667
5618,320,264,13.907
5619,12,7,9.759
5620,320,254,13.778
5621,320,272,13.315
5622,320,270,13.593
5623,13,10,9.481
5624,320,261,13.259
5625,320,262,13.685
5626,320,271,13.296
5627,5,4,10.574
5628,320,260,13.277
5629,320,275,13.537
5630,320,264,12.945
5631,7,4,8.871
5632,320,257,13.130
5633,320,247,13.092
5634,320,258,13.777
5635,7,6,8.463
5636,320,267,12.908
5637,320,266,12.629
5638,320,262,12.611
5639,2,1,8.333
5640,320,266,12.519
5641,320,258,12.351
5642,320,249,13.037
5643,4,2,8.111
5644,320,285,12.037
5645,320,260,18.148
5646,320,237,13.129
5647,5,3,8.093
5648,320,260,12.870
5649,320,247,12.611
5650,320,246,12.704
5651,1,0,8.407
5652,320,257,12.556
5653,320,261,12.648
5654,320,249,12.685
5655,3,3,9.092
5656,320,263,12.407
5657,320,261,12.500
5658,320,269,12.278
5659,6,4,8.204
5660,320,267,12.333
5661,320,274,11.963
5662,320,255,12.574
5663,3,2,8.149
5664,320,254,12.574
5665,320,265,12.555
5666,320,251,12.593
5667,4,3,8.129
5668,320,246,12.277
5669,320,279,12.185
5670,320,271,12.556
5671,9,8,8.574
5672,320,276,12.648
5673,320,264,12.630
5674,320,270,12.741
5675,5,3,8.667
5676,320,273,12.796
5677,320,278,12.500
5678,320,255,12.740
5679,5,5,8.722
5680,320,271,12.463
5681,320,260,12.574
5682,320,278,12.500
5683,4,4,8.167
5684,320,268,12.166
5685,320,273,12.111
5686,320,263,12.778
5687,8,6,8.481
5688,320,261,12.759
5689,320,263,12.500
5690,320,270,12.371
5691,2,2,8.185
5692,320,245,12.666
5693,320,264,12.555
5694,320,264,12.482
5695,3,3,8.204
5696,320,254,12.555
5697,320,273,13.074
5698,315,264,12.611
5699,320,268,12.037
5700,320,258,12.148
5701,320,260,12.463
5702,1,1,7.908
5703,320,263,11.944
5704,320,264,11.574
5705,315,263,11.685
5706,320,254,11.722
5707,320,266,11.630
5708,317,266,11.444
5709,320,276,11.315
5710,320,260,11.592
5711,310,245,11.629
5712,320,264,11.908
5713,320,246,11.425
5714,315,254,11.333
5715,320,247,11.500
5716,320,247,11.259
5717,315,253,11.240
5718,320,252,11.371
5719,320,265,11.241
5720,315,257,11.259
5721,320,253,11.537
5722,320,268,11.352
5723,316,228,11.852
5724,320,264,11.518
5725,320,271,11.370
5726,314,256,11.482
5727,320,268,11.519
5728,320,274,11.963
5729,314,264,11.241
5730,320,269,11.260
5731,320,270,11.314
5732,312,263,11.000
5733,320,269,11.166
5734,320,268,11.222
5735,314,265,11.074
5736,320,268,11.019
5737,320,263,11.408
5738,312,256,11.278
5739,320,246,11.351
5740,320,262,11.278
5741,314,256,11.167
5742,320,256,11.315
5743,320,262,11.314
5744,307,239,11.185
5745,320,246,11.186
5746,320,258,11.204
5747,309,246,10.852
5748,320,238,11.185
5749,320,259,10.815
5750,305,234,11.000
5751,320,267,10.908
5752,320,255,10.760
5753,302,236,10.630
5754,320,265,10.500
5755,320,269,10.740
5756,299,249,10.185
5757,320,267,10.537
5758,320,253,10.537
5759,301,241,10.204
5760,320,268,10.111
5761,320,258,10.593
5762,299,227,10.426
5763,320,270,10.111
5764,320,257,10.333
5765,300,233,10.240
5766,320,255,10.259
5767,320,256,10.315
5768,299,239,10.167
5769,320,246,10.500
5770,320,254,10.241
5771,300,259,9.814
5772,320,248,10.574
5773,320,255,10.167
5774,300,242,10.130
5775,320,259,10.315
5776,320,266,10.555
5777,296,246,9.722
5778,320,256,10.574
5779,320,260,10.296
5780,292,236,9.963
5781,320,257,10.037
5782,320,258,9.981
5783,291,232,9.537
5784,320,236,10.333
5785,320,259,9.851
5786,284,228,14.723
5787,320,249,9.722
5788,320,242,9.833
5789,295,234,9.333
5790,320,252,9.926
5791,320,261,9.667
5792,288,233,9.407
5793,320,254,10.056
5794,320,253,9.926
5795,296,235,9.574
5796,320,253,10.037
5797,320,256,10.018
5798,291,237,9.444
5799,320,269,9.703
5800,320,250,10.092
5801,289,241,9.314
5802,320,255,9.834
5803,320,256,9.704
5804,292,230,9.704
5805,320,242,9.889
5806,320,261,9.944
5807,296,241,9.611
5808,320,258,10.037
5809,320,249,9.944
5810,296,241,9.537
5811,320,265,10.056
5812,320,258,9.722
5813,292,246,9.278
5814,320,263,9.908
5815,320,268,9.908
5816,287,235,9.370
5817,320,264,9.593
5818,320,266,9.519
5819,286,235,9.074
5820,320,273,9.593
5821,320,245,9.815
5822,294,238,9.278
5823,320,259,9.629
5824,320,257,9.982
5825,303,245,9.834
5826,320,250,10.056
5827,320,264,10.093
5828,297,236,10.000
5829,320,251,10.426
5830,320,257,10.297
5831,303,223,10.389
5832,320,268,10.186
5833,320,257,10.259
5834,303,240,10.148
5835,320,257,10.629
5836,320,242,10.648
5837,300,244,10.056
5838,320,263,10.167
5839,320,260,10.278
5840,303,236,11.222
5841,320,262,10.278
5842,320,253,10.111
5843,307,244,10.037
5844,320,264,15.925
5845,320,245,10.630
5846,298,257,9.834
5847,320,269,10.426
5848,320,247,10.574
5849,305,250,10.093
5850,320,258,10.277
5851,320,257,10.315
5852,300,218,10.518
5853,320,244,10.796
5854,320,262,10.296
5855,298,224,10.056
5856,320,248,10.352
5857,320,254,10.166
5858,294,229,9.741
5859,320,266,9.871
5860,320,252,10.186
5861,297,218,9.777
5862,320,266,9.907
5863,320,249,10.130
5864,293,231,9.759
5865,320,246,10.148
5866,320,251,10.000
5867,298,220,9.945
5868,320,256,10.037
5869,320,231,10.241
5870,303,247,10.092
5871,320,240,10.426
5872,320,228,10.648
5873,304,248,10.296
5874,320,226,10.852
5875,320,244,10.889
5876,315,231,10.926
5877,320,225,11.259
5878,320,248,10.963
5879,309,239,10.815
5880,320,247,11.074
5881,320,256,10.889
5882,303,227,10.648
5883,320,258,10.703
5884,320,253,10.834
5885,301,260,10.278
5886,320,262,10.408
5887,320,252,10.500
5888,303,243,10.204
5889,320,249,10.667
5890,320,253,10.352
5891,299,234,10.019
5892,320,235,11.463
5893,320,234,10.815
5894,305,222,10.630
5895,320,232,10.740
5896,320,249,10.667
5897,305,210,10.666
5898,320,253,10.574
5899,320,250,10.574
5900,298,230,10.166
5901,320,237,10.574
5902,320,228,10.593
5903,305,204,10.537
5904,320,244,10.648
5905,320,223,10.593
5906,306,207,10.518
5907,320,239,10.704
5908,320,267,10.500
5909,298,218,18.925
5910,320,256,10.593
5911,320,242,10.537
5912,297,232,10.111
5913,320,253,10.482
5914,320,237,10.630
5915,300,225,10.278
5916,320,237,10.333
5917,320,241,10.481
5918,307,210,10.611
5919,320,229,11.074
5920,320,243,10.685
5921,311,207,10.963
5922,320,252,11.297
5923,320,249,11.055
5924,302,238,10.574
5925,320,240,11.334
5926,320,223,11.018
5927,310,234,11.056
5928,320,243,11.278
5929,320,236,11.185
5930,304,224,10.815
5931,320,237,11.352
5932,320,274,12.000
5933,289,221,10.555
5934,320,223,11.278
5935,320,242,11.444
5936,297,213,10.649
5937,320,250,10.740
5938,320,233,12.407
5939,303,204,10.593
5940,320,244,10.852
5941,320,195,11.333
5942,301,214,10.463
5943,320,220,11.019
5944,320,213,11.222
5945,301,205,11.055
5946,320,237,11.686
5947,320,233,50.519
5948,295,218,12.500
5949,320,226,11.148
5950,320,214,11.296
5951,297,217,66.703
5952,320,251,12.908
5953,320,249,10.741
5954,297,192,10.611
5955,320,245,11.074
5956,320,236,13.723
5957,292,215,10.260
5958,320,228,10.760
5959,320,217,11.814
5960,294,216,10.592
5961,320,227,11.407
5962,320,236,10.889
5963,296,231,10.685
5964,320,204,47.315
5965,320,240,12.352
5966,295,222,9.981
5967,320,206,11.167
5968,320,233,10.333
5969,283,203,9.722
5970,320,219,10.148
5971,320,219,10.278
5972,289,168,9.648
5973,320,230,10.167
5974,320,226,9.796
5975,285,183,9.444
5976,320,247,9.852
5977,320,227,9.945
5978,282,200,10.685
5979,320,206,10.445
5980,320,244,9.704
5981,290,191,9.833
5982,320,201,10.574
5983,320,229,10.055
5984,281,204,9.482
5985,320,218,10.000
5986,320,209,10.000
5987,288,181,9.778
5988,320,219,10.277
5989,320,214,10.000
5990,277,199,9.333
5991,320,232,9.796
5992,320,249,9.204
5993,270,204,8.556
5994,320,244,9.259
5995,320,219,9.463
5996,277,197,8.630
5997,320,228,10.334
5998,320,237,9.204
5999,261,174,8.686
6000,320,207,9.463
6001,320,216,9.389
6002,270,181,8.500
6003,320,220,9.426
6004,320,221,9.259
6005,258,182,8.518
6006,320,208,9.112
6007,320,202,9.204
6008,265,187,8.296
6009,320,216,9.074
6010,320,215,9.445
6011,268,189,8.482
6012,320,222,9.203
6013,320,232,9.130
6014,264,193,8.129
6015,320,217,9.259
6016,320,218,9.222
6017,276,204,8.444
6018,320,204,9.481
6019,320,216,9.741
6020,280,185,9.093
6021,320,231,9.370
6022,320,237,9.186
6023,270,195,8.667
6024,320,236,9.185
6025,320,235,9.185
6026,260,183,8.203
6027,320,194,9.388
6028,320,227,9.019
6029,254,190,8.186
6030,320,211,9.667
6031,320,195,9.055
6032,265,183,8.278
6033,320,200,9.166
6034,320,219,26.222
6035,263,173,8.740
6036,320,232,9.037
6037,320,231,9.037
6038,260,192,8.018
6039,320,234,8.833
6040,320,216,9.019
6041,259,180,8.111
6042,320,208,9.185
6043,320,217,8.945
6044,272,207,9.167
6045,320,230,9.277
6046,320,222,9.425
6047,267,197,8.371
6048,320,239,9.093
6049,320,238,9.055
6050,272,204,8.481
6051,320,224,9.334
6052,320,219,9.296
6053,259,175,8.315
6054,320,238,8.778
6055,320,214,9.037
6056,251,175,7.796
6057,320,224,8.723
6058,320,218,8.871
6059,252,171,7.926
6060,320,205,9.278
6061,320,201,8.926
6062,259,208,7.777
6063,320,235,8.759
6064,320,210,9.389
6065,259,191,7.926
6066,320,220,8.852
6067,320,220,8.759
6068,262,199,8.259
6069,320,238,8.741
6070,320,241,8.685
6071,260,199,7.907
6072,320,244,8.611
6073,320,235,8.740
6074,255,202,7.685
6075,320,225,9.092
6076,320,218,8.907
6077,258,187,8.204
6078,320,217,9.019
6079,320,215,9.019
6080,237,170,7.333
6081,320,227,8.445
6082,320,225,8.407
6083,243,177,7.370
6084,320,247,8.111
6085,320,235,8.222
6086,234,154,7.111
6087,320,235,8.297
6088,320,233,8.278
6089,245,171,7.408
6090,320,231,8.481
6091,320,221,8.611
6092,256,192,7.740
6093,320,244,8.630
6094,320,258,8.444
6095,251,185,7.537
6096,320,225,8.574
6097,320,246,8.500
6098,255,207,7.778
6099,320,260,8.333
6100,320,233,8.389
6101,230,160,7.130
6102,320,223,8.666
6103,320,225,8.333
6104,231,166,6.852
6105,320,230,8.371
6106,320,215,8.203
6107,231,165,6.871
6108,320,237,8.093
6109,320,229,8.056
6110,235,163,6.982
6111,320,231,14.389
6112,320,250,8.130
6113,231,186,6.963
6114,320,241,8.537
6115,320,238,8.185
6116,241,187,7.037
6117,320,249,8.278
6118,320,230,8.408
6119,245,191,7.260
6120,320,234,8.426
6121,320,246,8.425
6122,221,165,6.722
6123,320,249,7.888
6124,320,222,7.908
6125,202,152,5.945
6126,320,217,8.074
6127,320,233,7.981
6128,209,143,6.351
6129,320,255,7.611
6130,320,235,7.703
6131,218,155,6.333
6132,320,256,7.704
6133,320,237,7.945
6134,223,176,6.408
6135,320,268,7.593
6136,320,239,7.907
6137,221,153,6.667
6138,320,257,7.667
6139,320,230,8.000
6140,222,167,6.740
6141,320,246,7.908
6142,320,241,7.592
6143,185,129,5.630
6144,320,236,7.592
6145,320,232,7.593
6146,185,134,5.611
6147,320,245,7.463
6148,320,251,7.574
6149,198,139,5.908
6150,320,250,7.482
6151,320,252,7.537
6152,218,174,6.129
6153,320,245,8.000
6154,320,243,7.703
6155,222,180,6.314
6156,320,245,8.056
6157,320,251,7.685
6158,205,156,6.296
6159,320,239,7.630
6160,320,240,7.463
6161,184,145,5.407
6162,320,220,7.611
6163,320,230,7.556
6164,190,142,5.593
6165,320,230,7.482
6166,320,239,7.518
6167,198,155,5.815
6168,320,253,7.389
6169,320,252,7.518
6170,217,182,6.074
6171,320,253,7.759
6172,320,254,7.630
6173,210,170,6.093
6174,320,255,7.555
6175,320,246,7.666
6176,195,142,5.889
6177,320,221,7.704
6178,320,243,7.500
6179,180,142,5.574
6180,320,238,7.500
6181,320,231,7.370
6182,190,131,5.629
6183,320,230,7.648
6184,320,258,7.315
6185,201,164,5.741
6186,320,257,7.370
6187,320,248,7.537
6188,216,177,6.185
6189,320,260,7.574
6190,320,254,7.685
6191,213,169,6.129
6192,320,246,7.666
6193,320,235,7.741
6194,184,146,5.444
6195,320,244,7.407
6196,320,239,7.241
6197,173,121,10.889
6198,320,251,7.426
6199,320,247,7.426
6200,186,151,5.445
6201,320,255,7.259
6202,320,252,7.333
6203,209,153,6.018
6204,320,274,7.815
6205,320,260,7.759
6206,203,176,7.000
6207,320,261,10.314
6208,320,263,12.129
6209,199,151,12.000
6210,320,249,18.500
6211,320,237,10.704
6212,175,131,7.574
6213,320,239,10.574
6214,320,240,14.185
6215,169,124,8.945
6216,320,261,11.259
6217,320,257,13.445
6218,201,158,10.759
6219,320,259,13.185
6220,320,234,8.463
6221,215,177,8.518
6222,320,254,13.407
6223,320,265,13.203
6224,207,170,13.148
6225,320,261,16.907
6226,320,254,17.186
6227,179,135,10.907
6228,320,250,16.407
6229,320,228,12.574
6230,173,122,8.556
6231,320,230,12.815
6232,320,248,12.889
6233,184,141,9.352
6234,320,251,13.075
6235,320,248,11.111
6236,202,178,8.203
6237,320,270,11.481
6238,320,253,15.797
6239,202,174,9.648
6240,320,246,8.371
6241,320,241,10.612
6242,200,155,11.926
6243,320,259,11.463
6244,320,250,12.907
6245,155,119,7.759
6246,320,236,11.778
6247,320,253,12.000
6248,167,132,9.111
6249,320,253,10.944
6250,320,247,12.204
6251,185,165,9.093
6252,320,277,11.204
6253,320,255,16.426
6254,197,150,10.000
6255,320,278,10.722
6256,320,267,12.870
6257,200,167,7.371
6258,320,242,64.352
6259,320,249,20.130
6260,159,128,10.259
6261,320,246,9.722
6262,320,245,11.667
6263,159,129,8.537
6264,320,265,11.111
6265,320,270,13.315
6266,175,143,11.537
6267,320,251,14.592
6268,320,266,14.314
6269,206,168,11.093
6270,320,269,15.037
6271,320,264,11.963
6272,195,163,9.222
6273,320,260,8.130
6274,320,255,14.314
6275,159,126,11.148
6276,320,232,17.037
6277,320,236,12.333
6278,156,113,8.222
6279,320,262,10.185
6280,320,272,15.111
6281,168,147,8.111
6282,320,266,12.723
6283,320,265,12.241
6284,199,160,6.241
6285,320,254,13.352
6286,320,267,11.981
6287,198,176,8.518
6288,320,267,9.871
6289,320,250,14.500
6290,169,131,7.370
6291,320,250,10.500
6292,320,241,10.296
6293,143,113,8.222
6294,320,263,9.981
6295,320,256,11.796
6296,171,144,8.759
6297,320,278,10.297
6298,320,258,8.186
6299,193,170,11.371
6300,320,273,10.055
6301,320,265,12.130
6302,197,171,9.833
6303,320,274,32.204
6304,320,258,10.315
6305,165,142,10.852
6306,320,265,15.963
6307,320,259,14.944
6308,141,116,12.685
6309,320,261,14.537
6310,320,259,17.519
6311,163,142,10.370
6312,320,280,18.296
6313,320,264,18.370
6314,189,166,24.722
6315,320,273,38.574
6316,320,282,36.852
6317,190,166,31.778
6318,320,273,35.593
6319,320,269,26.463
6320,152,123,27.278
6321,320,270,31.999
6322,320,258,28.574
6323,141,111,26.407
6324,320,268,27.723
6325,320,269,28.000
6326,163,139,19.223
6327,320,270,32.074
6328,320,278,33.555
6329,191,159,28.167
6330,320,278,30.648
6331,320,287,36.092
6332,184,160,16.537
6333,320,275,29.722
6334,320,270,29.018
6335,148,120,27.722
6336,320,244,43.573
6337,320,252,31.277
6338,143,116,26.759
6339,320,278,30.351
6340,320,279,27.259
6341,163,143,95.241
6342,320,275,24.426
6343,320,283,31.574
6344,185,158,28.796
6345,320,283,26.352
6346,320,283,29.444
6347,184,150,22.759
6348,320,270,28.963
6349,320,263,24.574
6350,142,119,29.593
6351,320,275,34.593
6352,320,260,32.277
6353,134,110,28.667
6354,320,278,31.204
6355,320,283,27.778
6356,170,154,34.833
6357,320,282,33.852
6358,320,278,25.944
6359,189,157,22.370
6360,320,291,35.944
6361,320,293,30.666
6362,168,147,33.870
6363,320,272,28.000
6364,320,269,22.685
6365,132,108,18.130
6366,320,260,23.833
6367,320,278,23.556
6368,137,117,20.185
6369,320,263,23.518
6370,320,282,87.556
6371,178,153,25.148
6372,320,277,20.981
6373,320,286,25.723
6374,184,166,20.388
6375,320,287,21.537
6376,320,270,28.000
6377,159,131,18.889
6378,320,272,25.611
6379,320,276,27.352
6380,124,102,20.092
6381,320,269,24.037
6382,320,280,21.944
6383,152,134,17.000
6384,320,288,27.000
6385,320,284,21.944
6386,177,160,22.648
6387,320,281,31.018
6388,320,284,25.870
6389,184,164,20.240
6390,320,273,22.481
6391,320,275,25.685
6392,139,118,24.629
6393,320,277,30.167
6394,320,278,36.315
6395,118,100,25.907
6396,320,282,25.111
6397,320,291,26.888
6398,160,139,29.407
6399,320,282,31.945
6400,320,289,28.000
6401,176,164,24.444
6402,320,276,37.963
6403,320,284,36.092
6404,173,141,28.074
6405,320,275,31.074
6406,320,276,31.370
6407,125,113,24.296
6408,320,271,28.277
6409,320,268,19.630
6410,136,123,24.352
6411,320,287,25.666
6412,320,281,27.759
6413,170,153,57.481
6414,320,287,41.037
6415,320,280,28.407
6416,181,164,22.481
6417,320,282,29.185
6418,320,289,25.167
6419,139,122,18.278
6420,320,271,18.537
6421,320,281,17.889
6422,119,109,13.630
6423,320,266,12.889
6424,320,284,14.426
6425,154,139,13.981
6426,320,287,16.778
6427,320,298,16.889
6428,177,158,16.111
6429,320,293,17.629
6430,320,278,16.186
6431,178,158,13.630
6432,320,285,19.241
6433,320,279,14.166
6434,120,110,11.667
6435,320,277,62.222
6436,320,279,19.222
6437,124,101,14.944
6438,320,286,19.574
6439,320,281,15.574
6440,166,155,16.685
6441,320,286,22.259
6442,320,285,12.630
6443,176,163,15.814
6444,320,277,19.537
6445,320,276,18.797
6446,148,133,13.593
6447,320,269,16.685
6448,320,274,15.056
6449,119,107,11.815
6450,320,286,19.685
6451,320,283,13.037
6452,138,128,7.796
6453,320,289,15.926
6454,320,289,16.500
6455,175,160,12.889
6456,320,290,15.463
6457,320,287,12.870
6458,175,157,14.482
6459,320,278,19.074
6460,320,272,19.037
6461,120,109,10.648
6462,320,276,15.723
6463,320,281,10.778
6464,118,108,11.963
6465,320,286,14.778
6466,320,294,21.648
6467,158,141,13.666
6468,320,288,17.945
6469,320,292,17.055
6470,181,160,12.611
6471,320,289,16.500
6472,320,292,11.371
6473,138,122,7.537
6474,320,278,10.574
6475,320,275,8.703
6476,114,95,5.518
6477,320,279,9.093
6478,320,280,8.778
6479,147,126,6.685
6480,320,296,8.092
6481,320,293,7.630
6482,170,156,6.241
6483,320,279,8.408
6484,320,290,8.241
6485,167,152,6.185
6486,320,282,8.037
6487,320,276,8.056
6488,114,102,5.185
6489,320,279,20.574
6490,320,276,7.130
6491,123,104,4.649
6492,320,289,7.222
6493,320,292,6.944
6494,164,152,5.481
6495,320,299,7.037
6496,320,287,7.463
6497,171,158,5.389
6498,320,296,6.889
6499,320,296,7.537
6500,126,113,4.722
6501,320,288,7.315
6502,320,280,6.648
6503,107,93,4.444
6504,320,279,7.370
6505,320,292,6.796
6506,148,136,4.741
6507,320,293,6.981
6508,320,286,7.241
6509,166,158,5.167
6510,320,299,6.796
6511,320,291,7.167
6512,154,143,4.926
6513,320,283,7.092
6514,320,284,6.648
6515,105,91,3.889
6516,320,279,7.648
6517,320,295,6.408
6518,129,118,4.315
6519,320,301,6.408
6520,320,305,6.630
6521,164,151,4.778
6522,320,295,6.926
6523,320,291,6.871
6524,167,148,4.926
6525,320,275,7.018
6526,320,275,6.797
6527,109,97,3.870
6528,320,276,6.685
6529,320,292,6.351
6530,113,103,3.907
6531,320,290,6.389
6532,320,292,6.722
6533,161,149,4.667
6534,320,295,6.666
6535,320,286,6.889
6536,170,156,4.889
6537,320,285,7.018
6538,320,286,6.833
6539,127,112,4.240
6540,320,278,6.574
6541,320,283,6.482
6542,107,93,3.741
6543,320,289,6.444
6544,320,290,6.482
6545,143,134,4.389
6546,320,307,6.463
6547,320,299,6.500
6548,166,154,5.000
6549,320,296,6.833
6550,320,281,6.648
6551,158,143,4.741
6552,320,273,6.963
6553,320,279,6.500
6554,101,90,3.685
6555,320,283,6.463
6556,320,293,6.148
6557,130,120,4.130
6558,320,303,6.463
6559,320,297,6.371
6560,164,155,4.685
6561,320,292,6.778
6562,320,298,6.537
6563,170,153,4.926
6564,320,282,7.000
6565,320,270,6.815
6566,106,90,3.796
6567,320,271,6.370
6568,320,284,6.222
6569,117,107,3.907
6570,320,283,6.370
6571,320,288,6.852
6572,159,145,4.703
6573,320,295,6.630
6574,320,296,6.760
6575,166,154,4.852
6576,320,294,6.963
6577,320,281,6.723
6578,122,108,4.167
6579,320,286,6.482
6580,320,281,6.370
6581,103,94,3.686
6582,320,280,6.704
6583,320,301,6.500
6584,148,131,4.592
6585,320,293,6.556
6586,320,296,6.630
6587,170,157,5.204
6588,320,290,6.926
6589,320,299,6.814
6590,151,134,4.815
6591,320,274,6.944
6592,320,284,6.463
6593,97,84,3.871
6594,320,292,6.277
6595,320,277,6.630
6596,131,116,4.222
6597,320,298,6.537
6598,320,293,6.722
6599,169,155,4.963
6600,320,288,7.019
6601,320,292,6.667
6602,163,150,4.759
6603,320,288,6.722
6604,320,281,6.500
6605,92,83,3.704
6606,320,275,6.352
6607,320,275,6.444
6608,123,108,4.074
6609,320,289,6.481
6610,320,286,6.574
6611,160,147,4.723
6612,320,303,6.704
6613,320,291,6.815
6614,164,152,4.870
6615,320,282,6.814
6616,320,280,6.870
6617,125,114,4.185
6618,320,280,6.593
6619,320,282,6.370
6620,103,91,3.760
6621,320,287,6.259
6622,320,286,6.593
6623,146,133,4.426
6624,320,294,6.592
6625,320,290,6.741
6626,171,154,4.944
6627,320,291,6.666
6628,320,290,6.630
6629,152,135,4.778
6630,320,273,6.815
6631,320,277,6.444
6632,98,90,3.685
6633,320,278,6.445
6634,320,282,6.351
6635,132,116,4.500
6636,320,294,6.537
6637,320,300,6.555
6638,166,151,5.037
6639,320,288,7.055
6640,320,290,6.592
6641,161,143,4.870
6642,320,277,6.814
6643,320,278,6.629
6644,102,88,3.926
6645,320,273,6.315
6646,320,291,6.519
6647,115,100,4.370
6648,320,285,6.870
6649,320,286,6.537
6650,167,152,4.778
6651,320,283,6.962
6652,320,285,6.888
6653,172,160,4.925
6654,320,282,7.797
6655,320,271,7.037
6656,126,111,4.241
6657,320,266,6.740
6658,320,282,6.444
6659,109,96,3.982
6660,320,290,6.574
6661,320,300,6.870
6662,148,136,4.445
6663,320,292,6.889
6664,320,287,7.111
6665,171,155,5.037
6666,320,293,7.926
6667,320,290,7.537
6668,151,140,4.870
6669,320,276,7.260
6670,320,276,6.648
6671,99,75,4.203
6672,320,277,6.630
6673,320,286,6.537
6674,132,112,5.203
6675,320,292,14.222
6676,320,285,7.055
6677,174,164,5.129
6678,320,292,7.722
6679,320,287,7.130
6680,169,162,5.037
6681,320,279,6.963
6682,320,272,6.926
6683,96,84,4.296
6684,320,281,6.723
6685,320,282,6.741
6686,113,100,4.963
6687,320,285,6.945
6688,320,291,22.815
6689,163,155,5.759
6690,320,278,7.834
6691,320,287,7.722
6692,167,146,5.611
6693,320,290,8.407
6694,320,272,10.500
6695,123,108,5.481
6696,320,278,8.167
6697,320,266,9.112
6698,107,88,5.981
6699,320,276,7.500
6700,320,278,8.223
6701,157,134,5.815
6702,320,287,8.278
6703,320,280,8.741
6704,168,147,5.593
6705,320,283,8.333
6706,320,284,7.889
6707,152,126,6.203
6708,320,277,7.703
6709,320,272,7.445
6710,96,83,4.408
6711,320,279,8.167
6712,320,279,7.907
6713,129,110,5.500
6714,320,294,7.222
6715,320,293,7.574
6716,166,146,7.074
6717,320,275,8.945
6718,320,282,7.814
6719,173,156,5.667
6720,320,270,7.574
6721,320,276,7.389
6722,102,86,4.574
6723,320,273,7.056
6724,320,280,6.926
6725,115,99,4.314
6726,320,280,6.982
6727,320,285,7.148
6728,161,145,5.111
6729,320,288,7.149
6730,320,278,7.240
6731,163,145,4.981
6732,320,296,6.944
6733,320,269,7.463
6734,126,116,4.315
6735,320,275,6.686
6736,320,275,6.667
6737,101,89,3.871
6738,320,274,6.907
6739,320,289,6.648
6740,149,135,4.815
6741,320,289,6.778
6742,320,280,7.445
6743,167,146,5.204
6744,320,286,6.852
6745,320,282,6.944
6746,155,131,5.055
6747,320,273,7.130
6748,320,262,7.018
6749,88,77,3.722
6750,320,276,6.482
6751,320,277,7.019
6752,138,118,4.926
6753,320,290,6.981
6754,320,281,6.760
6755,165,152,4.982
6756,320,285,6.944
6757,320,290,6.759
6758,162,141,5.296
6759,320,268,7.796
6760,320,279,6.852
6761,88,74,3.685
6762,320,275,7.148
6763,320,277,6.778
6764,121,107,4.370
6765,320,275,6.759
6766,320,290,7.000
6767,166,152,5.037
6768,320,290,7.037
6769,320,289,6.944
6770,164,151,4.889
6771,320,284,6.999
6772,320,264,7.148
6773,110,83,4.222
6774,320,265,7.019
6775,320,274,7.000
6776,110,97,3.963
6777,320,278,6.945
6778,320,303,6.371
6779,148,135,4.537
6780,320,282,6.871
6781,320,287,6.963
6782,162,147,4.852
6783,320,290,6.704
6784,320,278,6.796
6785,138,115,4.537
6786,320,271,6.704
6787,320,276,6.426
6788,89,65,3.778
6789,320,284,6.333
6790,320,280,6.629
6791,146,129,4.555
6792,320,294,6.685
6793,320,293,6.796
6794,159,139,4.889
6795,320,288,6.741
6796,320,283,6.908
6797,153,129,4.945
6798,320,277,6.925
6799,320,257,6.703
6800,82,66,3.518
6801,320,284,6.259
6802,320,274,6.592
6803,133,119,4.371
6804,320,278,6.834
6805,320,289,6.648
6806,162,149,4.871
6807,320,278,6.852
6808,320,290,6.648
6809,160,146,4.815
6810,320,279,7.204
6811,320,260,6.740
6812,94,75,3.704
6813,320,271,6.555
6814,320,284,6.426
6815,119,102,4.129
6816,320,272,6.723
6817,320,292,6.518
6818,164,151,4.852
6819,320,281,7.019
6820,320,279,6.833
6821,165,147,4.981
6822,320,274,7.000
6823,320,277,6.834
6824,110,91,3.944
6825,320,256,6.685
6826,320,273,6.518
6827,106,96,3.870
6828,320,272,6.593
6829,320,287,6.667
6830,155,138,4.796
6831,320,284,6.741
6832,320,279,6.889
6833,156,137,4.796
6834,320,288,6.593
6835,320,265,6.870
6836,132,112,4.334
6837,320,254,6.704
6838,320,254,6.649
6839,91,79,3.649
6840,320,273,6.370
6841,320,276,6.537
6842,147,130,4.519
6843,320,290,6.519
6844,320,283,6.871
6845,165,142,11.574
6846,320,278,7.260
6847,320,271,6.833
6848,153,131,4.796
6849,320,263,7.037
6850,320,258,6.667
6851,85,74,3.500
6852,320,273,6.278
6853,320,281,6.666
6854,141,126,4.463
6855,320,277,6.815
6856,320,288,6.759
6857,169,147,5.037
6858,320,284,7.055
6859,320,281,6.815
6860,157,146,4.722
6861,320,279,6.870
6862,320,260,6.963
6863,100,81,3.889
6864,320,252,6.667
6865,320,270,6.574
6866,120,106,4.074
6867,320,278,6.592
6868,320,290,6.555
6869,164,138,5.093
6870,320,280,7.092
6871,320,281,6.871
6872,158,137,4.778
6873,320,290,6.611
6874,320,261,6.722
6875,106,81,3.981
6876,320,262,6.630
6877,320,272,6.408
6878,106,86,3.926
6879,320,275,6.519
6880,320,281,6.592
6881,153,138,4.630
6882,320,280,6.815
6883,320,293,6.686
6884,152,126,4.796
6885,320,290,6.722
6886,320,269,7.037
6887,131,110,4.463
6888,320,260,6.555
6889,320,278,6.351
6890,89,71,3.611
6891,320,265,6.482
6892,320,282,6.500
6893,147,134,4.444
6894,320,284,7.056
6895,320,276,6.907
6896,158,147,4.704
6897,320,282,6.778
6898,320,289,6.592
6899,145,131,4.592
6900,320,259,6.814
6901,320,281,6.333
6902,84,72,3.463
6903,320,279,6.371
6904,320,269,6.426
6905,130,121,4.166
6906,320,272,6.593
6907,320,288,6.759
6908,162,135,4.870
6909,320,270,6.871
6910,320,279,6.648
6911,152,130,4.704
6912,320,267,6.741
6913,320,272,6.630
6914,75,60,3.426
6915,320,282,6.259
6916,320,275,6.370
6917,122,111,4.037
6918,320,286,6.593
6919,320,285,6.611
6920,156,143,4.630
6921,320,274,6.852
6922,320,297,6.481
6923,150,129,4.630
6924,320,267,6.870
6925,320,256,6.722
6926,83,62,3.519
6927,320,273,6.222
6928,320,280,6.333
6929,115,102,3.926
6930,320,275,6.815
6931,320,289,6.592
6932,158,134,4.852
6933,320,279,7.000
6934,320,294,6.426
6935,149,131,4.593
6936,320,273,6.777
6937,320,267,6.796
6938,83,68,3.537
6939,320,278,6.074
6940,320,289,11.760
6941,106,88,3.963
6942,320,286,6.371
6943,320,282,6.648
6944,160,143,4.722
6945,320,281,6.852
6946,320,289,6.574
6947,142,129,4.389
6948,320,280,6.741
6949,320,260,6.741
6950,79,69,3.426
6951,320,275,6.278
6952,320,283,6.111
6953,104,95,3.778
6954,320,278,6.518
6955,320,295,6.426
6956,154,138,4.648
6957,320,276,6.833
6958,320,290,6.574
6959,145,135,4.407
6960,320,272,6.815
6961,320,264,6.814
6962,89,67,3.648
6963,320,280,6.186
6964,320,279,6.167
6965,100,88,3.666
6966,320,280,6.481
6967,320,282,6.722
6968,161,139,4.778
6969,320,275,6.852
6970,320,287,6.593
6971,148,138,4.426
6972,320,271,6.815
6973,320,263,6.907
6974,108,90,3.926
6975,320,256,6.518
6976,320,274,6.222
6977,100,86,3.723
6978,320,285,6.370
6979,320,287,6.463
6980,154,142,4.574
6981,320,277,6.982
6982,320,277,7.037
6983,146,125,4.518
6984,320,278,6.648
6985,320,268,6.852
6986,119,91,4.260
6987,320,245,6.778
6988,320,284,6.388
6989,93,74,3.685
6990,320,275,6.574
6991,320,281,6.648
6992,148,132,4.556
6993,320,274,6.963
6994,320,275,6.926
6995,155,133,4.741
6996,320,280,6.667
6997,320,270,7.000
6998,128,104,4.407
6999,320,244,6.944
7000,320,245,6.648
7001,98,81,3.777
7002,320,278,6.444
7003,320,284,6.611
7004,135,116,4.315
7005,320,289,6.519
7006,320,281,6.815
7007,152,121,4.778
7008,320,285,6.555
7009,320,278,6.612
7010,139,112,4.555
7011,320,259,6.759
7012,320,266,6.666
7013,82,67,3.445
7014,320,272,6.426
7015,320,269,6.592
7016,135,116,4.333
7017,320,278,6.741
7018,320,277,6.889
7019,152,128,4.815
7020,320,262,6.907
7021,320,284,6.537
7022,145,125,4.592
7023,320,268,6.945
7024,320,252,6.574
7025,73,61,3.334
7026,320,269,6.297
7027,320,270,6.482
7028,130,110,4.260
7029,320,285,6.593
7030,320,271,6.815
7031,158,130,4.889
7032,320,277,7.000
7033,320,291,6.519
7034,138,115,16.185
7035,320,270,7.259
7036,320,268,6.963
7037,69,54,3.277
7038,320,260,6.537
7039,320,277,6.666
7040,127,108,4.222
7041,320,282,6.740
7042,320,278,7.019
7043,159,142,4.723
7044,320,276,6.796
7045,320,276,6.574
7046,142,119,4.463
7047,320,265,7.074
7048,320,254,7.018
7049,75,65,3.334
7050,320,280,6.185
7051,320,281,6.315
7052,116,103,3.981
7053,320,281,6.630
7054,320,281,6.797
7055,156,133,4.796
7056,320,273,6.870
7057,320,280,6.648
7058,139,125,4.370
7059,320,256,6.945
7060,320,244,6.908
7061,75,55,3.370
7062,320,262,6.278
7063,320,261,6.519
7064,125,114,4.130
7065,320,278,6.537
7066,320,280,6.537
7067,151,128,4.648
7068,320,285,6.741
7069,320,284,6.667
7070,136,112,4.537
7071,320,264,6.871
7072,320,259,6.741
7073,83,61,3.482
7074,320,250,6.574
7075,320,272,6.463
7076,118,101,4.111
7077,320,281,6.574
7078,320,283,6.740
7079,157,122,4.982
7080,320,271,6.962
7081,320,275,6.611
7082,143,124,4.482
7083,320,255,6.926
7084,320,259,6.852
7085,89,71,3.592
7086,320,260,6.463
7087,320,270,6.463
7088,108,93,3.926
7089,320,274,6.574
7090,320,285,6.667
7091,164,138,4.963
7092,320,268,7.037
7093,320,272,6.833
7094,141,120,4.519
7095,320,270,6.888
7096,320,244,7.018
7097,106,76,4.130
7098,320,238,6.740
7099,320,264,6.611
7100,111,101,4.000
7101,320,261,6.852
7102,320,284,6.666
7103,159,128,4.907
7104,320,260,7.111
7105,320,269,6.889
7106,141,122,4.481
7107,320,267,6.796
7108,320,248,7.111
7109,127,97,4.463
7110,320,246,6.833
7111,320,258,6.482
7112,93,77,3.871
7113,320,263,6.611
7114,320,265,6.703
7115,156,134,4.667
7116,320,271,6.926
7117,320,253,7.148
7118,153,122,4.778
7119,320,258,6.888
7120,320,251,7.204
7121,144,112,4.667
7122,320,254,6.908
7123,320,233,6.815
7124,88,71,3.574
7125,320,249,6.648
7126,320,257,6.852
7127,147,122,4.648
7128,320,276,6.667
7129,320,258,7.055
7130,152,117,4.870
7131,320,260,7.370
7132,320,245,7.037
7133,153,122,4.834
7134,320,234,7.185
7135,320,221,7.185
7136,89,61,3.592
7137,320,241,6.722
7138,320,240,6.741
7139,147,108,4.778
7140,320,251,7.037
7141,320,256,7.296
7142,177,131,5.426
7143,320,244,7.482
7144,320,258,6.982
7145,141,114,4.426
7146,320,247,6.963
7147,320,225,7.334
7148,125,79,4.519
7149,320,211,7.204
7150,320,245,6.908
7151,126,100,4.351
7152,320,242,7.019
7153,320,266,6.908
7154,164,133,5.019
7155,320,248,7.167
7156,320,228,7.500
7157,157,122,4.852
7158,320,228,7.463
7159,320,259,7.130
7160,150,104,5.037
7161,320,209,7.481
7162,320,219,7.278
7163,105,79,3.982
7164,320,250,7.315
7165,320,254,6.981
7166,154,116,4.963
7167,320,250,7.093
7168,320,261,7.222
7169,165,131,5.204
7170,320,228,7.334
7171,320,246,7.111
7172,165,129,5.185
7173,320,238,7.185
7174,320,207,7.611
7175,125,79,4.481
7176,320,226,7.185
7177,320,244,6.982
7178,147,103,4.759
7179,320,240,7.204
7180,320,245,7.241
7181,172,139,5.260
7182,320,242,7.519
7183,320,250,7.223
7184,159,110,5.186
7185,320,243,7.093
7186,320,240,7.259
7187,164,109,5.204
7188,320,206,7.556
7189,320,202,7.481
7190,127,81,4.574
7191,320,232,7.038
7192,320,239,7.407
7193,156,121,4.926
7194,320,252,7.111
7195,320,232,7.352
7196,185,127,5.685
7197,320,225,7.889
7198,320,225,7.519
7199,165,126,5.260
7200,320,241,7.352
7201,320,224,7.500
7202,152,101,5.148
7203,320,205,7.519
7204,320,214,7.185
7205,135,103,4.518
7206,320,221,7.185
7207,320,226,7.555
7208,178,129,5.407
7209,320,252,7.315
7210,320,232,7.556
7211,174,129,5.371
7212,320,236,7.296
7213,320,215,7.407
7214,180,124,5.500
7215,320,234,7.407
7216,320,206,7.630
7217,143,75,5.148
7218,320,211,7.482
7219,320,207,7.352
7220,151,105,4.926
7221,320,216,7.445
7222,320,229,7.407
7223,186,139,5.500
7224,320,231,8.148
7225,320,228,7.760
7226,181,134,5.592
7227,320,230,7.445
7228,320,217,7.389
7229,181,118,5.592
7230,320,229,7.444
7231,320,205,7.778
7232,154,100,5.111
7233,320,212,7.556
7234,320,218,7.389
7235,160,114,5.037
7236,320,233,7.203
7237,320,232,7.481
7238,188,146,5.518
7239,320,231,7.649
7240,320,207,7.907
7241,204,135,6.259
7242,320,224,8.075
7243,320,226,7.833
7244,193,142,5.852
7245,320,234,7.629
7246,320,219,7.592
7247,179,103,5.703
7248,320,199,7.722
7249,320,219,7.445
7250,169,115,5.334
7251,320,220,7.370
7252,320,214,7.852
7253,198,131,5.981
7254,320,241,7.722
7255,320,245,7.667
7256,208,135,6.333
7257,320,207,8.018
7258,320,225,8.074
7259,203,141,6.130
7260,320,215,8.407
7261,320,215,7.870
7262,204,156,6.241
7263,320,196,7.982
7264,320,184,7.926
7265,160,104,5.222
7266,320,207,7.686
7267,320,225,7.333
7268,192,120,5.704
7269,320,207,7.907
7270,320,216,8.000
7271,211,148,6.333
7272,320,239,7.833
7273,320,214,7.963
7274,207,139,6.352
7275,320,189,8.259
7276,320,230,7.815
7277,202,132,6.278
7278,320,218,7.797
7279,320,194,8.112
7280,207,120,6.444
7281,320,177,8.240
7282,320,216,7.852
7283,179,101,5.611
7284,320,216,7.833
7285,320,229,7.445
7286,199,121,6.000
7287,320,216,7.871
7288,320,208,7.962
7289,219,158,6.407
7290,320,214,8.130
7291,320,207,8.463
7292,212,151,6.852
7293,320,193,8.982
7294,320,222,7.944
7295,206,151,6.148
7296,320,191,8.426
7297,320,218,7.871
7298,202,122,6.389
7299,320,177,8.296
7300,320,180,8.222
7301,213,141,6.352
7302,320,211,8.111
7303,320,214,8.148
7304,212,140,6.389
7305,320,209,7.982
7306,320,227,7.926
7307,220,164,6.426
7308,320,247,7.944
7309,320,205,8.223
7310,220,135,13.759
7311,320,206,8.166
7312,320,206,8.389
7313,222,150,6.907
7314,320,230,8.185
7315,320,216,8.130
7316,214,146,6.518
7317,320,202,8.222
7318,320,182,8.389
7319,190,119,5.963
7320,320,184,8.166
7321,320,212,8.185
7322,222,156,6.518
7323,320,219,8.167
7324,320,223,8.223
7325,220,154,6.796
7326,320,234,8.093
7327,320,229,8.019
7328,215,149,6.500
7329,320,207,8.111
7330,320,199,8.093
7331,217,149,6.389
7332,320,204,8.148
7333,320,213,8.111
7334,216,134,6.723
7335,320,208,8.296
7336,320,201,8.333
7337,201,130,6.315
7338,320,210,7.870
7339,320,221,7.741
7340,197,151,5.759
7341,320,222,7.759
7342,320,233,7.926
7343,222,176,6.260
7344,320,226,8.037
7345,320,238,7.944
7346,233,161,6.907
7347,320,209,9.000
7348,320,214,8.389
7349,230,175,6.926
7350,320,243,8.259
7351,320,211,8.334
7352,222,149,6.741
7353,320,220,8.371
7354,320,205,8.352
7355,224,136,6.963
7356,320,204,8.463
7357,320,222,8.037
7358,209,139,6.315
7359,320,206,8.240
7360,320,228,8.037
7361,223,161,6.575
7362,320,241,7.907
7363,320,240,7.944
7364,232,175,6.592
7365,320,228,8.185
7366,320,240,7.926
7367,222,147,6.814
7368,320,196,8.259
7369,320,238,8.129
7370,244,168,7.297
7371,320,206,8.852
7372,320,232,8.611
7373,224,164,6.796
7374,320,214,8.241
7375,320,216,8.241
7376,216,145,15.519
7377,320,202,8.444
7378,320,230,8.037
7379,239,159,7.056
7380,320,212,8.574
7381,320,215,8.537
7382,238,173,7.093
7383,320,238,8.315
7384,320,220,8.815
7385,244,192,7.074
7386,320,235,8.408
7387,320,230,8.426
7388,240,150,7.389
7389,320,207,8.796
7390,320,229,8.574
7391,248,193,7.315
7392,320,206,8.908
7393,320,220,14.111
7394,256,163,8.296
7395,320,237,8.630
7396,320,242,8.611
7397,239,182,7.500
7398,320,216,8.778
7399,320,240,8.259
7400,213,161,6.333
7401,320,239,7.741
7402,320,228,7.778
7403,225,169,6.519
7404,320,233,8.111
7405,320,205,8.389
7406,249,189,7.130
7407,320,239,8.556
7408,320,223,8.500
7409,248,195,7.500
7410,320,241,8.333
7411,320,234,8.500
7412,240,175,7.259
7413,320,238,8.408
7414,320,237,8.333
7415,236,165,7.129
7416,320,225,8.334
7417,320,236,8.260
7418,244,164,7.463
7419,320,194,8.796
7420,320,201,8.703
7421,236,162,7.222
7422,320,238,8.407
7423,320,243,8.148
7424,230,164,6.741
7425,320,254,7.871
7426,320,227,8.167
7427,244,183,7.111
7428,320,263,7.981
7429,320,245,8.371
7430,263,199,7.612
7431,320,251,8.519
7432,320,245,8.574
7433,255,180,7.908
7434,320,231,8.834
7435,320,236,8.481
7436,251,192,7.778
7437,320,245,8.537
7438,320,216,8.593
7439,234,175,6.945
7440,320,229,8.574
7441,320,230,8.278
7442,219,146,6.685
7443,320,235,7.926
7444,320,212,8.167
7445,235,168,6.723
7446,320,222,8.444
7447,320,228,8.333
7448,235,189,6.963
7449,320,252,8.203
7450,320,256,8.092
7451,253,197,7.370
7452,320,240,8.481
7453,320,249,8.574
7454,253,195,7.444
7455,320,232,8.537
7456,320,229,8.407
7457,254,187,7.555
7458,320,228,8.648
7459,320,242,8.630
7460,253,149,8.185
7461,320,222,8.759
7462,320,226,8.629
7463,234,161,7.389
7464,320,220,8.556
7465,320,210,8.407
7466,218,136,6.834
7467,320,220,8.167
7468,320,233,7.963
7469,235,154,7.148
7470,320,220,8.463
7471,320,216,8.611
7472,262,179,8.019
7473,320,223,8.871
7474,320,236,8.704
7475,250,171,8.222
7476,320,231,8.722
7477,320,229,8.611
7478,250,185,7.426
7479,320,240,8.444
7480,320,246,8.370
7481,252,184,7.574
7482,320,225,8.612
7483,320,213,8.871
7484,254,186,7.722
7485,320,238,8.425
7486,320,203,9.055
7487,253,157,8.037
7488,320,209,8.889
7489,320,233,8.704
7490,240,182,7.240
7491,320,228,8.389
7492,320,229,8.259
7493,254,195,7.389
7494,320,231,8.759
7495,320,230,8.500
7496,242,165,7.426
7497,320,236,8.445
7498,320,225,8.519
7499,262,180,7.797
7500,320,219,9.000
7501,320,212,9.111
7502,252,178,7.834
7503,320,232,8.944
7504,320,246,8.593
7505,277,207,8.351
7506,320,256,8.759
7507,320,267,8.852
7508,279,228,8.518
7509,320,243,9.334
7510,320,261,9.277
7511,281,199,8.778
7512,320,239,9.555
7513,320,223,9.537
7514,266,194,8.778
7515,320,213,9.518
7516,320,222,9.278
7517,268,194,8.297
7518,320,236,8.963
7519,320,197,9.314
7520,244,155,8.148
7521,320,233,8.685
7522,320,226,8.259
7523,226,153,6.815
7524,320,227,8.185
7525,320,221,8.389
7526,243,176,7.259
7527,320,206,8.666
7528,320,219,8.482
7529,243,160,7.463
7530,320,203,8.667
7531,320,204,8.759
7532,249,169,7.556
7533,320,217,9.056
7534,320,214,8.796
7535,250,175,7.648
7536,320,225,8.741
7537,320,216,8.741
7538,225,157,7.000
7539,320,189,8.556
7540,320,200,8.445
7541,237,151,7.260
7542,320,204,8.629
7543,320,184,8.741
7544,231,123,7.259
7545,320,209,8.481
7546,320,226,8.630
7547,239,166,7.240
7548,320,226,8.352
7549,320,215,8.685
7550,255,187,7.537
7551,320,242,8.592
7552,320,223,14.703
7553,240,165,7.685
7554,320,218,8.648
7555,320,195,8.778
7556,237,148,7.426
7557,320,200,8.648
7558,320,216,8.407
7559,246,173,7.352
7560,320,213,8.334
7561,320,232,8.629
7562,250,160,7.760
7563,320,213,8.945
7564,320,233,8.481
7565,237,166,7.389
7566,320,240,8.389
7567,320,222,8.407
7568,252,170,7.537
7569,320,240,8.389
7570,320,223,8.741
7571,243,167,7.703
7572,320,205,8.759
7573,320,219,8.741
7574,237,162,7.333
7575,320,216,8.518
7576,320,219,8.370
7577,234,161,7.092
7578,320,233,8.148
7579,320,218,8.259
7580,235,153,7.019
7581,320,211,8.574
7582,320,217,8.296
7583,240,164,7.463
7584,320,218,8.463
7585,320,220,8.481
7586,235,170,7.167
7587,320,233,8.092
7588,320,216,8.352
7589,246,164,7.463
7590,320,234,8.481
7591,320,236,8.407
7592,248,175,7.407
7593,320,217,8.871
7594,320,222,8.519
7595,247,176,7.556
7596,320,232,8.537
7597,320,236,8.408
7598,245,175,7.426
7599,320,254,8.556
7600,320,230,8.482
7601,243,175,7.333
7602,320,231,8.407
7603,320,222,8.407
7604,236,160,7.222
7605,320,214,8.556
7606,320,227,8.314
7607,241,169,7.055
7608,320,227,8.314
7609,320,219,8.222
7610,230,151,7.037
7611,320,221,8.352
7612,320,231,8.426
7613,253,188,7.500
7614,320,244,8.426
7615,320,228,8.686
7616,247,178,7.630
7617,320,239,8.296
7618,320,236,8.518
7619,246,181,7.518
7620,320,234,8.389
7621,320,222,8.500
7622,250,185,7.370
7623,320,218,8.574
7624,320,220,8.852
7625,245,179,7.444
7626,320,236,8.389
7627,320,222,8.500
7628,249,184,7.408
7629,320,227,8.741
7630,320,233,8.519
7631,257,189,7.778
7632,320,238,8.667
7633,320,223,8.722
7634,250,183,7.592
7635,320,222,8.981
7636,320,246,8.389
7637,265,205,7.741
7638,320,244,8.833
7639,320,238,8.815
7640,260,196,8.000
7641,320,217,9.130
7642,320,251,8.630
7643,261,197,7.944
7644,320,237,8.685
7645,320,244,8.666
7646,265,190,8.166
7647,320,243,8.889
7648,320,246,8.796
7649,260,203,7.851
7650,320,239,8.741
7651,320,227,8.871
7652,267,199,8.167
7653,320,220,9.204
7654,320,228,9.056
7655,251,173,8.370
7656,320,224,8.852
7657,320,214,9.074
7658,260,180,7.944
7659,320,219,8.741
7660,320,229,8.648
7661,251,196,7.519
7662,320,229,8.723
7663,320,214,9.167
7664,263,185,8.111
7665,320,228,8.778
7666,320,225,8.759
7667,264,188,8.037
7668,320,238,8.815
7669,320,228,8.870
7670,258,184,8.315
7671,320,220,9.092
7672,320,232,8.907
7673,257,169,8.167
7674,320,234,8.815
7675,320,223,8.889
7676,262,181,8.056
7677,320,231,8.963
7678,320,220,9.074
7679,262,185,8.093
7680,320,234,13.056
7681,320,205,9.352
7682,256,177,8.130
7683,320,234,8.666
7684,320,213,8.833
7685,250,185,8.000
7686,320,213,9.018
7687,320,215,8.704
7688,257,194,7.759
7689,320,216,8.815
7690,320,230,8.703
7691,243,168,7.425
7692,320,201,8.815
7693,320,225,8.463
7694,246,165,7.592
7695,320,224,8.649
7696,320,232,8.371
7697,260,173,7.907
7698,320,225,8.944
7699,320,221,8.944
7700,242,167,7.722
7701,320,234,8.574
7702,320,230,8.537
7703,254,186,7.556
7704,320,226,8.722
7705,320,215,8.926
7706,256,174,7.926
7707,320,205,8.908
7708,320,212,8.778
7709,259,183,7.926
7710,320,205,8.926
7711,320,209,8.907
7712,257,177,7.926
7713,320,213,8.870
7714,320,233,9.204
7715,245,164,7.648
7716,320,197,8.889
7717,320,213,8.852
7718,256,177,7.778
7719,320,215,8.889
7720,320,221,8.796
7721,258,172,8.111
7722,320,220,9.056
7723,320,194,9.537
7724,256,184,7.944
7725,320,227,8.851
7726,320,226,8.815
7727,266,177,8.129
7728,320,218,9.463
7729,320,220,9.129
7730,269,185,8.333
7731,320,221,9.352
7732,320,227,9.148
7733,269,190,8.389
7734,320,221,9.241
7735,320,229,9.260
7736,275,194,8.574
7737,320,261,8.926
7738,320,226,9.297
7739,277,203,8.796
7740,320,225,9.445
7741,320,236,9.222
7742,270,180,8.740
7743,320,237,9.296
7744,320,228,9.223
7745,275,185,9.056
7746,320,225,9.426
7747,320,217,9.666
7748,264,188,8.778
7749,320,227,9.908
7750,320,214,9.703
7751,260,183,8.203
7752,320,214,10.019
7753,320,232,9.426
7754,265,176,8.463
7755,320,184,9.574
7756,320,221,9.371
7757,270,181,8.815
7758,320,204,10.000
7759,320,219,9.518
7760,271,201,8.407
7761,320,218,9.815
7762,320,229,9.037
7763,274,197,8.537
7764,320,227,10.112
7765,320,211,9.759
7766,282,199,9.666
7767,320,222,46.537
7768,320,215,11.111
7769,260,190,9.074
7770,320,224,9.852
7771,320,218,12.204
7772,275,179,9.444
7773,320,216,10.722
7774,320,224,10.926
7775,272,165,9.574
7776,320,203,10.945
7777,320,199,9.741
7778,269,166,10.556
7779,320,203,9.759
7780,320,214,23.259
7781,265,180,10.259
7782,320,220,9.833
7783,320,216,9.926
7784,264,173,9.204
7785,320,220,9.537
7786,320,203,9.704
7787,272,162,8.889
7788,320,227,9.315
7789,320,203,9.741
7790,274,182,9.130
7791,320,221,10.278
7792,320,212,9.667
7793,280,201,9.074
7794,320,218,10.185
7795,320,231,9.796
7796,279,191,9.074
7797,320,216,10.018
7798,320,215,9.667
7799,276,181,9.241
7800,320,212,9.666
7801,320,208,9.574
7802,280,174,9.537
7803,320,197,10.037
7804,320,204,9.704
7805,276,192,8.870
7806,320,207,9.907
7807,320,209,9.814
7808,279,169,9.166
7809,320,226,9.592
7810,320,220,9.741
7811,277,181,9.185
7812,320,210,10.334
7813,320,208,9.778
7814,281,197,9.148
7815,320,228,9.797
7816,320,226,10.222
7817,286,195,9.259
7818,320,235,10.037
7819,320,218,9.722
7820,279,186,9.222
7821,320,218,9.611
7822,320,223,9.815
7823,285,190,9.277
7824,320,224,9.907
7825,320,226,9.814
7826,286,181,9.592
7827,320,221,10.037
7828,320,227,10.685
7829,295,193,10.278
7830,320,219,10.740
7831,320,225,13.056
7832,284,204,10.833
7833,320,224,11.593
7834,320,226,11.260
7835,285,189,11.185
7836,320,219,10.555
7837,320,234,9.907
7838,279,202,9.407
7839,320,213,10.241
7840,320,203,10.056
7841,282,199,9.241
7842,320,245,9.777
7843,320,209,10.166
7844,281,176,9.648
7845,320,221,9.666
7846,320,221,9.704
7847,280,200,9.223
7848,320,232,9.648
7849,320,224,10.371
7850,284,187,9.556
7851,320,211,10.204
7852,320,230,20.055
7853,289,210,9.463
7854,320,232,10.074
7855,320,231,10.482
7856,293,207,9.982
7857,320,226,10.463
7858,320,228,10.445
7859,279,210,9.797
7860,320,234,10.018
7861,320,249,9.648
7862,288,210,9.444
7863,320,244,9.612
7864,320,210,10.000
7865,290,177,10.000
7866,320,216,10.741
7867,320,216,10.093
7868,282,194,12.074
7869,320,226,10.278
7870,320,242,10.130
7871,286,207,9.277
7872,320,235,10.185
7873,320,228,10.037
7874,290,204,9.592
7875,320,226,10.222
7876,320,233,10.037
7877,288,213,9.592
7878,320,235,10.260
7879,320,230,9.834
7880,286,212,10.129
7881,320,221,10.148
7882,320,232,9.667
7883,286,213,9.241
7884,320,230,9.759
7885,320,223,10.000
7886,293,199,9.722
7887,320,210,11.629
7888,320,241,10.982
7889,301,225,10.167
7890,320,233,10.815
7891,320,231,11.018
7892,293,207,11.537
7893,320,222,11.592
7894,320,254,11.240
7895,294,224,11.222
7896,320,233,12.056
7897,320,236,12.352
7898,290,220,10.148
7899,320,227,10.704
7900,320,219,10.870
7901,288,199,10.277
7902,320,202,11.093
7903,320,223,10.611
7904,295,193,10.000
7905,320,209,10.667
7906,320,224,11.463
7907,293,206,9.907
7908,320,225,11.056
7909,320,233,11.148
7910,293,223,10.055
7911,320,230,10.259
7912,320,239,10.222
7913,293,221,9.722
7914,320,245,10.259
7915,320,225,10.389
7916,293,203,9.962
7917,320,232,10.463
7918,320,235,10.260
7919,293,231,10.315
7920,320,228,11.018
7921,320,238,10.204
7922,295,197,10.167
7923,320,229,11.760
7924,320,236,11.056
7925,298,217,10.445
7926,320,232,10.834
7927,320,245,10.944
7928,301,214,10.185
7929,320,225,10.908
7930,320,249,11.722
7931,306,219,10.852
7932,320,226,10.944
7933,320,220,11.019
7934,311,205,11.408
7935,320,223,11.556
7936,320,226,11.611
7937,291,210,10.815
7938,320,245,10.833
7939,320,218,11.408
7940,303,197,10.741
7941,320,213,11.278
7942,320,218,11.074
7943,299,216,27.037
7944,320,234,11.389
7945,320,241,11.112
7946,303,213,10.667
7947,320,220,49.999
7948,320,225,13.056
7949,304,217,11.592
7950,320,224,11.537
7951,320,229,11.926
7952,313,224,11.611
7953,320,244,12.833
7954,320,246,11.833
7955,316,212,12.426
7956,320,238,11.851
7957,320,231,11.926
7958,313,233,11.722
7959,320,234,12.518
7960,320,229,11.963
7961,320,235,13.222
7962,320,228,12.166
7963,320,231,12.352
7964,320,237,12.352
7965,3,1,7.666
7966,320,243,11.870
7967,320,235,12.407
7968,315,226,11.814
7969,320,234,12.259
7970,320,237,11.926
7971,313,224,12.370
7972,320,229,13.482
7973,320,220,12.111
7974,320,210,12.111
7975,320,226,12.297
7976,320,230,11.703
7977,317,214,12.630
7978,320,227,12.278
7979,320,238,12.055
7980,318,219,23.740
7981,320,224,14.167
7982,320,236,15.518
7983,320,220,12.926
7984,10,6,8.518
7985,320,235,13.093
7986,320,234,12.574
7987,320,223,26.241
7988,2,2,8.630
7989,320,228,13.297
7990,320,224,13.667
7991,320,244,13.593
7992,7,4,8.907
7993,320,237,13.185
7994,320,238,12.722
7995,320,220,13.037
7996,7,6,8.463
7997,320,238,12.723
7998,320,247,12.574
7999,320,230,13.148
8000,2,2,8.148
8001,320,240,12.907
8002,320,238,13.111
8003,316,229,12.815
8004,320,241,12.778
8005,320,241,14.018
8006,320,237,12.834
8007,6,6,8.055
8008,320,232,12.704
8009,320,243,12.203
8010,320,225,12.945
8011,8,5,8.222
8012,320,233,12.981
8013,320,231,12.963
8014,320,237,13.315
8015,4,4,8.259
8016,320,252,12.814
8017,320,241,13.741
8018,320,226,13.018
8019,6,5,8.500
8020,320,227,12.814
8021,320,251,12.519
8022,320,253,14.204
8023,8,3,8.797
8024,320,247,13.518
8025,320,245,13.130
8026,320,228,13.481
8027,10,8,8.889
8028,320,235,13.722
8029,320,239,13.629
8030,320,228,13.444
8031,9,5,9.389
8032,320,234,13.888
8033,320,237,13.833
8034,320,238,13.500
8035,12,8,9.166
8036,320,249,14.056
8037,320,241,13.815
8038,320,240,13.444
8039,4,3,8.888
8040,320,239,27.148
8041,320,248,13.426
8042,320,240,13.352
8043,11,9,9.148
8044,320,238,13.278
8045,320,245,15.056
8046,320,240,13.574
8047,8,8,9.092
8048,320,225,14.018
8049,320,241,13.019
8050,320,219,13.444
8051,11,5,8.926
8052,320,241,13.611
8053,320,249,13.648
8054,320,244,13.500
8055,1,0,8.574
8056,320,227,13.055
8057,320,241,12.908
8058,320,250,13.093
8059,7,5,8.740
8060,320,222,13.389
8061,320,236,13.389
8062,320,220,13.556
8063,6,5,8.630
8064,320,235,12.777
8065,320,241,13.130
8066,320,247,14.018
8067,17,14,9.314
8068,320,248,13.611
8069,320,229,13.500
8070,320,219,13.759
8071,11,10,9.185
8072,320,242,13.574
8073,320,250,13.167
8074,320,230,13.704
8075,9,6,9.037
8076,320,237,13.870
8077,320,247,13.278
8078,320,245,13.166
8079,11,4,9.481
8080,320,239,13.778
8081,320,242,13.685
8082,320,237,13.630
8083,14,7,9.482
8084,320,240,13.537
8085,320,249,13.649
8086,320,243,13.408
8087,13,10,9.648
8088,320,241,13.759
8089,320,247,15.630
8090,320,261,14.352
8091,12,7,9.759
8092,320,231,13.852
8093,320,239,14.037
8094,320,231,14.055
8095,13,8,9.741
8096,320,242,13.481
8097,320,239,14.222
8098,320,247,13.723
8099,14,9,9.667
8100,320,262,13.481
8101,320,235,13.667
8102,320,243,13.648
8103,13,11,9.371
8104,320,256,13.667
8105,320,262,24.500
8106,320,235,14.370
8107,14,10,9.592
8108,320,236,13.889
8109,320,251,14.055
8110,320,245,13.907
8111,14,11,13.055
8112,320,251,13.686
8113,320,241,14.037
8114,320,243,15.482
8115,17,12,10.018
8116,320,251,14.333
8117,320,243,14.092
8118,320,245,15.222
8119,19,16,10.482
8120,320,236,15.537
8121,320,247,14.222
8122,320,232,14.796
8123,21,19,10.500
8124,320,237,14.944
8125,320,246,15.222
8126,320,252,15.112
8127,19,12,10.944
8128,320,250,14.463
8129,320,255,14.722
8130,320,246,14.759
8131,14,12,11.037
8132,320,245,14.592
8133,320,257,14.371
8134,320,235,14.815
8135,18,17,10.704
8136,320,248,14.593
8137,320,246,15.519
8138,320,249,14.518
8139,13,10,10.426
8140,320,257,14.444
8141,320,236,14.500
8142,320,243,14.797
8143,13,8,10.296
8144,320,245,14.167
8145,320,244,14.592
8146,320,251,14.425
8147,13,8,9.944
8148,320,235,14.167
8149,320,246,14.241
8150,320,249,13.889
8151,11,7,9.630
8152,320,258,14.130
8153,320,239,14.371
8154,320,247,14.129
8155,14,7,9.833
8156,320,265,13.667
8157,320,229,13.889
8158,320,253,17.537
8159,15,11,10.278
8160,320,242,14.445
8161,320,260,14.315
8162,320,249,14.166
8163,19,14,10.408
8164,320,238,14.982
8165,320,249,16.722
8166,320,250,17.000
8167,15,15,10.685
8168,320,251,15.148
8169,320,242,35.593
8170,320,255,15.315
8171,19,15,10.444
8172,320,239,14.649
8173,320,238,14.926
8174,320,245,15.148
8175,28,22,11.222
8176,320,250,15.185
8177,320,256,15.241
8178,320,243,15.093
8179,16,15,10.815
8180,320,254,14.704
8181,320,258,14.741
8182,320,243,15.407
8183,30,20,11.407
8184,320,251,15.574
8185,320,257,15.296
8186,320,237,15.352
8187,24,18,13.000
8188,320,272,15.370
8189,320,257,15.852
8190,320,259,15.722
8191,16,14,11.797
8192,320,264,15.981
8193,320,260,24.093
8194,320,268,15.148
8195,20,15,11.759
8196,320,240,15.797
8197,320,252,15.445
8198,320,250,15.703
8199,20,16,11.037
8200,320,259,15.519
8201,320,251,16.111
8202,320,252,15.426
8203,20,14,11.129
8204,320,239,15.074
8205,320,243,16.185
8206,320,247,15.388
8207,23,15,16.019
8208,320,261,18.092
8209,320,244,16.518
8210,320,256,16.371
8211,21,17,11.518
8212,320,256,17.204
8213,320,251,15.685
8214,320,261,15.444
8215,25,24,11.926
8216,320,263,16.167
8217,320,262,15.741
8218,320,256,15.537
8219,20,16,11.944
8220,320,244,15.833
8221,320,264,16.000
8222,320,248,18.296
8223,25,20,11.926
8224,320,266,15.704
8225,320,258,16.278
8226,320,250,16.537
8227,31,22,12.407
8228,320,249,15.834
8229,320,254,17.055
8230,320,251,16.278
8231,25,20,12.278
8232,320,251,16.518
8233,320,278,16.204
8234,320,259,15.760
8235,24,18,12.444
8236,320,254,15.908
8237,320,243,16.055
8238,320,262,16.500
8239,25,17,11.908
8240,320,260,16.129
8241,320,245,16.740
8242,320,261,17.778
8243,27,20,11.833
8244,320,254,15.926
8245,320,264,15.907
8246,320,266,15.851
8247,22,13,11.981
8248,320,254,15.629
8249,320,249,16.815
8250,320,261,16.019
8251,23,18,11.834
8252,320,250,16.074
8253,320,260,15.370
8254,320,243,16.592
8255,27,21,12.222
8256,320,237,16.167
8257,320,257,15.722
8258,320,263,17.092
8259,21,15,11.740
8260,320,247,15.685
8261,320,259,16.463
8262,320,258,16.018
8263,22,17,16.963
8264,320,252,21.203
8265,320,262,34.018
8266,320,249,16.092
8267,20,14,11.796
8268,320,277,15.704
8269,320,268,15.333
8270,320,260,16.463
8271,19,12,11.741
8272,320,259,16.167
8273,320,276,14.852
8274,320,254,16.111
8275,23,15,11.518
8276,320,255,15.926
8277,320,261,19.204
8278,320,250,16.408
8279,28,23,12.000
8280,320,249,15.945
8281,320,273,17.666
8282,320,266,16.111
8283,21,19,12.315
8284,320,265,15.648
8285,320,259,16.500
8286,320,277,15.389
8287,24,21,11.962
8288,320,262,16.537
8289,320,256,16.537
8290,320,265,16.296
8291,28,19,11.981
8292,320,263,16.611
8293,320,258,15.926
8294,320,260,15.555
8295,27,20,13.019
8296,320,237,17.852
8297,320,251,18.370
8298,320,256,17.148
8299,30,28,12.722
8300,320,273,16.481
8301,320,261,17.037
8302,320,261,29.574
8303,24,23,20.222
8304,320,253,16.982
8305,320,256,17.111
8306,320,256,17.463
8307,22,16,13.629
8308,320,262,17.759
8309,320,265,17.259
8310,320,257,16.555
8311,25,16,12.574
8312,320,235,17.185
8313,320,272,16.740
8314,320,264,16.240
8315,29,25,12.148
8316,320,263,15.981
8317,320,265,31.648
8318,320,272,15.982
8319,20,15,12.630
8320,320,260,16.130
8321,320,254,15.796
8322,320,277,18.407
8323,19,15,12.074
8324,320,256,15.944
8325,320,258,16.055
8326,320,264,15.889
8327,24,18,11.703
8328,320,249,16.019
8329,320,246,16.018
8330,320,259,15.852
8331,26,19,12.333
8332,320,259,15.907
8333,320,256,15.778
8334,320,259,15.888
8335,18,16,11.889
8336,320,255,15.852
8337,320,261,15.814
8338,320,252,15.797
8339,20,14,11.741
8340,320,260,15.759
8341,320,252,16.240
8342,320,261,16.592
8343,18,15,11.556
8344,320,268,15.611
8345,320,252,15.703
8346,320,271,15.703
8347,20,16,10.667
8348,320,241,15.092
8349,320,251,15.333
8350,320,247,15.296
8351,19,15,10.722
8352,320,257,14.611
8353,320,254,15.555
8354,320,238,15.093
8355,26,19,11.093
8356,320,248,15.371
8357,320,250,14.889
8358,320,253,14.796
8359,17,11,11.315
8360,320,254,15.074
8361,320,240,15.593
8362,320,253,15.185
8363,19,14,12.093
8364,320,257,15.037
8365,320,270,14.777
8366,320,237,15.426
8367,16,14,30.926
8368,320,246,17.556
8369,320,256,21.259
8370,320,262,23.333
8371,20,17,11.203
8372,320,261,14.444
8373,320,248,14.537
8374,320,262,15.241
8375,17,14,10.352
8376,320,268,14.926
8377,320,253,15.463
8378,320,271,14.760
8379,20,20,10.796
8380,320,250,15.574
8381,320,247,15.130
8382,320,251,15.333
8383,21,19,14.629
8384,320,250,15.611
8385,320,252,16.203
8386,320,243,16.981
8387,18,18,11.815
8388,320,236,17.222
8389,320,249,15.907
8390,320,279,15.759
8391,20,16,18.296
8392,320,256,15.648
8393,320,251,15.389
8394,320,262,15.129
8395,22,19,11.259
8396,320,264,19.315
8397,320,259,23.166
8398,320,256,18.463
8399,18,14,17.037
8400,320,262,19.056
8401,320,247,15.963
8402,320,256,15.222
8403,15,12,416.424
8404,320,231,19.130
8405,320,271,16.148
8406,320,265,15.371
8407,20,16,11.000
8408,320,256,15.185
8409,320,256,15.314
8410,320,255,15.259
8411,21,18,10.722
8412,320,257,14.518
8413,320,255,14.870
8414,320,252,14.481
8415,16,11,10.371
8416,320,268,15.186
8417,320,254,14.667
8418,320,243,16.685
8419,16,14,10.444
8420,320,266,15.167
8421,320,255,14.611
8422,320,259,14.963
8423,18,15,10.778
8424,320,257,14.797
8425,320,267,14.648
8426,320,244,14.574
8427,16,13,10.667
8428,320,253,14.574
8429,320,255,14.556
8430,320,254,14.778
8431,19,16,10.778
8432,320,251,14.907
8433,320,261,14.593
8434,320,268,14.722
8435,18,17,10.611
8436,320,264,14.685
8437,320,266,15.019
8438,320,266,17.481
8439,18,17,11.259
8440,320,251,15.000
8441,320,270,14.666
8442,320,258,14.796
8443,20,17,10.722
8444,320,263,14.722
8445,320,254,15.074
8446,320,247,15.056
8447,19,15,10.630
8448,320,266,14.611
8449,320,267,15.204
8450,320,266,15.426
8451,17,13,11.111
8452,320,239,14.926
8453,320,264,15.037
8454,320,261,14.870
8455,22,20,11.093
8456,320,274,15.186
8457,320,252,18.722
8458,320,267,16.148
8459,17,15,20.019
8460,320,248,15.019
8461,320,263,15.019
8462,320,245,15.518
8463,22,18,11.537
8464,320,250,15.611
8465,320,255,15.797
8466,320,272,16.130
8467,18,14,12.129
8468,320,258,16.018
8469,320,278,15.648
8470,320,274,15.389
8471,20,15,15.259
8472,320,249,17.222
8473,320,271,17.074
8474,320,268,17.463
8475,19,14,13.056
8476,320,260,15.889
8477,320,243,16.796
8478,320,266,18.000
8479,23,20,11.888
8480,320,270,60.944
8481,320,273,17.629
8482,320,274,15.685
8483,23,21,12.277
8484,320,275,34.963
8485,320,269,18.482
8486,320,271,16.796
8487,17,15,13.241
8488,320,265,16.259
8489,320,261,16.555
8490,320,259,15.741
8491,24,18,18.260
8492,320,260,16.945
8493,320,259,17.630
8494,320,274,15.944
8495,24,20,14.056
8496,320,260,15.185
8497,320,264,17.241
8498,320,242,15.981
8499,23,19,12.445
8500,320,263,16.111
8501,320,253,16.630
8502,320,251,16.574
8503,20,15,11.778
8504,320,266,15.852
8505,320,272,16.500
8506,320,262,15.333
8507,15,12,26.760
8508,320,258,17.186
8509,320,274,16.056
8510,320,262,16.315
8511,16,14,10.908
8512,320,267,15.296
8513,320,266,15.074
8514,320,259,16.556
8515,13,12,10.722
8516,320,246,14.482
8517,320,283,15.185
8518,320,260,13.945
8519,14,11,9.871
8520,320,254,14.222
8521,320,277,13.833
8522,320,253,14.037
8523,15,11,10.351
8524,320,255,14.148
8525,320,271,14.482
8526,320,254,13.593
8527,14,11,11.611
8528,320,258,14.000
8529,320,254,13.666
8530,320,261,14.111
8531,16,12,9.963
8532,320,248,14.333
8533,320,271,14.148
8534,320,257,14.018
8535,11,9,9.797
8536,320,268,13.797
8537,320,263,13.944
8538,320,239,14.536
8539,16,14,9.870
8540,320,257,14.112
8541,320,256,13.926
8542,320,264,13.833
8543,10,6,9.833
8544,320,247,13.907
8545,320,235,14.629
8546,320,251,14.240
8547,10,9,9.518
8548,320,256,13.963
8549,320,255,77.388
8550,320,255,15.056
8551,7,3,9.593
8552,320,219,14.704
8553,320,250,14.500
8554,320,257,13.574
8555,6,4,10.630
8556,320,260,14.296
8557,320,254,13.463
8558,320,254,14.037
8559,3,2,9.167
8560,320,253,13.000
8561,320,251,13.093
8562,316,251,13.037
8563,320,263,12.797
8564,320,245,24.314
8565,319,242,13.093
8566,320,259,13.333
8567,320,258,12.352
8568,313,240,12.204
8569,320,235,12.111
8570,320,238,12.296
8571,317,240,12.389
8572,320,253,12.129
8573,320,242,13.315
8574,314,240,11.796
8575,320,248,11.666
8576,320,224,12.389
8577,320,224,12.241
8578,2,2,7.833
8579,320,224,12.555
8580,320,234,12.259
8581,308,216,11.759
8582,320,199,12.148
8583,320,213,12.333
8584,307,199,11.871
8585,320,225,13.314
8586,320,198,11.611
8587,292,202,11.334
8588,320,223,11.334
8589,320,233,10.814
8590,286,199,10.685
8591,320,208,10.351
8592,320,215,10.278
8593,277,181,10.130
8594,320,213,10.888
8595,320,193,10.185
8596,284,171,10.092
8597,320,201,46.111
8598,320,194,11.018
8599,282,170,10.926
8600,320,184,10.834
8601,320,201,11.445
8602,282,179,10.426
8603,320,200,12.648
8604,320,180,11.056
8605,281,168,10.259
8606,320,181,11.481
8607,320,197,10.759
8608,264,169,10.907
8609,320,202,11.815
8610,320,198,9.926
8611,266,134,9.425
8612,320,172,10.000
8613,320,170,9.852
8614,253,151,30.018
8615,320,192,11.056
8616,320,186,9.666
8617,262,140,9.481
8618,320,161,10.167
8619,320,161,10.056
8620,264,136,9.278
8621,320,181,10.315
8622,320,177,10.259
8623,251,136,8.685
8624,320,187,9.166
8625,320,201,9.278
8626,248,141,19.315
8627,320,195,9.278
8628,320,203,9.611
8629,260,160,8.148
8630,320,177,9.630
8631,320,173,9.630
8632,265,149,8.926
8633,320,180,10.222
8634,320,180,10.074
8635,260,155,8.759
8636,320,181,9.907
8637,320,169,9.962
8638,240,114,8.111
8639,320,197,33.000
8640,320,171,26.389
8641,246,150,24.852
8642,320,174,11.574
8643,320,175,9.834
8644,253,145,8.223
8645,320,188,9.537
8646,320,169,10.222
8647,258,140,8.888
8648,320,169,9.592
8649,320,211,18.500
8650,260,147,14.241
8651,320,188,11.204
8652,320,189,9.926
8653,253,143,8.667
8654,320,169,10.648
8655,320,192,9.648
8656,250,140,8.370
8657,320,201,32.444
8658,320,182,11.370
8659,252,136,8.370
8660,320,181,10.315
8661,320,179,10.481
8662,256,127,8.370
8663,320,168,10.278
8664,320,164,9.389
8665,234,127,7.685
8666,320,171,8.963
8667,320,195,8.833
8668,237,129,8.741
8669,320,195,9.018
8670,320,185,8.796
8671,240,128,7.723
8672,320,183,9.463
8673,320,169,9.278
8674,253,147,8.314
8675,320,204,9.296
8676,320,194,10.370
8677,253,150,8.537
8678,320,201,10.074
8679,320,202,9.296
8680,241,144,7.852
8681,320,183,8.851
8682,320,192,9.093
8683,243,135,9.037
8684,320,174,10.223
8685,320,170,9.519
8686,247,147,9.074
8687,320,159,9.778
8688,320,189,9.722
8689,236,126,8.463
8690,320,166,9.963
8691,320,182,8.851
8692,237,141,9.814
8693,320,179,9.685
8694,320,211,27.537
8695,235,137,8.555
8696,320,194,10.667
8697,320,182,8.907
8698,254,140,8.481
8699,320,186,9.592
8700,320,178,9.686
8701,254,143,8.167
8702,320,182,9.778
8703,320,211,11.834
8704,236,137,44.000
8705,320,180,10.778
8706,320,150,10.352
8707,225,136,7.149
8708,320,183,9.260
8709,320,177,9.852
8710,249,168,8.240
8711,320,186,9.463
8712,320,188,9.241
8713,235,142,7.537
8714,320,179,9.537
8715,320,185,8.926
8716,246,120,16.185
8717,320,181,12.759
8718,320,198,10.296
8719,247,162,46.425
8720,320,198,9.814
8721,320,198,11.870
8722,247,128,8.926
8723,320,187,10.796
8724,320,211,9.297
8725,249,157,8.074
8726,320,179,9.408
8727,320,192,9.778
8728,249,124,8.945
8729,320,174,11.204
8730,320,174,8.981
8731,223,129,7.074
8732,320,195,9.222
8733,320,169,8.944
8734,234,138,7.555
8735,320,193,9.222
8736,320,180,8.704
8737,237,146,7.592
8738,320,186,9.277
8739,320,209,8.907
8740,255,142,8.223
8741,320,195,9.055
8742,320,190,39.518
8743,246,157,10.648
8744,320,180,20.241
8745,320,187,10.019
8746,238,142,7.963
8747,320,198,9.315
8748,320,183,9.185
8749,243,147,7.482
8750,320,190,9.371
8751,320,163,8.722
8752,237,114,7.759
8753,320,171,9.037
8754,320,176,9.037
8755,249,142,9.334
8756,320,177,9.333
8757,320,190,9.444
8758,219,105,8.055
8759,320,189,8.740
8760,320,163,8.704
8761,234,128,7.185
8762,320,201,8.667
8763,320,192,9.167
8764,262,154,8.223
8765,320,186,9.259
8766,320,180,10.019
8767,255,142,8.370
8768,320,172,9.574
8769,320,178,9.537
8770,237,137,7.796
8771,320,172,9.389
8772,320,193,8.907
8773,233,115,7.296
8774,320,160,9.111
8775,320,191,8.555
8776,232,138,7.407
8777,320,175,9.130
8778,320,168,8.759
8779,249,135,7.797
8780,320,166,9.444
8781,320,172,28.111
8782,237,125,9.130
8783,320,174,9.074
8784,320,182,8.908
8785,237,137,7.537
8786,320,220,8.685
8787,320,182,8.741
8788,243,153,7.852
8789,320,180,9.204
8790,320,189,9.056
8791,249,154,7.871
8792,320,187,9.018
8793,320,178,9.111
8794,248,131,7.833
8795,320,179,9.407
8796,320,176,8.963
8797,229,122,7.241
8798,320,157,8.796
8799,320,184,8.815
8800,224,133,7.130
8801,320,157,8.888
8802,320,174,8.500
8803,239,130,7.537
8804,320,176,9.018
8805,320,168,9.092
8806,252,131,7.926
8807,320,182,9.018
8808,320,183,9.296
8809,254,143,8.723
8810,320,180,9.278
8811,320,181,9.259
8812,242,142,7.815
8813,320,187,9.166
8814,320,179,9.037
8815,241,117,7.759
8816,320,163,9.482
8817,320,171,9.259
8818,241,121,7.741
8819,320,176,9.074
8820,320,170,8.889
8821,237,119,15.685
8822,320,167,9.148
8823,320,168,8.945
8824,230,112,7.444
8825,320,191,8.704
8826,320,171,8.778
8827,239,142,7.611
8828,320,190,8.722
8829,320,163,8.871
8830,249,142,7.944
8831,320,178,9.111
8832,320,180,9.445
8833,248,117,8.519
8834,320,170,9.722
8835,320,174,9.185
8836,251,146,7.963
8837,320,180,9.186
8838,320,167,9.092
8839,216,119,6.926
8840,320,156,8.815
8841,320,187,8.593
8842,236,133,7.167
8843,320,140,8.852
8844,320,180,9.019
8845,232,124,7.259
8846,320,163,9.000
8847,320,176,8.871
8848,235,114,7.574
8849,320,172,9.685
8850,320,165,8.723
8851,239,137,7.352
8852,320,185,8.723
8853,320,167,8.759
8854,230,130,7.296
8855,320,164,8.963
8856,320,180,8.611
8857,236,137,7.537
8858,320,151,9.037
8859,320,160,9.019
8860,223,122,7.278
8861,320,163,8.926
8862,320,173,8.462
8863,214,123,6.889
8864,320,153,8.630
8865,320,170,8.630
8866,223,119,6.926
8867,320,156,9.111
8868,320,180,8.611
8869,237,132,7.463
8870,320,178,9.111
8871,320,182,9.260
8872,239,114,7.889
8873,320,188,9.037
8874,320,178,8.778
8875,223,123,7.555
8876,320,174,8.759
8877,320,159,8.685
8878,236,139,7.222
8879,320,168,9.055
8880,320,184,8.908
8881,219,114,7.074
8882,320,175,8.555
8883,320,157,8.593
8884,225,105,7.111
8885,320,162,8.685
8886,320,161,8.741
8887,217,106,7.019
8888,320,163,9.074
8889,320,171,8.556
8890,226,133,6.870
8891,320,171,8.722
8892,320,181,8.703
8893,236,135,7.648
8894,320,181,8.889
8895,320,180,9.259
8896,217,109,6.944
8897,320,174,8.759
8898,320,164,8.944
8899,221,115,7.092
8900,320,152,8.574
8901,320,181,8.703
8902,221,121,6.925
8903,320,148,8.667
8904,320,176,16.722
8905,219,107,7.037
8906,320,177,8.982
8907,320,166,8.611
8908,211,95,6.629
8909,320,166,8.500
8910,320,194,8.574
8911,231,121,7.204
8912,320,174,9.000
8913,320,185,8.519
8914,221,118,7.056
8915,320,182,8.704
8916,320,192,8.481
8917,222,122,7.074
8918,320,161,8.797
8919,320,167,8.834
8920,212,127,6.870
8921,320,185,8.463
8922,320,168,8.556
8923,208,102,6.667
8924,320,167,8.685
8925,320,167,8.870
8926,214,109,7.148
8927,320,175,8.462
8928,320,190,8.611
8929,231,131,7.722
8930,320,175,8.889
8931,320,165,8.814
8932,226,118,7.204
8933,320,186,9.278
8934,320,178,8.630
8935,220,129,7.241
8936,320,173,8.815
8937,320,180,9.037
8938,213,104,6.963
8939,320,183,8.519
8940,320,181,8.648
8941,214,113,7.519
8942,320,150,9.333
8943,320,175,8.630
8944,214,112,6.833
8945,320,176,8.611
8946,320,174,8.741
8947,205,123,6.722
8948,320,175,8.278
8949,320,186,8.389
8950,223,122,6.852
8951,320,193,8.834
8952,320,193,8.223
8953,216,120,6.851
8954,320,186,8.444
8955,320,194,8.482
8956,202,99,6.629
8957,320,164,8.315
8958,320,165,8.055
8959,204,129,6.315
8960,320,161,8.352
8961,320,173,9.019
8962,187,112,6.148
8963,320,184,8.703
8964,320,169,9.093
8965,211,116,6.685
8966,320,190,8.759
8967,320,199,8.481
8968,211,120,7.334
8969,320,195,8.759
8970,320,173,8.907
8971,202,124,6.444
8972,320,189,9.389
8973,320,189,8.537
8974,203,112,6.667
8975,320,181,8.889
8976,320,177,8.778
8977,214,120,6.871
8978,320,166,8.370
8979,320,176,8.814
8980,195,110,6.203
8981,320,173,8.333
8982,320,179,8.667
8983,210,102,6.666
8984,320,177,9.092
8985,320,202,8.426
8986,234,134,7.277
8987,320,181,9.407
8988,320,184,8.815
8989,201,117,7.815
8990,320,188,8.704
8991,320,185,8.185
8992,175,84,5.852
8993,320,176,8.018
8994,320,168,8.130
8995,195,89,6.518
8996,320,169,8.518
8997,320,194,8.371
8998,194,110,6.055
8999,320,180,8.074
9000,320,190,7.908
9001,194,122,6.074
9002,320,209,8.055
9003,320,176,8.444
9004,196,122,6.204
9005,320,181,8.241
9006,320,168,8.092
9007,200,110,6.704
9008,320,181,8.722
9009,320,176,8.093
9010,167,91,5.297
9011,320,165,7.926
9012,320,168,8.055
9013,187,100,5.963
9014,320,185,8.315
9015,320,173,8.241
9016,186,96,5.963
9017,320,171,8.092
9018,320,196,8.704
9019,186,113,5.944
9020,320,187,8.149
9021,320,186,8.185
9022,179,101,5.870
9023,320,195,7.870
9024,320,162,8.204
9025,164,95,5.388
9026,320,156,7.945
9027,320,160,7.870
9028,154,76,5.241
9029,320,173,7.814
9030,320,178,8.148
9031,180,86,5.722
9032,320,171,8.167
9033,320,166,8.167
9034,178,112,5.834
9035,320,197,7.963
9036,320,192,7.834
9037,168,114,5.333
9038,320,190,7.852
9039,320,177,7.777
9040,159,91,5.240
9041,320,171,7.777
9042,320,164,7.852
9043,171,90,5.648
9044,320,170,8.000
9045,320,198,7.740
9046,162,92,5.333
9047,320,195,8.648
9048,320,183,8.851
9049,189,118,6.482
9050,320,193,8.166
9051,320,181,8.019
9052,175,113,5.537
9053,320,183,7.833
9054,320,195,7.760
9055,154,89,5.314
9056,320,173,8.241
9057,320,185,7.963
9058,166,86,5.482
9059,320,185,7.834
9060,320,184,8.018
9061,176,112,5.519
9062,320,211,7.741
9063,320,201,7.500
9064,176,115,5.519
9065,320,201,8.333
9066,320,204,8.130
9067,170,102,5.463
9068,320,181,8.537
9069,320,204,7.519
9070,147,85,5.148
9071,320,201,8.314
9072,320,193,7.575
9073,158,106,5.203
9074,320,185,7.889
9075,320,196,8.037
9076,175,115,5.723
9077,320,212,8.000
9078,320,207,16.481
9079,169,107,5.463
9080,320,219,7.389
9081,320,206,7.481
9082,153,84,5.352
9083,320,192,7.611
9084,320,189,7.519
9085,141,93,4.852
9086,320,182,7.778
9087,320,192,7.500
9088,138,83,4.760
9089,320,191,7.556
9090,320,195,7.667
9091,170,104,5.407
9092,320,193,8.167
9093,320,191,8.611
9094,151,98,4.963
9095,320,204,8.018
9096,320,198,8.000
9097,143,87,4.907
9098,320,185,7.389
9099,320,172,21.166
9100,125,82,4.796
9101,320,179,8.315
9102,320,191,7.592
9103,143,89,4.926
9104,320,211,7.574
9105,320,212,8.111
9106,131,80,4.537
9107,320,194,7.370
9108,320,172,7.593
9109,129,84,4.778
9110,320,188,7.888
9111,320,185,7.463
9112,83,49,3.630
9113,320,172,7.296
9114,320,192,7.518
9115,140,87,4.703
9116,320,189,8.314
9117,320,174,7.593
9118,127,83,4.463
9119,320,200,7.370
9120,320,173,7.611
9121,116,71,4.185
9122,320,174,7.408
9123,320,170,7.185
9124,81,51,3.463
9125,320,201,7.166
9126,320,191,7.352
9127,113,65,4.130
9128,320,195,7.334
9129,320,162,7.778
9130,120,67,4.500
9131,320,181,7.482
9132,320,181,7.278
9133,92,54,3.889
9134,320,163,7.722
9135,320,183,7.408
9136,87,44,3.778
9137,320,177,7.537
9138,320,203,7.333
9139,119,72,4.519
9140,320,171,7.463
9141,320,186,7.222
9142,98,54,4.037
9143,320,192,7.314
9144,320,163,7.425
9145,88,42,3.666
9146,320,180,7.278
9147,320,177,7.259
9148,98,57,4.000
9149,320,206,7.148
9150,320,173,7.481
9151,99,49,3.963
9152,320,201,7.278
9153,320,179,7.389
9154,101,54,4.019
9155,320,160,7.741
9156,320,158,7.685
9157,53,24,3.055
9158,320,200,7.000
9159,320,191,7.297
9160,108,66,4.241
9161,320,174,7.574
9162,320,192,7.259
9163,98,70,3.889
9164,320,169,7.334
9165,320,177,7.334
9166,74,37,3.555
9167,320,174,7.315
9168,320,177,7.129
9169,73,49,3.445
9170,320,208,6.962
9171,320,208,6.981
9172,88,47,10.167
9173,320,195,7.463
9174,320,181,7.203
9175,94,49,4.000
9176,320,173,7.334
9177,320,162,7.445
9178,54,26,3.166
9179,320,184,7.204
9180,320,190,7.351
9181,100,63,4.018
9182,320,192,7.222
9183,320,211,6.981
9184,81,47,3.612
9185,320,179,7.334
9186,320,166,7.519
9187,89,49,3.760
9188,320,156,7.388
9189,320,195,7.259
9190,67,35,3.315
9191,320,202,6.945
9192,320,190,7.444
9193,111,75,4.111
9194,320,205,7.055
9195,320,188,7.296
9196,90,49,3.796
9197,320,200,7.370
9198,320,146,7.481
9199,90,50,3.815
9200,320,186,7.315
9201,320,192,7.055
9202,91,68,3.667
9203,320,186,7.389
9204,320,190,7.537
9205,116,67,4.389
9206,320,197,7.204
9207,320,197,7.241
9208,110,58,4.203
9209,320,181,7.260
9210,320,166,7.870
9211,99,63,3.889
9212,320,190,7.092
9213,320,182,7.185
9214,122,85,4.334
9215,320,198,7.666
9216,320,204,7.315
9217,123,74,4.445
9218,320,184,7.463
9219,320,199,7.408
9220,126,69,4.667
9221,320,160,7.556
9222,320,168,7.667
9223,102,50,4.111
9224,320,178,7.537
9225,320,189,7.611
9226,143,89,4.648
9227,320,200,7.611
9228,320,183,7.741
9229,123,60,4.518
9230,320,186,7.500
9231,320,192,7.370
9232,119,57,4.334
9233,320,165,7.593
9234,320,152,7.648
9235,96,53,3.815
9236,320,193,7.518
9237,320,180,7.334
9238,124,64,4.463
9239,320,174,7.778
9240,320,176,7.537
9241,119,52,4.592
9242,320,184,7.408
9243,320,196,7.389
9244,113,59,4.389
9245,320,157,7.537
9246,320,153,7.518
9247,99,46,4.019
9248,320,164,7.333
9249,320,191,7.519
9250,119,79,4.445
9251,320,156,7.740
9252,320,184,7.482
9253,107,62,4.038
9254,320,175,7.444
9255,320,153,7.518
9256,101,45,4.092
9257,320,137,7.556
9258,320,163,7.167
9259,73,38,3.518
9260,320,184,7.444
9261,320,187,7.444
9262,127,70,4.537
9263,320,181,7.778
9264,320,193,7.203
9265,98,68,3.981
9266,320,184,7.148
9267,320,149,7.574
9268,99,46,4.074
9269,320,172,12.667
9270,320,170,7.463
9271,82,49,3.574
9272,320,201,7.241
9273,320,187,7.593
9274,128,73,4.612
9275,320,164,7.741
9276,320,183,7.370
9277,109,69,4.148
9278,320,191,7.444
9279,320,167,7.444
9280,84,49,3.722
9281,320,178,7.371
9282,320,193,7.334
9283,116,71,4.204
9284,320,202,7.555
9285,320,199,7.500
9286,114,56,4.425
9287,320,180,7.334
9288,320,207,7.371
9289,132,80,4.759
9290,320,187,7.426
9291,320,175,7.203
9292,91,56,3.815
9293,320,176,7.463
9294,320,221,7.333
9295,136,88,4.611
9296,320,206,7.555
9297,320,204,7.371
9298,111,69,4.093
9299,320,214,7.112
9300,320,225,6.982
9301,135,90,4.556
9302,320,209,7.481
9303,320,185,7.574
9304,103,74,3.908
9305,320,223,7.055
9306,320,225,7.037
9307,138,103,4.611
9308,320,238,7.166
9309,320,223,7.556
9310,148,95,4.982
9311,320,209,7.315
9312,320,232,7.074
9313,167,126,5.129
9314,320,221,7.389
9315,320,222,7.518
9316,141,92,4.944
9317,320,204,7.630
9318,320,226,7.241
9319,159,100,5.056
9320,320,238,7.167
9321,320,249,7.037
9322,177,135,5.426
9323,320,233,7.611
9324,320,231,7.519
9325,169,112,5.315
9326,320,242,7.259
9327,320,255,7.370
9328,176,132,5.352
9329,320,217,7.518
9330,320,231,7.352
9331,162,120,5.075
9332,320,223,7.444
9333,320,252,7.241
9334,190,134,5.722
9335,320,241,7.407
9336,320,236,7.574
9337,195,145,5.760
9338,320,241,7.500
9339,320,250,7.315
9340,184,143,5.481
9341,320,241,7.370
9342,320,256,7.352
9343,198,158,5.704
9344,320,243,7.649
9345,320,235,7.777
9346,195,143,5.926
9347,320,238,7.740
9348,320,215,7.778
9349,171,112,5.389
9350,320,242,7.167
9351,320,246,7.444
9352,202,148,5.833
9353,320,244,7.648
9354,320,250,7.593
9355,204,154,6.000
9356,320,234,8.037
9357,320,248,7.482
9358,200,151,5.852
9359,320,250,7.463
9360,320,253,7.407
9361,209,167,5.963
9362,320,231,7.778
9363,320,241,13.351
9364,193,152,5.982
9365,320,229,7.648
9366,320,231,7.500
9367,195,152,5.648
9368,320,232,7.537
9369,320,263,7.352
9370,220,175,6.130
9371,320,251,7.963
9372,320,253,7.741
9373,213,168,6.111
9374,320,256,7.722
9375,320,255,7.556
9376,189,130,5.815
9377,320,258,7.278
9378,320,253,7.222
9379,194,147,5.629
9380,320,237,7.648
9381,320,239,7.370
9382,181,139,5.574
9383,320,236,7.278
9384,320,231,7.370
9385,183,138,5.370
9386,320,243,7.296
9387,320,263,7.315
9388,194,156,5.666
9389,320,237,7.463
9390,320,250,7.278
9391,181,134,5.611
9392,320,244,7.315
9393,320,252,7.352
9394,190,148,5.593
9395,320,228,7.630
9396,320,255,7.241
9397,174,128,5.278
9398,320,231,7.315
9399,320,229,7.426
9400,166,118,5.185
9401,320,241,7.129
9402,320,252,7.278
9403,190,142,5.667
9404,320,249,7.334
9405,320,243,7.407
9406,178,130,5.426
9407,320,234,7.333
9408,320,242,7.370
9409,198,150,5.667
9410,320,232,7.926
9411,320,229,7.519
9412,177,127,5.445
9413,320,237,7.463
9414,320,227,7.314
9415,170,123,5.222
9416,320,235,7.222
9417,320,239,7.296
9418,191,143,5.592
9419,320,246,7.426
9420,320,228,7.500
9421,202,139,6.056
9422,320,238,9.611
9423,320,232,7.741
9424,197,149,5.907
9425,320,246,7.574
9426,320,253,8.963
9427,192,131,8.260
9428,320,237,13.445
9429,320,216,18.130
9430,171,114,8.574
9431,320,224,11.500
9432,320,221,12.722
9433,182,131,9.519
9434,320,228,14.870
9435,320,215,11.778
9436,193,142,9.389
9437,320,231,16.963
9438,320,215,12.796
9439,173,112,10.333
9440,320,225,11.259
9441,320,219,15.759
9442,187,111,12.389
9443,320,204,50.204
9444,320,220,15.889
9445,150,100,9.314
9446,320,192,11.204
9447,320,206,17.611
9448,161,117,9.888
9449,320,195,17.833
9450,320,195,17.370
9451,157,76,13.166
9452,320,194,14.778
9453,320,189,16.130
9454,142,90,8.556
9455,320,203,21.000
9456,320,149,16.037
9457,115,57,8.222
9458,320,147,12.166
9459,320,148,16.259
9460,82,45,6.481
9461,320,183,14.629
9462,320,157,14.611
9463,99,54,7.352
9464,320,161,10.018
9465,320,171,14.074
9466,74,34,8.389
9467,320,124,10.148
9468,320,115,15.204
9469,35,15,6.500
9470,320,153,17.389
9471,320,164,17.297
9472,45,18,8.222
9473,320,159,12.000
9474,320,175,9.722
9475,37,16,4.667
9476,320,143,8.667
9477,320,137,13.481
9478,5,0,4.815
9479,320,171,14.203
9480,320,199,11.333
9481,45,29,5.796
9482,320,199,15.334
9483,320,212,15.407
9484,80,60,8.370
9485,320,205,11.203
9486,320,217,13.259
9487,112,67,8.852
9488,320,244,11.629
9489,320,239,12.241
9490,133,106,8.981
9491,320,230,13.018
9492,320,243,14.019
9493,125,94,7.685
9494,320,232,12.851
9495,320,256,11.092
9496,139,101,8.592
9497,320,250,12.851
9498,320,249,12.315
9499,167,134,9.241
9500,320,249,22.722
9501,320,250,14.703
9502,190,156,9.185
9503,320,257,13.093
9504,320,265,13.667
9505,209,164,11.648
9506,320,255,13.092
9507,320,256,12.241
9508,197,144,10.463
9509,320,268,9.352
9510,320,261,11.445
9511,194,159,10.889
9512,320,248,12.444
9513,320,248,10.314
9514,176,137,7.648
9515,320,246,11.000
9516,320,248,10.000
9517,167,130,7.741
9518,320,230,13.129
9519,320,236,15.445
9520,177,125,9.759
9521,320,244,11.537
9522,320,247,12.555
9523,199,160,6.112
9524,320,238,19.222
9525,320,243,11.722
9526,195,144,12.222
9527,320,244,16.815
9528,320,246,13.740
9529,198,140,10.537
9530,320,238,13.074
9531,320,240,12.463
9532,186,139,8.796
9533,320,248,12.407
9534,320,262,12.537
9535,239,196,11.982
9536,320,273,13.926
9537,320,278,14.111
9538,277,231,12.889
9539,320,284,12.555
9540,320,277,18.296
9541,284,248,15.722
9542,320,269,15.056
9543,320,277,15.537
9544,287,245,14.074
9545,320,287,11.370
9546,320,276,12.537
9547,288,246,15.537
9548,320,272,14.518
9549,320,284,16.222
9550,294,249,14.870
9551,320,285,15.074
9552,320,281,17.666
9553,301,268,14.445
9554,320,291,15.222
9555,320,299,57.870
9556,306,275,20.296
9557,320,286,26.259
9558,320,294,16.518
9559,307,275,19.000
9560,320,289,13.259
9561,320,286,22.944
9562,313,278,18.463
9563,320,288,18.445
9564,320,287,20.241
9565,310,281,17.592
9566,320,288,21.667
9567,320,289,19.797
9568,310,277,22.056
9569,320,297,16.815
9570,320,289,17.333
9571,306,286,17.648
9572,320,292,18.907
9573,320,290,18.796
9574,304,268,21.926
9575,320,298,17.463
9576,320,286,17.852
9577,300,260,19.685
9578,320,287,19.240
9579,320,281,21.185
9580,302,269,17.666
9581,320,278,13.556
9582,320,287,12.722
9583,300,268,13.333
9584,320,292,13.351
9585,320,282,13.685
9586,294,259,12.185
9587,320,285,12.500
9588,320,285,12.000
9589,285,261,10.740
9590,320,281,11.445
9591,320,289,11.908
9592,277,240,11.389
9593,320,275,11.055
9594,320,276,10.389
9595,273,234,10.074
9596,320,280,9.407
9597,320,266,9.685
9598,274,240,11.037
9599,320,277,10.111
9600,320,271,9.963
9601,271,239,8.833
9602,320,266,9.870
9603,320,279,12.296
9604,262,208,58.944
9605,320,270,12.203
9606,320,257,10.000
9607,260,214,9.092
9608,320,269,9.426
9609,320,268,10.704
9610,253,224,8.759
9611,320,259,10.092
9612,320,271,9.685
9613,249,214,9.075
9614,320,278,9.297
9615,320,270,9.204
9616,249,211,8.982
9617,320,270,10.666
9618,320,273,9.722
9619,254,223,8.685
9620,320,278,9.260
9621,320,282,11.278
9622,265,240,9.241
9623,320,282,11.260
9624,320,279,10.408
9625,267,240,8.704
9626,320,282,9.925
9627,320,290,11.203
9628,259,230,9.482
9629,320,290,9.629
9630,320,284,9.185
9631,264,238,8.167
9632,320,280,10.019
9633,320,290,11.055
9634,264,235,8.537
9635,320,292,10.204
9636,320,288,10.871
9637,259,240,9.167
9638,320,281,9.203
9639,320,283,9.074
9640,259,230,8.352
9641,320,288,9.241
9642,320,296,8.277
9643,266,238,8.722
9644,320,287,9.130
9645,320,282,9.148
9646,264,226,11.519
9647,320,287,9.407
9648,320,286,9.519
9649,262,234,8.408
9650,320,278,26.611
9651,320,285,9.259
9652,234,208,7.130
9653,320,287,8.129
9654,320,286,7.908
9655,237,212,7.370
9656,320,279,8.426
9657,320,277,8.000
9658,228,187,7.592
9659,320,281,8.426
9660,320,281,7.704
9661,239,208,7.056
9662,320,274,7.945
9663,320,289,8.574
9664,240,210,7.055
9665,320,280,7.889
9666,320,275,7.833
9667,252,228,7.111
9668,320,274,8.388
9669,320,279,8.204
9670,248,224,7.093
9671,320,279,16.000
9672,320,282,8.574
9673,249,215,7.388
9674,320,280,8.352
9675,320,278,8.149
9676,244,216,7.352
9677,320,271,8.259
9678,320,277,7.963
9679,246,206,7.241
9680,320,272,8.593
9681,320,275,8.259
9682,237,208,6.815
9683,320,273,8.111
9684,320,278,8.037
9685,239,205,6.759
9686,320,272,7.852
9687,320,261,8.093
9688,236,208,6.833
9689,320,270,8.111
9690,320,265,8.056
9691,229,194,6.685
9692,320,278,7.666
9693,320,268,7.722
9694,220,185,6.333
9695,320,270,7.667
9696,320,273,7.962
9697,224,188,6.519
9698,320,263,7.851
9699,320,267,7.852
9700,224,190,6.370
9701,320,277,7.611
9702,320,269,7.555
9703,213,185,6.000
9704,320,270,7.482
9705,320,256,7.630
9706,215,182,6.111
9707,320,278,7.574
9708,320,259,7.889
9709,214,180,6.166
9710,320,273,7.870
9711,320,268,7.352
9712,201,171,5.648
9713,320,263,7.426
9714,320,263,7.648
9715,194,152,5.648
9716,320,266,7.241
9717,320,264,7.240
9718,196,145,5.778
9719,320,253,7.277
9720,320,259,7.352
9721,192,154,5.555
9722,320,260,7.278
9723,320,267,7.297
9724,187,148,5.481
9725,320,264,7.111
9726,320,247,7.352
9727,188,154,5.518
9728,320,252,7.445
9729,320,257,7.111
9730,167,142,5.000
9731,320,253,7.148
9732,320,263,7.055
9733,176,143,5.130
9734,320,254,7.222
9735,320,260,7.092
9736,178,147,5.148
9737,320,262,7.148
9738,320,277,7.056
9739,178,143,5.241
9740,320,266,7.074
9741,320,259,7.074
9742,168,142,5.055
9743,320,263,7.000
9744,320,253,6.908
9745,168,136,4.944
9746,320,267,6.815
9747,320,265,7.111
9748,174,142,5.186
9749,320,260,7.000
9750,320,260,7.185
9751,175,138,5.241
9752,320,260,7.185
9753,320,250,7.148
9754,173,137,5.130
9755,320,246,7.278
9756,320,255,7.241
9757,165,123,5.112
9758,320,255,7.129
9759,320,249,7.056
9760,158,118,4.945
9761,320,247,7.055
9762,320,232,7.166
9763,148,120,4.648
9764,320,249,7.019
9765,320,235,7.482
9766,154,117,4.851
9767,320,247,7.148
9768,320,255,6.870
9769,153,116,4.852
9770,320,238,7.037
9771,320,240,6.963
9772,137,106,4.611
9773,320,237,7.000
9774,320,247,6.908
9775,136,103,4.444
9776,320,223,7.148
9777,320,248,6.852
9778,143,110,4.500
9779,320,228,7.148
9780,320,238,7.148
9781,147,108,4.685
9782,320,227,7.148
9783,320,222,7.093
9784,135,85,4.704
9785,320,236,7.093
9786,320,231,6.870
9787,123,89,4.314
9788,320,229,7.000
9789,320,244,6.981
9790,124,83,4.389
9791,320,224,7.129
9792,320,248,7.000
9793,149,104,4.796
9794,320,217,7.259
9795,320,229,7.222
9796,134,80,4.629
9797,320,226,6.981
9798,320,224,7.037
9799,120,83,4.222
9800,320,218,7.093
9801,320,200,7.370
9802,133,88,4.556
9803,320,224,7.167
9804,320,210,7.204
9805,147,84,5.019
9806,320,230,7.222
9807,320,201,7.333
9808,137,86,4.722
9809,320,210,7.223
9810,320,190,7.352
9811,141,89,4.703
9812,320,185,7.574
9813,320,188,7.389
9814,132,83,4.574
9815,320,205,7.185
9816,320,209,7.297
9817,143,89,4.814
9818,320,200,7.426
9819,320,219,7.333
9820,143,86,4.777
9821,320,186,7.481
9822,320,190,7.482
9823,141,86,4.796
9824,320,187,7.389
9825,320,193,7.370
9826,136,82,4.778
9827,320,202,7.296
9828,320,205,7.241
9829,137,88,4.778
9830,320,187,7.500
9831,320,190,7.593
9832,151,92,4.870
9833,320,201,7.648
9834,320,191,7.815
9835,130,74,4.611
9836,320,202,7.426
9837,320,189,7.574
9838,136,86,4.685
9839,320,189,7.648
9840,320,191,7.537
9841,141,82,4.963
9842,320,181,7.760
9843,320,204,7.500
9844,148,88,4.982
9845,320,200,7.685
9846,320,187,7.463
9847,149,95,4.963
9848,320,176,14.371
9849,320,212,7.778
9850,137,74,4.852
9851,320,199,7.463
9852,320,186,7.408
9853,137,65,4.834
9854,320,194,7.518
9855,320,196,7.537
9856,149,93,5.075
9857,320,186,7.981
9858,320,215,7.352
9859,135,75,4.796
9860,320,179,7.407
9861,320,186,7.629
9862,154,86,5.093
9863,320,204,7.574
9864,320,186,7.500
9865,143,94,4.926
9866,320,182,7.667
9867,320,190,7.519
9868,132,80,4.685
9869,320,186,7.463
9870,320,194,7.278
9871,149,91,5.000
9872,320,170,7.852
9873,320,180,7.722
9874,126,78,4.519
9875,320,194,7.370
9876,320,178,7.537
9877,130,79,4.481
9878,320,174,7.648
9879,320,178,7.926
9880,138,89,4.815
9881,320,207,7.185
9882,320,176,7.370
9883,135,89,4.593
9884,320,186,7.537
9885,320,199,7.648
9886,137,78,4.777
9887,320,177,7.740
9888,320,184,7.519
9889,121,75,4.240
9890,320,218,7.166
9891,320,192,7.518
9892,130,80,4.556
9893,320,189,7.760
9894,320,194,7.370
9895,133,83,4.481
9896,320,188,7.389
9897,320,190,7.463
9898,125,74,4.463
9899,320,179,7.629
9900,320,175,7.667
9901,120,68,4.518
9902,320,198,7.186
9903,320,195,7.370
9904,101,59,3.945
9905,320,194,7.240
9906,320,212,7.241
9907,125,68,4.592
9908,320,174,7.685
9909,320,183,7.907
9910,113,62,4.204
9911,320,157,7.611
9912,320,178,7.259
9913,86,50,3.685
9914,320,188,7.296
9915,320,182,7.408
9916,94,57,3.814
9917,320,193,7.278
9918,320,189,6.944
9919,98,45,4.074
9920,320,181,7.482
9921,320,173,7.370
9922,70,34,3.352
9923,320,161,7.333
9924,320,195,6.963
9925,73,37,3.481
9926,320,148,7.500
9927,320,168,7.167
9928,63,37,3.278
9929,320,176,7.259
9930,320,157,7.537
9931,55,23,3.166
9932,320,146,7.129
9933,320,146,7.241
9934,43,21,2.963
9935,320,166,7.260
9936,320,156,7.259
9937,43,27,2.889
9938,320,166,7.185
9939,320,163,7.056
9940,42,25,2.833
9941,320,136,7.167
9942,320,146,6.889
9943,30,17,2.649
9944,320,155,7.463
9945,320,155,7.260
9946,13,9,2.389
9947,320,169,7.019
9948,320,139,7.260
9949,20,11,2.445
9950,320,134,6.926
9951,312,163,6.686
9952,320,130,6.833
9953,320,156,6.834
9954,13,3,2.407
9955,320,116,6.889
9956,295,110,6.370
9957,320,128,6.814
9958,320,139,7.018
9959,6,2,2.240
9960,320,133,6.778
9961,288,107,6.297
9962,320,140,6.926
9963,282,110,6.111
9964,320,127,6.740
9965,269,128,6.130
9966,320,131,6.814
9967,251,79,5.297
9968,320,120,6.537
9969,245,88,5.555
9970,320,128,6.686
9971,238,77,5.259
9972,320,103,6.519
9973,211,86,4.870
9974,320,133,6.574
9975,232,70,5.018
9976,320,82,6.371
9977,204,75,4.686
9978,320,120,6.666
9979,182,60,4.648
9980,320,57,5.796
9981,160,54,3.908
9982,320,87,5.981
9983,194,63,4.834
9984,320,59,5.870
9985,149,59,4.907
9986,320,77,15.056
9987,151,51,11.259
9988,320,61,14.334
9989,112,46,6.277
9990,320,90,15.685
9991,104,28,3.778
9992,320,71,12.445
9993,95,30,6.852
9994,320,60,11.352
9995,62,15,5.223
9996,320,78,14.407
9997,87,21,10.259
9998,320,51,14.834
9999,44,16,9.352
10000,320,65,15.537
10001,44,9,7.018
10002,320,50,8.093
10003,41,13,6.612
10004,320,20,11.037
10005,35,5,4.704
10006,320,75,14.185
10007,48,12,7.778
10008,320,52,16.259
10009,320,18,12.389
10010,8,0,5.833
10011,320,21,9.814
10012,53,8,4.963
10013,320,74,10.166
10014,21,3,4.667
10015,320,44,11.093
10016,17,0,4.889
10017,320,29,12.907
10018,31,4,40.148
10019,320,39,17.278
10020,44,16,6.018
10021,320,56,10.852
10022,37,7,4.593
10023,320,48,16.388
10024,29,3,6.537
10025,320,21,15.814
10026,25,2,7.203
10027,320,50,14.593
10028,22,5,4.907
10029,320,43,11.500
10030,11,3,4.593
10031,320,35,12.314
10032,35,5,7.111
10033,320,26,11.093
10034,40,6,5.315
10035,320,23,11.667
10036,28,8,2.185
10037,320,36,10.500
10038,63,3,5.463
10039,320,36,11.056
10040,25,0,7.000
10041,320,20,15.185
10042,9,0,4.222
10043,320,27,18.260
10044,23,5,4.685
10045,320,27,15.018
10046,4,1,5.518
10047,313,20,14.167
10048,320,29,13.648
10049,29,5,5.074
10050,320,35,7.112
10051,33,11,5.111
10052,320,37,14.611
10053,28,1,7.555
10054,320,37,16.555
10055,20,6,6.334
10056,320,46,18.963
10057,21,4,4.796
10058,320,16,13.315
10059,6,2,9.574
10060,320,38,12.593
10061,29,3,2.667
10062,320,30,9.630
10063,4,0,4.223
10064,320,18,13.371
10065,33,2,7.019
10066,320,26,11.186
10067,11,1,5.463
10068,320,30,11.500
10069,23,1,6.722
10070,320,35,12.074
10071,50,4,6.167
10072,320,24,12.481
10073,14,2,6.389
10074,278,18,13.407
10075,320,25,13.333
10076,12,0,4.704
10077,316,27,15.889
10078,320,19,13.296
10079,16,0,6.092
10080,320,32,12.555
10081,4,1,4.981
10082,320,38,13.389
10083,41,7,7.259
10084,308,31,56.555
10085,320,48,17.352
10086,25,5,2.981
10087,320,42,9.851
10088,32,7,5.241
10089,320,57,11.870
10090,46,1,7.426
10091,320,51,12.389
10092,70,8,8.648
10093,320,36,12.278
10094,62,13,6.574
10095,320,48,13.945
10096,106,26,8.315
10097,320,57,13.685
10098,112,13,7.019
10099,320,45,12.389
10100,79,5,6.870
10101,320,62,12.167
10102,98,22,7.370
10103,320,54,17.907
10104,133,37,10.759
10105,320,60,14.185
10106,104,14,8.186
10107,320,84,9.945
10108,131,25,9.222
10109,320,66,12.074
10110,135,28,10.111
10111,320,62,14.686
10112,158,27,4.685
10113,320,75,12.500
10114,169,44,9.481
10115,320,81,14.685
10116,174,30,8.037
10117,320,66,12.889
10118,179,37,9.778
10119,320,80,12.333
10120,173,37,8.222
10121,320,65,11.685
10122,193,35,11.408
10123,320,77,10.944
10124,192,27,10.462
10125,320,72,13.222
10126,186,30,6.963
10127,320,76,10.667
10128,169,22,10.870
10129,320,71,10.704
10130,197,37,7.222
10131,320,72,10.926
10132,194,39,9.093
10133,320,76,9.296
10134,220,44,8.333
10135,320,61,10.055
10136,184,37,6.259
10137,320,89,7.870
10138,186,34,7.130
10139,320,56,9.000
10140,175,63,7.981
10141,320,77,8.500
10142,214,56,7.333
10143,320,66,11.963
10144,199,56,5.389
10145,320,55,10.518
10146,200,53,11.222
10147,320,76,53.629
10148,187,39,5.981
10149,320,70,14.648
10150,201,56,12.963
10151,320,61,12.833
10152,183,60,8.389
10153,320,61,14.426
10154,210,57,8.926
10155,320,81,9.760
10156,203,51,16.019
10157,320,69,10.389
10158,193,49,8.277
10159,320,70,10.593
10160,182,38,10.093
10161,320,49,10.074
10162,214,66,9.092
10163,320,70,10.463
10164,186,47,8.204
10165,320,64,8.796
10166,168,42,5.778
10167,320,108,6.592
10168,196,61,4.870
10169,320,107,7.315
10170,204,53,4.426
10171,320,84,6.555
10172,201,58,4.481
10173,320,99,6.204
10174,219,73,5.037
10175,320,87,6.000
10176,232,76,4.981
10177,320,114,6.352
10178,226,67,5.333
10179,320,101,6.241
10180,245,67,5.129
10181,320,65,5.889
10182,238,80,5.093
10183,320,90,6.241
10184,239,97,5.278
10185,320,92,6.259
10186,250,79,5.537
10187,320,108,6.334
10188,266,87,5.556
10189,320,100,6.445
10190,261,67,5.351
10191,320,119,6.648
10192,277,88,6.055
10193,320,121,6.500
10194,275,95,5.982
10195,320,103,6.388
10196,287,86,5.870
10197,320,112,6.463
10198,282,71,5.630
10199,320,122,6.630
10200,272,81,5.556
10201,320,90,6.426
10202,289,116,6.371
10203,320,123,6.815
10204,288,83,6.055
10205,320,127,6.759
10206,295,94,6.111
10207,320,86,6.259
10208,279,85,5.648
10209,320,102,6.334
10210,287,69,5.741
10211,320,106,6.333
10212,307,87,6.056
10213,320,95,6.278
10214,282,85,5.778
10215,320,112,6.685
10216,295,81,5.815
10217,320,114,6.574
10218,310,115,6.444
10219,320,107,6.519
10220,293,82,5.981
10221,320,91,6.167
10222,290,91,5.907
10223,320,89,6.130
10224,302,123,6.314
10225,320,70,6.149
10226,272,64,5.685
10227,320,96,6.463
10228,299,62,5.778
10229,320,92,6.260
10230,280,92,5.741
10231,320,66,6.019
10232,280,92,5.667
10233,320,89,6.260
10234,282,62,5.556
10235,320,81,6.000
10236,298,92,6.167
10237,320,90,6.296
10238,256,70,5.296
10239,320,104,6.370
10240,278,83,5.759
10241,320,99,6.389
10242,301,85,5.945
10243,320,70,6.333
10244,275,76,5.612
10245,320,82,6.111
10246,286,93,5.797
10247,320,83,6.148
10248,295,80,6.778
10249,320,82,6.240
10250,289,89,6.129
10251,320,86,6.111
10252,261,87,5.722
10253,320,76,5.982
10254,288,108,6.037
10255,320,82,6.222
10256,270,62,5.389
10257,320,86,6.093
10258,286,77,5.815
10259,320,110,6.388
10260,304,105,6.259
10261,320,96,6.444
10262,298,88,6.129
10263,320,92,6.203
10264,311,91,6.166
10265,320,96,6.463
10266,320,104,6.334
10267,5,2,2.296
10268,320,91,6.426
10269,315,122,6.611
10270,320,89,6.277
10271,307,107,6.240
10272,320,120,6.796
10273,320,117,6.778
10274,21,5,2.481
10275,320,77,6.389
10276,320,91,6.463
10277,7,1,2.259
10278,320,102,6.333
10279,320,105,6.518
10280,29,5,2.648
10281,320,122,6.814
10282,320,103,6.630
10283,14,8,2.463
10284,320,110,6.611
10285,320,117,6.963
10286,50,13,2.963
10287,320,74,6.407
10288,320,111,6.556
10289,23,8,2.482
10290,320,110,6.519
10291,320,111,6.722
10292,46,14,2.889
10293,320,98,6.481
10294,320,134,6.796
10295,38,18,2.834
10296,320,117,6.833
10297,320,93,6.630
10298,52,12,2.981
10299,320,102,6.500
10300,320,125,6.814
10301,52,19,3.074
10302,320,106,6.888
10303,320,113,6.889
10304,51,16,2.981
10305,320,114,6.722
10306,320,132,6.778
10307,55,18,3.204
10308,320,109,6.871
10309,320,100,6.926
10310,46,11,2.871
10311,320,148,7.222
10312,320,126,7.019
10313,77,26,3.574
10314,320,106,6.888
10315,320,110,6.833
10316,65,21,3.167
10317,320,136,7.000
10318,320,113,6.925
10319,69,32,3.408
10320,320,109,6.963
10321,320,122,6.945
10322,63,23,3.149
10323,320,97,6.796
10324,320,113,13.185
10325,88,36,3.889
10326,320,115,7.315
10327,320,90,6.815
10328,57,22,3.092
10329,320,101,6.703
10330,320,123,6.926
10331,84,36,3.555
10332,320,115,7.148
10333,320,98,7.056
10334,73,21,3.260
10335,320,116,6.926
10336,320,118,6.815
10337,85,39,3.685
10338,320,116,7.148
10339,320,129,7.223
10340,73,23,3.408
10341,320,109,7.259
10342,320,121,7.204
10343,81,30,3.796
10344,320,122,7.222
10345,320,118,7.482
10346,84,27,3.556
10347,320,112,6.982
10348,320,125,7.185
10349,95,34,3.815
10350,320,129,7.685
10351,320,128,7.778
10352,83,32,4.185
10353,320,136,7.222
10354,320,119,7.444
10355,84,36,3.981
10356,320,138,7.574
10357,320,143,7.185
10358,99,39,4.055
10359,320,128,7.518
10360,320,125,7.223
10361,94,33,4.037
10362,320,129,7.685
10363,320,129,7.444
10364,111,46,4.500
10365,320,109,7.833
10366,320,117,7.481
10367,108,56,4.351
10368,320,144,7.685
10369,320,142,48.834
10370,120,59,4.741
10371,320,134,8.981
10372,320,130,8.444
10373,111,36,4.426
10374,320,161,7.574
10375,320,142,7.593
10376,112,55,4.296
10377,320,133,7.778
10378,320,126,7.296
10379,112,54,4.500
10380,320,137,7.833
10381,320,129,8.075
10382,119,44,4.333
10383,320,130,7.797
10384,320,136,7.426
10385,118,56,4.482
10386,320,141,7.741
10387,320,147,7.667
10388,108,41,4.167
10389,320,151,7.574
10390,320,131,8.167
10391,137,45,4.703
10392,320,144,7.537
10393,320,131,8.092
10394,114,47,4.278
10395,320,129,7.574
10396,320,143,7.593
10397,126,54,4.574
10398,320,131,7.740
10399,320,136,7.463
10400,122,50,4.555
10401,320,145,7.722
10402,320,134,7.630
10403,120,51,4.445
10404,320,150,7.741
10405,320,111,7.740
10406,126,53,4.555
10407,320,142,7.463
10408,320,141,28.500
10409,136,66,5.000
10410,320,125,8.796
10411,320,132,7.797
10412,141,57,4.704
10413,320,120,7.741
10414,320,140,7.796
10415,129,56,5.204
10416,320,135,7.722
10417,320,133,7.611
10418,147,66,5.018
10419,320,132,7.611
10420,320,141,7.796
10421,142,54,4.852
10422,320,132,7.463
10423,320,134,7.926
10424,138,63,4.889
10425,320,154,7.593
10426,320,142,7.630
10427,155,71,5.203
10428,320,127,7.667
10429,320,137,7.834
10430,157,68,5.277
10431,320,148,8.037
10432,320,134,7.612
10433,151,68,5.130
10434,320,152,7.888
10435,320,145,7.740
10436,165,76,5.315
10437,320,134,7.685
10438,320,140,7.777
10439,146,58,5.000
10440,320,165,7.870
10441,320,142,8.222
10442,148,68,5.000
10443,320,120,7.555
10444,320,149,7.797
10445,163,70,5.500
10446,320,137,8.056
10447,320,126,7.815
10448,153,59,4.982
10449,320,136,7.463
10450,320,135,7.537
10451,150,55,5.018
10452,320,143,7.833
10453,320,112,7.593
10454,155,63,5.297
10455,320,123,7.518
10456,320,135,7.592
10457,138,55,4.852
10458,320,128,7.388
10459,320,124,7.371
10460,163,77,5.241
10461,320,122,7.574
10462,320,113,7.463
10463,141,61,4.926
10464,320,124,7.463
10465,320,123,7.204
10466,125,47,4.333
10467,320,133,7.352
10468,320,125,7.463
10469,159,61,5.278
10470,320,131,7.481
10471,320,135,7.629
10472,158,59,5.222
10473,320,120,7.537
10474,320,131,7.463
10475,148,66,5.000
10476,320,124,7.611
10477,320,130,7.574
10478,144,53,5.185
10479,320,115,7.796
10480,320,113,7.574
10481,136,41,4.482
10482,320,110,7.463
10483,320,137,7.593
10484,159,61,5.056
10485,320,128,8.000
10486,320,106,7.778
10487,133,40,4.666
10488,320,112,7.407
10489,320,128,7.870
10490,135,51,4.778
10491,320,113,7.352
10492,320,111,7.574
10493,148,50,4.833
10494,320,104,7.760
10495,320,147,7.704
10496,148,64,5.000
10497,320,120,8.037
10498,320,125,8.204
10499,149,60,5.463
10500,320,124,7.407
10501,320,107,7.926
10502,151,61,5.111
10503,320,117,7.481
10504,320,128,7.555
10505,166,73,5.407
10506,320,125,7.777
10507,320,146,7.926
10508,165,69,5.296
10509,320,133,7.796
10510,320,113,8.000
10511,153,64,5.093
10512,320,141,7.870
10513,320,149,7.667
10514,155,59,12.055
10515,320,145,7.926
10516,320,139,7.722
10517,170,68,5.519
10518,320,118,7.852
10519,320,126,7.463
10520,158,69,5.278
10521,320,111,7.982
10522,320,124,7.759
10523,156,66,5.167
10524,320,135,7.723
10525,320,132,7.945
10526,170,73,5.389
10527,320,139,7.908
10528,320,127,7.740
10529,161,75,5.389
10530,320,145,7.907
10531,320,155,7.704
10532,168,71,5.463
10533,320,141,7.889
10534,320,137,8.000
10535,182,75,5.908
10536,320,127,8.093
10537,320,144,7.723
10538,164,67,5.315
10539,320,140,8.351
10540,320,160,8.037
10541,179,92,5.926
10542,320,150,8.648
10543,320,152,8.241
10544,191,94,6.185
10545,320,166,8.259
10546,320,175,8.519
10547,176,106,5.815
10548,320,169,8.075
10549,320,168,7.982
10550,183,99,5.962
10551,320,145,8.075
10552,320,147,8.185
10553,206,99,6.537
10554,320,178,8.611
10555,320,165,8.500
10556,209,112,6.685
10557,320,174,8.611
10558,320,184,8.371
10559,194,102,6.241
10560,320,158,8.333
10561,320,152,8.148
10562,217,100,6.963
10563,320,168,8.630
10564,320,179,8.703
10565,228,119,7.481
10566,320,174,8.667
10567,320,180,8.685
10568,204,99,6.648
10569,320,188,8.315
10570,320,185,8.481
10571,224,130,6.704
10572,320,152,8.778
10573,320,172,9.130
10574,249,129,7.815
10575,320,181,9.426
10576,320,178,9.351
10577,241,137,7.833
10578,320,177,9.370
10579,320,185,9.130
10580,233,141,7.481
10581,320,197,8.723
10582,320,192,8.852
10583,236,150,7.407
10584,320,193,9.019
10585,320,193,8.629
10586,262,144,8.297
10587,320,187,9.389
10588,320,177,9.629
10589,274,150,9.148
10590,320,180,9.907
10591,320,200,9.907
10592,256,145,10.130
10593,320,183,10.574
10594,320,190,9.722
10595,249,173,7.944
10596,320,181,9.426
10597,320,183,9.870
10598,256,157,8.129
10599,320,196,9.185
10600,320,196,9.519
10601,277,169,8.907
10602,320,196,9.630
10603,320,169,10.629
10604,304,161,10.352
10605,320,178,10.555
10606,320,181,11.722
10607,273,162,9.741
10608,320,188,11.092
10609,320,213,10.611
10610,274,168,9.277
10611,320,199,10.351
10612,320,219,9.667
10613,262,154,8.611
10614,320,207,9.259
10615,320,188,9.296
10616,270,157,9.037
10617,320,191,9.981
10618,320,200,9.945
10619,291,185,9.537
10620,320,184,10.389
10621,320,175,10.703
10622,312,175,10.778
10623,320,203,10.889
10624,320,174,11.426
10625,309,201,11.167
10626,320,196,11.389
10627,320,209,11.537
10628,305,159,11.759
10629,320,217,11.555
10630,320,211,11.482
10631,283,196,10.222
10632,320,199,11.018
10633,320,197,11.055
10634,291,188,10.167
10635,320,198,10.407
10636,320,193,10.556
10637,298,197,10.259
10638,320,204,11.241
10639,320,192,10.685
10640,313,176,10.703
10641,320,177,11.666
10642,320,183,11.889
10643,320,172,12.611
10644,8,3,7.352
10645,320,163,12.370
10646,320,195,12.370
10647,320,194,12.629
10648,2,0,8.092
10649,320,202,12.537
10650,320,201,13.241
10651,320,193,15.537
10652,10,7,8.833
10653,320,194,13.944
10654,320,207,13.407
10655,317,192,14.296
10656,320,195,13.592
10657,320,188,13.297
10658,312,190,13.352
10659,320,180,12.889
10660,320,218,12.685
10661,307,212,11.908
10662,320,203,12.056
10663,320,197,11.944
10664,316,194,12.074
10665,320,196,12.204
10666,320,223,11.981
10667,311,227,11.463
10668,320,201,12.056
10669,320,179,12.426
10670,320,183,12.963
10671,16,9,14.926
10672,320,190,13.593
10673,320,209,13.222
10674,320,215,13.037
10675,5,3,8.889
10676,320,180,13.870
10677,320,181,14.204
10678,320,175,14.166
10679,31,18,11.167
10680,320,164,15.352
10681,320,185,15.296
10682,320,216,15.500
10683,23,16,11.074
10684,320,205,15.611
10685,320,188,15.889
10686,320,205,16.481
10687,26,16,11.796
10688,320,182,16.018
10689,320,212,16.222
10690,320,207,15.889
10691,19,12,11.611
10692,320,201,16.944
10693,320,189,17.055
10694,320,192,17.314
10695,21,11,12.074
10696,320,186,16.852
10697,320,196,17.203
10698,320,203,15.963
10699,12,8,11.314
10700,320,201,15.871
10701,320,192,15.722
10702,320,218,15.185
10703,6,1,10.148
10704,320,199,15.000
10705,320,210,15.055
10706,320,202,14.944
10707,5,3,9.389
10708,320,201,13.944
10709,320,207,14.352
10710,320,210,13.778
10711,2,1,8.944
10712,320,194,13.666
10713,320,201,13.797
10714,320,217,13.426
10715,4,3,8.537
10716,320,205,13.297
10717,320,194,13.611
10718,320,196,14.055
10719,10,9,8.945
10720,320,201,14.296
10721,320,182,13.815
10722,320,157,14.019
10723,17,9,9.852
10724,320,126,14.611
10725,320,162,16.722
10726,320,196,15.482
10727,33,20,10.574
10728,320,177,15.241
10729,320,204,15.777
10730,320,188,15.871
10731,30,18,11.611
10732,320,174,16.870
10733,320,223,22.574
10734,320,187,17.185
10735,32,23,12.167
10736,320,199,16.574
10737,320,153,17.259
10738,320,174,17.852
10739,36,18,13.333
10740,320,187,18.333
10741,320,211,18.518
10742,320,176,19.574
10743,26,16,15.537
10744,320,170,19.852
10745,320,160,19.871
10746,320,169,19.204
10747,27,17,13.796
10748,320,190,18.537
10749,320,196,17.814
10750,320,182,19.185
10751,22,12,13.148
10752,320,211,17.814
10753,320,197,17.741
10754,320,192,17.407
10755,5,3,11.907
10756,320,205,16.889
10757,320,186,16.871
10758,320,213,16.389
10759,11,5,11.371
10760,320,188,15.925
10761,320,205,14.889
10762,320,168,15.148
10763,13,4,10.315
10764,320,218,14.945
10765,320,176,14.666
10766,320,193,14.556
10767,11,8,9.833
10768,320,197,14.481
10769,320,205,14.444
10770,320,185,14.667
10771,14,6,9.889
10772,320,140,14.741
10773,320,230,15.000
10774,320,172,15.574
10775,20,12,10.592
10776,320,196,15.389
10777,320,172,15.352
10778,320,199,17.723
10779,23,12,11.203
10780,320,200,16.000
10781,320,190,16.519
10782,320,176,16.889
10783,28,12,12.259
10784,320,159,17.593
10785,320,157,17.296
10786,320,183,17.667
10787,38,29,13.185
10788,320,219,17.667
10789,320,174,23.963
10790,320,174,19.111
10791,32,18,13.907
10792,320,161,18.815
10793,320,165,19.277
10794,320,167,19.814
10795,57,32,15.722
10796,320,218,19.648
10797,320,217,19.981
10798,320,192,19.797
10799,27,17,15.870
10800,320,200,20.074
10801,320,226,20.111
10802,320,217,19.408
10803,21,14,15.260
10804,320,213,20.203
10805,320,190,19.944
10806,320,202,23.981
10807,37,20,16.055
10808,320,205,20.630
10809,320,199,19.574
10810,320,205,20.852
10811,21,11,15.074
10812,320,171,19.778
10813,320,186,20.129
10814,320,187,19.352
10815,30,19,13.518
10816,320,207,18.574
10817,320,218,17.907
10818,320,202,17.871
10819,13,8,12.574
10820,320,188,17.389
10821,320,205,17.444
10822,320,202,17.815
10823,23,9,12.907
10824,320,184,17.481
10825,320,224,22.241
10826,320,197,16.870
10827,18,10,12.537
10828,320,199,44.704
10829,320,192,17.259
10830,320,202,15.889
10831,12,7,10.962
10832,320,160,16.260
10833,320,146,16.593
10834,320,202,16.852
10835,29,16,12.148
10836,320,205,24.334
10837,320,178,16.870
10838,320,180,19.444
10839,23,13,12.111
10840,320,157,16.925
10841,320,186,16.667
10842,320,169,17.463
10843,31,14,12.889
10844,320,214,17.611
10845,320,201,16.778
10846,320,170,17.611
10847,23,15,13.259
10848,320,179,18.037
10849,320,198,17.666
10850,320,193,18.297
10851,26,13,13.370
10852,320,191,18.000
10853,320,169,17.574
10854,320,194,18.111
10855,33,13,13.685
10856,320,168,18.982
10857,320,189,18.704
10858,320,162,19.370
10859,40,21,15.055
10860,320,179,19.222
10861,320,203,19.037
10862,320,191,18.704
10863,29,10,14.852
10864,320,209,19.093
10865,320,186,19.278
10866,320,202,24.759
10867,30,21,15.278
10868,320,192,20.278
10869,320,154,19.648
10870,320,186,20.314
10871,28,13,15.333
10872,320,217,19.685
10873,320,201,19.574
10874,320,207,20.351
10875,14,11,14.222
10876,320,193,19.444
10877,320,198,18.407
10878,320,172,17.704
10879,16,10,13.185
10880,320,184,17.815
10881,320,197,17.537
10882,320,171,17.556
10883,28,14,13.204
10884,320,203,17.555
10885,320,222,23.574
10886,320,197,16.000
10887,4,3,10.482
10888,320,201,15.426
10889,320,216,15.185
10890,320,187,15.389
10891,10,7,10.370
10892,320,142,15.648
10893,320,169,15.833
10894,320,184,15.500
10895,26,13,11.556
10896,320,151,16.111
10897,320,195,15.963
10898,320,207,15.445
10899,13,11,10.722
10900,320,193,15.463
10901,320,201,15.666
10902,320,184,17.129
10903,14,9,10.741
10904,320,223,15.500
10905,320,184,15.851
10906,320,205,15.907
10907,15,8,11.241
10908,320,191,15.888
10909,320,183,15.482
10910,320,199,15.834
10911,18,12,10.167
10912,320,184,15.037
10913,320,184,15.482
10914,320,187,15.648
10915,27,18,11.592
10916,320,188,16.037
10917,320,171,16.222
10918,320,187,16.537
10919,26,17,12.259
10920,320,169,16.685
10921,320,166,17.203
10922,320,180,17.444
10923,22,15,12.722
10924,320,200,17.074
10925,320,180,17.537
10926,320,195,17.315
10927,19,15,12.074
10928,320,207,17.518
10929,320,172,18.055
10930,320,169,17.593
10931,20,12,12.500
10932,320,215,17.408
10933,320,215,16.481
10934,320,189,16.241
10935,9,7,11.667
10936,320,196,16.055
10937,320,187,15.463
10938,320,196,15.297
10939,9,7,10.815
10940,320,197,15.259
10941,320,206,14.926
10942,320,193,21.574
10943,9,6,10.111
10944,320,215,14.963
10945,320,203,14.111
10946,320,182,14.370
10947,6,4,9.611
10948,320,173,14.593
10949,320,181,14.778
10950,320,208,14.574
10951,15,13,9.963
10952,320,190,14.760
10953,320,197,14.444
10954,320,205,14.444
10955,17,11,10.648
10956,320,211,14.944
10957,320,210,14.592
10958,320,236,14.871
10959,16,15,10.629
10960,320,213,14.963
10961,320,194,15.574
10962,320,192,15.537
10963,23,15,11.537
10964,320,190,15.778
10965,320,206,15.926
10966,320,196,15.908
10967,23,12,11.389
10968,320,163,16.425
10969,320,187,16.981
10970,320,204,15.982
10971,27,20,11.778
10972,320,175,16.797
10973,320,219,16.815
10974,320,194,16.518
10975,19,11,12.186
10976,320,199,16.389
10977,320,199,16.685
10978,320,211,16.092
10979,11,10,11.981
10980,320,203,16.056
10981,320,188,15.759
10982,320,196,15.981
10983,12,7,10.352
10984,320,167,15.240
10985,320,190,15.556
10986,320,186,15.426
10987,19,12,10.833
10988,320,214,15.000
10989,320,221,15.240
10990,320,218,14.741
10991,6,4,10.000
10992,320,199,14.925
10993,320,189,15.055
10994,320,185,15.704
10995,26,17,11.222
10996,320,213,15.407
10997,320,244,14.908
10998,320,222,15.259
10999,10,4,10.296
11000,320,202,14.944
11001,320,218,20.037
11002,320,217,15.278
11003,18,11,11.018
11004,320,213,15.537
11005,320,228,15.352
11006,320,228,16.074
11007,19,16,11.222
11008,320,221,16.055
11009,320,230,15.685
11010,320,227,15.370
11011,24,17,10.833
11012,320,225,14.963
11013,320,216,15.334
11014,320,220,16.074
11015,25,17,12.314
11016,320,214,16.092
11017,320,204,16.666
11018,320,195,17.259
11019,33,25,12.759
11020,320,220,16.537
11021,320,213,17.667
11022,320,229,17.481
11023,27,18,13.149
11024,320,212,17.519
11025,320,223,17.666
11026,320,231,17.907
11027,27,23,13.407
11028,320,241,17.555
11029,320,235,18.130
11030,320,207,21.648
11031,32,19,13.870
11032,320,223,18.667
11033,320,223,18.611
11034,320,216,18.685
11035,29,19,14.592
11036,320,226,19.222
11037,320,230,25.296
11038,320,222,20.000
11039,22,15,13.778
11040,320,229,18.408
11041,320,250,17.759
11042,320,209,17.925
11043,17,14,12.537
11044,320,239,16.722
11045,320,237,17.148
11046,320,224,16.760
11047,27,17,13.074
11048,320,201,17.982
11049,320,242,16.704
11050,320,228,16.352
11051,17,9,12.148
11052,320,209,16.722
11053,320,218,16.667
11054,320,213,22.167
11055,30,26,12.851
11056,320,226,16.685
11057,320,219,16.907
11058,320,248,16.445
11059,27,18,13.111
11060,320,254,16.870
11061,320,245,17.815
11062,320,246,17.333
11063,22,14,12.685
11064,320,231,17.129
11065,320,246,16.963
11066,320,236,16.982
11067,30,25,12.555
11068,320,227,17.389
11069,320,242,17.278
11070,320,243,17.389
11071,30,25,13.296
11072,320,230,17.407
11073,320,244,17.611
11074,320,223,18.204
11075,35,23,14.056
11076,320,231,18.185
11077,320,234,17.944
11078,320,229,18.370
11079,34,27,14.129
11080,320,210,18.426
11081,320,248,18.463
11082,320,262,18.185
11083,33,28,15.741
11084,320,239,19.000
11085,320,215,18.963
11086,320,220,19.093
11087,37,22,15.870
11088,320,253,19.111
11089,320,239,19.741
11090,320,247,20.185
11091,34,28,15.499
11092,320,255,19.481
11093,320,222,19.852
11094,320,215,20.185
11095,43,33,16.482
11096,320,230,20.870
11097,320,236,21.500
11098,320,250,20.555
11099,44,28,17.019
11100,320,244,21.130
11101,320,216,20.944
11102,320,223,21.648
11103,52,35,17.852
11104,320,217,21.500
11105,320,207,21.666
11106,320,253,21.815
11107,36,25,23.370
11108,320,223,21.555
11109,320,249,21.574
11110,320,240,22.297
11111,30,24,17.778
11112,320,246,21.018
11113,320,251,20.981
11114,320,256,20.444
11115,36,22,16.704
11116,320,244,20.685
11117,320,265,20.296
11118,320,231,21.018
11119,33,25,16.778
11120,320,236,20.407
11121,320,244,19.722
11122,320,242,20.297
11123,35,21,16.314
11124,320,246,20.296
11125,320,218,20.629
11126,320,223,20.703
11127,38,28,16.204
11128,320,252,19.611
11129,320,251,19.426
11130,320,242,19.352
11131,30,22,15.297
11132,320,230,19.611
11133,320,218,20.315
11134,320,210,20.278
11135,38,28,15.833
11136,320,246,20.000
11137,320,256,20.704
11138,320,249,19.648
11139,33,26,16.111
11140,320,249,19.519
11141,320,215,21.203
11142,320,241,23.130
11143,39,30,17.944
11144,320,253,21.611
11145,320,250,22.203
11146,320,240,21.815
11147,31,28,17.481
11148,320,249,21.463
11149,320,247,20.963
11150,320,240,20.537
11151,31,24,23.389
11152,320,235,20.889
11153,320,239,21.833
11154,320,248,67.056
11155,38,29,18.130
11156,320,232,22.444
11157,320,261,21.852
11158,320,251,21.630
11159,35,31,17.778
11160,320,243,20.889
11161,320,242,21.852
11162,320,243,22.426
11163,36,25,16.814
11164,320,244,20.722
11165,320,258,21.425
11166,320,226,21.667
11167,35,26,16.389
11168,320,242,20.537
11169,320,224,20.352
11170,320,217,44.574
11171,44,34,18.962
11172,320,248,21.167
11173,320,217,20.778
11174,320,235,21.797
11175,41,29,16.722
11176,320,244,21.204
11177,320,231,21.111
11178,320,240,21.519
11179,38,25,17.426
11180,320,249,21.611
11181,320,249,21.981
11182,320,246,20.815
11183,33,28,17.851
11184,320,253,21.056
11185,320,247,20.908
11186,320,203,21.630
11187,67,56,18.056
11188,320,197,22.574
11189,320,237,22.537
11190,320,252,22.129
11191,51,35,18.666
11192,320,262,21.648
11193,320,252,30.129
11194,320,258,24.629
11195,40,34,18.315
11196,320,246,22.667
11197,320,224,22.519
11198,320,235,22.426
11199,41,36,18.685
11200,320,222,23.130
11201,320,260,22.352
11202,320,231,23.148
11203,41,29,18.870
11204,320,237,23.167
11205,320,232,22.685
11206,320,220,23.111
11207,43,31,19.167
11208,320,234,40.704
11209,320,239,23.129
11210,320,262,23.278
11211,33,24,18.833
11212,320,251,22.537
11213,320,277,23.148
11214,320,256,22.444
11215,33,27,21.185
11216,320,252,22.167
11217,320,233,22.371
11218,320,235,22.482
11219,40,31,18.259
11220,320,257,22.204
11221,320,248,21.981
11222,320,277,21.963
11223,33,26,17.685
11224,320,265,21.537
11225,320,247,21.333
11226,320,258,21.333
11227,40,31,17.611
11228,320,249,21.703
11229,320,257,21.204
11230,320,243,21.833
11231,49,36,17.982
11232,320,252,21.518
11233,320,252,22.463
11234,320,241,21.426
11235,34,23,17.352
11236,320,236,21.204
11237,320,257,26.944
11238,320,259,21.037
11239,39,28,17.333
11240,320,245,21.481
11241,320,259,21.778
11242,320,266,21.241
11243,39,29,17.870
11244,320,256,21.129
11245,320,231,21.723
11246,320,259,21.407
11247,41,33,18.037
11248,320,253,22.166
11249,320,259,22.240
11250,320,238,22.555
11251,42,30,18.463
11252,320,214,23.426
11253,320,233,22.908
11254,320,253,22.389
11255,43,33,19.462
11256,320,266,22.926
11257,320,241,23.389
11258,320,222,23.259
11259,49,41,20.426
11260,320,262,23.000
11261,320,253,22.723
11262,320,256,23.019
11263,37,26,19.352
11264,320,243,23.037
11265,320,243,24.148
11266,320,262,23.148
11267,44,32,19.778
11268,320,235,23.444
11269,320,225,24.407
11270,320,228,24.315
11271,108,72,21.426
11272,320,214,25.148
11273,320,249,25.055
11274,320,266,26.537
11275,60,48,21.222
11276,320,258,25.445
11277,320,254,24.778
11278,320,267,32.519
11279,56,30,21.666
11280,320,197,25.296
11281,320,200,26.203
11282,320,207,26.111
11283,147,121,23.092
11284,320,260,25.334
11285,320,254,25.259
11286,320,241,24.963
11287,35,22,21.574
11288,320,254,25.000
11289,320,238,28.074
11290,320,250,25.111
11291,34,25,20.611
11292,320,229,25.315
11293,320,209,24.648
11294,320,224,24.019
11295,38,28,19.648
11296,320,215,24.351
11297,320,231,24.871
11298,320,208,22.907
11299,30,19,18.019
11300,320,222,22.852
11301,320,235,22.741
11302,320,235,22.482
11303,26,15,17.352
11304,320,225,21.334
11305,320,217,20.351
11306,320,230,19.685
11307,24,19,14.833
11308,320,223,19.407
11309,320,204,28.667
11310,320,203,19.630
11311,26,17,14.537
11312,320,172,19.056
11313,320,193,21.759
11314,320,180,19.111
11315,33,22,14.297
11316,320,199,18.852
11317,320,202,18.556
11318,320,217,17.907
11319,15,9,13.537
11320,320,190,18.018
11321,320,188,17.963
11322,320,193,18.092
11323,22,16,13.037
11324,320,195,17.407
11325,320,225,17.555
11326,320,218,17.630
11327,12,9,12.055
11328,320,199,16.778
11329,320,163,17.389
11330,320,209,17.463
11331,27,14,12.408
11332,320,181,16.592
11333,320,160,16.945
11334,320,150,17.241
11335,52,34,13.389
11336,320,221,17.889
11337,320,205,17.797
11338,320,187,17.555
11339,18,7,13.055
11340,320,187,17.648
11341,320,195,20.833
11342,320,174,17.685
11343,26,13,13.111
11344,320,176,18.407
11345,320,194,18.222
11346,320,177,18.370
11347,23,12,14.167
11348,320,189,18.370
11349,320,210,17.611
11350,320,188,17.611
11351,6,3,12.722
11352,320,173,16.500
11353,320,204,16.592
11354,320,167,16.481
11355,9,3,11.019
11356,320,148,16.130
11357,320,155,15.945
11358,320,159,15.481
11359,12,4,10.056
11360,320,149,151.166
11361,320,165,18.944
11362,320,173,15.018
11363,1,1,9.630
11364,320,158,14.963
11365,320,172,14.926
11366,320,163,15.482
11367,10,3,9.963
11368,320,159,14.686
11369,320,169,14.407
11370,320,178,14.186
11371,1,1,9.037
11372,320,172,13.852
11373,320,161,13.852
11374,320,181,14.388
11375,5,2,9.315
11376,320,160,14.463
11377,320,187,14.129
11378,320,159,14.056
11379,11,3,9.463
11380,320,182,14.315
11381,320,198,14.111
11382,320,201,14.166
11383,7,5,10.852
11384,320,170,14.371
11385,320,189,14.481
11386,320,201,15.203
11387,17,9,10.241
11388,320,163,14.981
11389,320,183,15.186
11390,320,150,14.889
11391,15,10,10.259
11392,320,162,15.222
11393,320,164,15.592
11394,320,197,15.019
11395,4,2,10.000
11396,320,172,14.759
11397,320,183,15.760
11398,320,177,14.963
11399,9,4,9.685
11400,320,182,14.814
11401,320,221,14.186
11402,320,211,14.241
11403,10,10,9.870
11404,320,210,14.648
11405,320,200,14.129
11406,320,191,15.130
11407,21,9,10.204
11408,320,218,14.463
11409,320,214,14.741
11410,320,219,14.685
11411,13,9,10.148
11412,320,208,14.796
11413,320,205,14.963
11414,320,233,14.963
11415,14,12,10.537
11416,320,216,15.185
11417,320,196,15.037
11418,320,200,15.019
11419,16,11,10.463
11420,320,215,15.352
11421,320,208,15.426
11422,320,219,14.666
11423,21,15,11.315
11424,320,217,15.629
11425,320,242,15.333
11426,320,250,15.408
11427,27,21,11.426
11428,320,248,15.685
11429,320,232,15.926
11430,320,234,15.852
11431,36,30,12.111
11432,320,251,16.000
11433,320,258,16.352
11434,320,256,16.555
11435,35,27,12.907
11436,320,237,17.037
11437,320,241,17.111
11438,320,247,17.871
11439,37,30,14.092
11440,320,241,18.092
11441,320,244,18.315
11442,320,243,18.186
11443,33,27,14.593
11444,320,239,18.778
11445,320,235,20.630
11446,320,229,19.092
11447,36,24,15.352
11448,320,232,19.407
11449,320,190,19.630
11450,320,209,19.926
11451,43,27,16.167
11452,320,234,19.797
11453,320,227,19.907
11454,320,236,20.204
11455,35,24,16.093
11456,320,248,19.685
11457,320,227,19.704
11458,320,241,19.834
11459,33,26,16.222
11460,320,243,20.500
11461,320,257,19.778
11462,320,245,19.722
11463,39,33,16.370
11464,320,248,20.074
11465,320,242,26.278
11466,320,254,20.778
11467,42,36,16.889
11468,320,262,20.222
11469,320,262,20.259
11470,320,231,21.278
11471,65,59,17.888
11472,320,273,21.166
11473,320,259,21.407
11474,320,237,21.722
11475,53,49,17.648
11476,320,277,21.463
11477,320,249,21.889
11478,320,257,21.334
11479,40,28,18.426
11480,320,261,21.870
11481,320,249,22.796
11482,320,268,22.112
11483,42,30,18.370
11484,320,260,22.444
11485,320,263,22.240
11486,320,267,22.129
11487,39,29,18.833
11488,320,249,22.371
11489,320,273,22.851
11490,320,276,22.278
11491,49,42,19.426
11492,320,273,22.963
11493,320,270,23.223
11494,320,266,22.722
11495,39,36,19.148
11496,320,272,23.092
11497,320,269,22.445
11498,320,274,22.462
11499,43,39,19.556
11500,320,265,25.852
11501,320,278,22.611
11502,320,275,22.648
11503,47,42,18.722
11504,320,270,24.389
11505,320,255,24.093
11506,320,277,24.259
11507,46,40,20.611
11508,320,253,24.166
11509,320,283,30.370
11510,320,281,23.241
11511,48,33,19.500
11512,320,263,23.852
11513,320,277,22.870
11514,320,273,23.259
11515,43,32,19.703
11516,320,285,23.759
11517,320,262,22.982
11518,320,252,23.463
11519,60,50,20.426
11520,320,263,23.481
11521,320,273,23.481
11522,320,285,23.611
11523,48,40,20.018
11524,320,270,23.815
11525,320,259,23.741
11526,320,269,24.222
11527,52,44,20.389
11528,320,278,23.797
11529,320,270,24.852
11530,320,271,24.574
11531,48,40,20.352
11532,320,278,23.945
11533,320,271,24.426
11534,320,278,24.388
11535,46,39,21.407
11536,320,251,24.093
11537,320,285,24.926
11538,320,286,31.759
11539,64,56,21.778
11540,320,277,24.611
11541,320,277,25.037
11542,320,263,24.333
11543,42,34,21.314
11544,320,251,25.222
11545,320,261,24.981
11546,320,277,26.537
11547,67,62,22.611
11548,320,284,33.334
11549,320,271,26.222
11550,320,270,25.611
11551,43,36,20.907
11552,320,258,24.796
11553,320,260,24.167
11554,320,261,24.481
11555,42,36,20.408
11556,320,256,24.759
11557,320,254,24.444
11558,320,271,23.870
11559,39,31,20.333
11560,320,279,23.888
11561,320,260,23.259
11562,320,251,25.759
11563,37,29,19.685
11564,320,259,22.518
11565,320,260,22.518
11566,320,269,22.278
11567,37,31,17.740
11568,320,257,22.259
11569,320,264,22.241
11570,320,268,21.815
11571,32,27,16.907
11572,320,262,21.111
11573,320,264,20.425
11574,320,257,21.111
11575,36,30,17.074
11576,320,257,20.370
11577,320,256,20.056
11578,320,252,20.518
11579,37,26,16.963
11580,320,256,20.333
11581,320,248,20.425
11582,320,258,22.759
11583,33,22,16.630
11584,320,252,20.093
11585,320,247,20.278
11586,320,239,20.260
11587,29,23,15.352
11588,320,247,19.833
11589,320,254,19.389
11590,320,254,19.333
11591,32,23,15.352
11592,320,248,19.018
11593,320,241,19.519
11594,320,245,19.482
11595,29,21,14.722
11596,320,239,18.574
11597,320,249,18.870
11598,320,222,18.852
11599,30,23,14.093
11600,320,227,18.185
11601,320,254,17.722
11602,320,243,18.407
11603,25,17,16.000
11604,320,264,17.482
11605,320,245,17.500
11606,320,234,17.592
11607,28,20,13.648
11608,320,232,17.741
11609,320,231,17.815
11610,320,247,17.389
11611,28,21,13.352
11612,320,235,17.259
11613,320,228,17.241
11614,320,235,17.259
11615,27,21,13.278
11616,320,233,17.278
11617,320,242,17.407
11618,320,254,17.314
11619,28,21,13.518
11620,320,234,17.297
11621,320,234,16.926
11622,320,234,17.315
11623,26,16,13.074
11624,320,269,16.926
11625,320,249,16.907
11626,320,235,17.019
11627,26,20,13.111
11628,320,220,17.352
11629,320,239,17.111
11630,320,222,17.425
11631,29,21,13.204
11632,320,231,17.574
11633,320,250,18.592
11634,320,231,17.481
11635,28,20,13.130
11636,320,232,17.130
11637,320,220,17.518
11638,320,239,16.759
11639,26,20,13.352
11640,320,239,16.945
11641,320,232,17.278
11642,320,235,16.926
11643,26,21,13.074
11644,320,232,16.833
11645,320,221,17.259
11646,320,239,17.500
11647,28,22,12.926
11648,320,219,17.556
11649,320,226,17.333
11650,320,239,17.611
11651,28,22,12.833
11652,320,247,16.815
11653,320,236,17.278
11654,320,208,17.815
11655,28,19,14.852
11656,320,225,17.352
11657,320,235,17.592
11658,320,231,17.500
11659,31,24,13.222
11660,320,237,17.186
11661,320,225,17.519
11662,320,231,18.129
11663,48,36,14.074
11664,320,237,17.982
11665,320,238,17.537
11666,320,223,17.482
11667,23,15,12.982
11668,320,226,17.093
11669,320,244,17.611
11670,320,244,17.704
11671,29,24,13.667
11672,320,230,17.667
11673,320,233,17.852
11674,320,234,17.333
11675,24,16,13.000
11676,320,225,17.408
11677,320,232,17.296
11678,320,223,19.093
11679,29,19,13.167
11680,320,238,16.834
11681,320,246,16.722
11682,320,235,16.481
11683,21,17,12.352
11684,320,229,16.463
11685,320,259,16.277
11686,320,243,22.425
11687,31,22,12.796
11688,320,232,16.889
11689,320,233,16.778
11690,320,253,16.888
11691,35,32,12.796
11692,320,247,16.945
11693,320,242,17.482
11694,320,236,17.407
11695,33,25,13.370
11696,320,241,17.519
11697,320,258,17.537
11698,320,228,17.426
11699,33,24,15.018
11700,320,261,18.129
11701,320,256,18.278
11702,320,251,17.945
11703,33,21,14.555
11704,320,227,18.259
11705,320,244,18.629
11706,320,239,20.314
11707,43,32,15.278
11708,320,243,20.259
11709,320,237,20.315
11710,320,221,20.148
11711,65,57,16.074
11712,320,256,19.852
11713,320,241,20.000
11714,320,258,19.907
11715,45,33,17.148
11716,320,235,20.056
11717,320,263,20.129
11718,320,264,21.648
11719,37,20,61.037
11720,320,239,33.500
11721,320,269,24.907
11722,320,262,21.945
11723,54,43,17.963
11724,320,252,21.648
11725,320,249,23.352
11726,320,246,22.518
11727,72,50,18.963
11728,320,252,21.445
11729,320,258,24.056
11730,320,252,23.555
11731,50,45,19.315
11732,320,254,22.259
11733,320,257,50.704
11734,320,249,23.333
11735,58,52,18.982
11736,320,260,22.685
11737,320,255,22.130
11738,320,255,23.481
11739,47,37,18.333
11740,320,262,22.093
11741,320,239,27.482
11742,320,260,22.926
11743,50,43,18.944
11744,320,257,22.149
11745,320,246,22.370
11746,320,231,22.981
11747,84,68,20.167
11748,320,257,22.648
11749,320,262,23.074
11750,320,265,22.777
11751,48,37,19.148
11752,320,252,22.778
11753,320,238,23.148
11754,320,266,22.777
11755,53,40,19.444
11756,320,266,22.240
11757,320,269,22.555
11758,320,266,22.481
11759,43,34,18.352
11760,320,254,22.019
11761,320,252,23.241
11762,320,268,21.796
11763,45,41,18.277
11764,320,261,22.722
11765,320,260,22.593
11766,320,257,22.592
11767,61,45,19.148
11768,320,270,22.241
11769,320,269,22.092
11770,320,270,30.908
11771,63,41,19.297
11772,320,255,22.852
11773,320,273,22.111
11774,320,263,21.926
11775,63,51,18.852
11776,320,258,22.259
11777,320,249,22.296
11778,320,274,22.445
11779,55,43,19.297
11780,320,268,22.926
11781,320,235,30.037
11782,320,263,22.723
11783,80,67,19.685
11784,320,253,22.778
11785,320,262,22.259
11786,320,261,22.629
11787,51,43,18.907
11788,320,255,22.222
11789,320,252,23.018
11790,320,277,23.000
11791,66,61,19.741
11792,320,267,22.592
11793,320,249,23.759
11794,320,259,24.834
11795,68,54,20.074
11796,320,259,23.425
11797,320,246,23.241
11798,320,237,24.389
11799,66,60,20.426
11800,320,253,23.629
11801,320,258,24.092
11802,320,254,23.870
11803,73,57,20.537
11804,320,208,25.241
11805,320,243,34.407
11806,320,249,25.500
11807,114,84,22.074
11808,320,240,25.204
11809,320,261,24.981
11810,320,243,24.981
11811,65,40,22.019
11812,320,230,25.500
11813,320,257,25.259
11814,320,262,25.222
11815,86,65,23.796
11816,320,240,25.778
11817,320,259,25.389
11818,320,240,26.297
11819,70,53,22.963
11820,320,234,26.778
11821,320,236,26.278
11822,320,223,27.056
11823,134,109,24.500
11824,320,256,27.333
11825,320,251,27.851
11826,320,244,28.037
11827,87,66,24.814
11828,320,253,27.704
11829,320,262,27.760
11830,320,247,27.778
11831,77,61,24.648
11832,320,257,27.630
11833,320,261,27.722
11834,320,241,28.296
11835,79,62,29.111
11836,320,262,28.185
11837,320,257,28.278
11838,320,237,28.408
11839,119,77,26.111
11840,320,253,28.871
11841,320,273,35.389
11842,320,256,29.037
11843,74,66,25.315
11844,320,265,28.444
11845,320,235,29.037
11846,320,238,29.463
11847,108,77,26.741
11848,320,249,29.370
11849,320,268,28.815
11850,320,244,29.055
11851,72,57,25.870
11852,320,266,28.852
11853,320,255,29.018
11854,320,251,29.111
11855,92,78,26.370
11856,320,242,29.574
11857,320,218,29.833
11858,320,238,29.666
11859,176,147,27.759
11860,320,264,29.889
11861,320,259,37.833
11862,320,262,28.703
11863,64,50,26.129
11864,320,275,29.722
11865,320,275,29.352
11866,320,268,29.555
11867,54,44,25.333
11868,320,251,29.519
11869,320,268,29.166
11870,320,269,29.408
11871,103,79,26.148
11872,320,249,29.018
11873,320,244,30.388
11874,320,280,42.796
11875,113,96,27.630
11876,320,267,30.018
11877,320,253,29.907
11878,320,272,29.907
11879,105,77,26.445
11880,320,280,29.333
11881,320,268,29.056
11882,320,255,29.334
11883,67,60,26.686
11884,320,260,29.222
11885,320,247,29.204
11886,320,243,29.389
11887,100,75,26.482
11888,320,261,30.093
11889,320,256,29.704
11890,320,257,30.203
11891,86,70,26.944
11892,320,273,29.259
11893,320,257,29.556
11894,320,266,29.481
11895,81,68,25.871
11896,320,260,28.277
11897,320,245,29.204
11898,320,251,29.129
11899,100,88,26.352
11900,320,254,29.408
11901,320,256,29.426
11902,320,281,28.240
11903,67,52,25.685
11904,320,243,28.555
11905,320,269,29.130
11906,320,242,29.148
11907,104,94,33.370
11908,320,271,28.666
11909,320,238,28.666
11910,320,242,28.500
11911,92,63,25.833
11912,320,254,28.574
11913,320,250,28.481
11914,320,242,28.389
11915,75,58,25.222
11916,320,242,28.555
11917,320,218,28.722
11918,320,218,28.518
11919,116,100,26.204
11920,320,241,31.334
11921,320,252,29.574
11922,320,224,28.908
11923,95,73,25.907
11924,320,238,28.296
11925,320,243,28.630
11926,320,230,28.555
11927,81,64,26.018
11928,320,250,29.111
11929,320,221,29.333
11930,320,241,29.223
11931,90,62,26.260
11932,320,236,29.741
11933,320,244,29.259
11934,320,251,35.389
11935,72,63,26.666
11936,320,257,28.963
11937,320,226,29.963
11938,320,223,29.926
11939,103,81,26.870
11940,320,259,29.759
11941,320,229,32.814
11942,320,207,31.018
11943,146,95,28.203
11944,320,221,31.130
11945,320,217,31.296
11946,320,240,30.871
11947,111,91,28.796
11948,320,253,30.685
11949,320,215,31.926
11950,320,185,32.018
11951,163,108,30.037
11952,320,204,33.000
11953,320,224,33.092
11954,320,231,32.611
11955,105,66,30.055
11956,320,238,33.092
11957,320,245,33.241
11958,320,221,33.426
11959,85,69,29.463
11960,320,230,33.445
11961,320,215,33.371
11962,320,225,38.333
11963,106,73,30.240
11964,320,247,33.111
11965,320,273,39.630
11966,320,267,33.315
11967,55,43,29.055
11968,320,240,32.981
11969,320,212,33.185
11970,320,222,33.463
11971,140,96,31.518
11972,320,254,33.222
11973,320,241,34.296
11974,320,237,33.574
11975,90,80,30.092
11976,320,241,33.333
11977,320,204,35.574
11978,320,206,34.204
11979,139,94,32.203
11980,320,234,34.815
11981,320,200,34.667
11982,320,245,34.759
11983,93,75,30.592
11984,320,234,34.518
11985,320,227,34.389
11986,320,217,34.389
11987,110,84,30.982
11988,320,229,34.222
11989,320,232,34.203
11990,320,219,35.241
11991,110,89,31.388
11992,320,265,33.463
11993,320,261,33.148
11994,320,236,38.722
11995,85,75,30.259
11996,320,282,31.703
11997,320,257,32.203
11998,320,215,32.833
11999,80,52,28.704
12000,320,200,32.908
12001,320,232,32.388
12002,320,263,32.500
12003,113,95,29.722
12004,320,207,41.944
12005,320,192,33.148
12006,320,197,33.315
12007,142,118,30.296
12008,320,264,32.925
12009,320,240,32.945
12010,320,257,32.723
12011,50,32,27.629
12012,320,261,31.963
12013,320,220,32.055
12014,320,250,31.796
12015,107,71,28.593
12016,320,215,33.037
12017,320,153,33.352
12018,320,197,33.611
12019,255,132,32.445
12020,320,185,34.019
12021,320,248,33.870
12022,320,254,33.574
12023,108,81,29.815
12024,320,239,39.500
12025,320,253,33.704
12026,320,270,31.944
12027,57,50,28.481
12028,320,233,32.111
12029,320,226,32.315
12030,320,246,32.037
12031,77,56,27.981
12032,320,221,31.611
12033,320,260,31.944
12034,320,265,31.611
12035,88,73,28.426
12036,320,259,31.667
12037,320,246,31.833
12038,320,246,31.444
12039,77,41,27.740
12040,320,255,30.963
12041,320,253,30.074
12042,320,238,30.870
12043,64,42,27.037
12044,320,208,30.222
12045,320,268,29.778
12046,320,224,30.352
12047,77,52,26.185
12048,320,239,29.778
12049,320,246,29.796
12050,320,203,30.741
12051,99,53,27.185
12052,320,244,29.722
12053,320,219,29.314
12054,320,211,29.370
12055,75,37,29.074
12056,320,234,29.222
12057,320,251,27.796
12058,320,200,28.166
12059,50,37,24.148
12060,320,210,27.574
12061,320,155,28.482
12062,320,158,28.926
12063,133,73,25.908
12064,320,148,29.740
12065,320,188,29.167
12066,320,229,29.407
12067,86,63,25.944
12068,320,216,28.852
12069,320,199,28.592
12070,320,182,28.778
12071,78,44,25.296
12072,320,199,29.574
12073,320,172,29.815
12074,320,207,29.667
12075,61,48,25.444
12076,320,195,29.277
12077,320,200,28.870
12078,320,197,29.685
12079,49,33,25.370
12080,320,225,28.833
12081,320,225,30.277
12082,320,188,29.018
12083,83,55,30.463
12084,320,205,29.334
12085,320,216,28.426
12086,320,225,28.167
12087,39,27,23.203
12088,320,198,28.074
12089,320,166,31.518
12090,320,217,27.686
12091,59,32,24.056
12092,320,148,28.407
12093,320,156,28.834
12094,320,202,29.611
12095,133,86,25.870
12096,320,210,28.537
12097,320,149,27.111
12098,320,168,27.351
12099,96,56,24.074
12100,320,190,28.037
12101,320,229,27.815
12102,320,214,26.834
12103,39,23,21.981
12104,320,173,26.425
12105,320,198,26.648
12106,320,197,29.092
12107,72,54,21.741
12108,320,194,25.166
12109,320,222,25.611
12110,320,220,25.092
12111,30,25,20.018
12112,320,252,23.537
12113,320,170,24.241
12114,320,229,23.982
12115,35,33,19.259
12116,320,215,23.555
12117,320,195,23.037
12118,320,217,23.055
12119,42,30,17.037
12120,320,223,21.685
12121,320,190,27.241
12122,320,147,21.092
12123,42,30,15.759
12124,320,224,20.333
12125,320,210,21.056
12126,320,198,19.944
12127,32,23,15.685
12128,320,203,20.241
12129,320,217,20.389
12130,320,216,19.592
12131,19,11,14.723
12132,320,234,18.370
12133,320,188,18.722
12134,320,185,18.130
12135,24,16,13.092
12136,320,215,18.722
12137,320,205,18.037
12138,320,192,64.555
12139,19,15,13.759
12140,320,224,19.500
12141,320,180,31.204
12142,320,199,19.871
12143,14,8,11.926
12144,320,162,16.852
12145,320,142,17.481
12146,320,185,17.796
12147,29,23,12.778
12148,320,201,17.185
12149,320,193,17.851
12150,320,176,15.648
12151,13,8,10.759
12152,320,174,15.685
12153,320,170,15.722
12154,320,189,15.389
12155,7,3,10.426
12156,320,162,15.389
12157,320,164,15.166
12158,320,181,15.259
12159,15,9,9.500
12160,320,167,14.759
12161,320,181,14.852
12162,320,180,14.629
12163,11,3,9.759
12164,320,146,14.815
12165,320,176,14.314
12166,320,183,25.463
12167,5,3,9.296
12168,320,206,14.704
12169,320,183,14.389
12170,312,206,14.796
12171,320,172,13.685
12172,320,174,13.574
12173,318,201,13.203
12174,320,224,12.926
12175,320,218,12.278
12176,313,211,12.259
12177,320,175,12.648
12178,320,202,12.833
12179,320,218,13.445
12180,2,1,7.907
12181,320,185,12.778
12182,320,209,12.500
12183,320,192,12.796
12184,2,1,7.778
12185,320,185,12.981
12186,320,208,13.852
12187,320,179,13.093
12188,9,7,8.722
12189,320,187,13.481
12190,320,202,13.074
12191,320,190,13.389
12192,2,1,8.574
12193,320,192,13.444
12194,320,205,13.407
12195,320,215,13.314
12196,1,0,8.389
12197,320,180,13.537
12198,320,215,13.130
12199,319,230,12.666
12200,320,220,12.852
12201,320,196,12.889
12202,320,233,13.018
12203,320,235,12.593
12204,320,225,12.556
12205,318,221,13.778
12206,320,225,12.278
12207,320,226,12.259
12208,317,232,12.092
12209,320,231,12.630
12210,320,203,12.481
12211,319,225,12.241
12212,320,236,13.056
12213,320,229,12.389
12214,315,222,12.407
12215,320,229,12.407
12216,320,193,12.778
12217,320,213,12.982
12218,5,4,8.166
12219,320,236,12.351
12220,320,202,12.944
12221,320,218,12.667
12222,5,3,8.129
12223,320,232,12.352
12224,320,236,12.425
12225,320,209,13.574
12226,1,0,8.704
12227,320,225,13.574
12228,320,239,22.889
12229,319,259,13.019
12230,320,235,14.074
12231,320,251,12.556
12232,320,247,13.093
12233,1,1,8.130
12234,320,213,12.778
12235,320,262,12.426
12236,320,269,14.111
12237,2,1,8.074
12238,320,241,12.666
12239,320,252,12.907
12240,318,259,12.222
12241,320,250,12.741
12242,320,260,11.926
12243,320,263,12.037
12244,3,1,8.074
12245,320,232,12.426
12246,320,261,12.278
12247,320,251,12.352
12248,5,5,8.092
12249,320,231,12.426
12250,320,264,12.426
12251,320,276,12.518
12252,5,4,8.222
12253,320,260,12.500
12254,320,268,12.074
12255,320,240,12.741
12256,2,2,8.315
12257,320,194,13.203
12258,320,254,13.037
12259,320,250,13.370
12260,10,9,8.778
12261,320,267,12.555
12262,320,243,12.741
12263,320,270,12.352
12264,5,3,8.722
12265,320,250,12.629
12266,320,246,12.760
12267,320,267,12.611
12268,8,6,8.500
12269,320,243,13.445
12270,320,268,12.574
12271,320,235,13.556
12272,7,6,8.667
12273,320,261,12.407
12274,320,267,12.426
12275,320,245,12.889
12276,3,3,8.741
12277,320,251,12.722
12278,320,271,12.685
12279,320,283,11.982
12280,4,3,8.166
12281,320,264,12.592
12282,320,273,12.204
12283,320,270,12.408
12284,1,1,8.075
12285,320,267,12.130
12286,320,261,12.148
12287,320,252,12.389
12288,3,1,8.352
12289,320,269,12.148
12290,320,253,12.389
12291,320,259,12.649
12292,2,2,8.055
12293,320,270,12.352
12294,320,267,14.092
12295,320,258,12.815
12296,5,5,8.296
12297,320,252,12.685
12298,320,249,12.852
12299,320,258,12.685
12300,9,8,8.518
12301,320,268,12.592
12302,320,268,12.296
12303,320,275,12.019
12304,4,3,8.203
12305,320,252,12.815
12306,320,255,13.000
12307,320,264,12.759
12308,3,3,8.389
12309,320,266,12.593
12310,320,270,12.166
12311,320,256,13.037
12312,3,2,8.944
12313,320,264,12.241
12314,320,271,12.240
12315,315,253,12.037
12316,320,243,12.334
12317,320,247,12.408
12318,307,255,11.556
12319,320,262,11.408
12320,320,276,11.111
12321,303,245,10.685
12322,320,250,11.204
12323,320,246,10.907
12324,299,239,10.278
12325,320,251,10.778
12326,320,218,10.926
12327,290,237,10.241
12328,320,254,10.240
12329,320,238,10.389
12330,291,215,10.315
12331,320,246,10.167
12332,320,244,9.777
12333,285,212,9.407
12334,320,232,10.019
12335,320,252,9.852
12336,284,199,9.445
12337,320,235,10.074
12338,320,239,9.741
12339,272,226,8.555
12340,320,245,9.537
12341,320,236,9.388
12342,274,194,8.777
12343,320,242,9.593
12344,320,223,9.555
12345,267,189,8.555
12346,320,227,9.333
12347,320,236,9.185
12348,266,181,8.685
12349,320,234,9.037
12350,320,229,9.130
12351,265,196,8.222
12352,320,218,9.518
12353,320,229,9.149
12354,260,201,8.111
12355,320,228,9.055
12356,320,241,8.926
12357,261,197,8.056
12358,320,243,8.963
12359,320,230,9.019
12360,259,184,8.185
12361,320,234,8.889
12362,320,253,9.055
12363,267,192,8.407
12364,320,227,9.055
12365,320,211,9.259
12366,262,165,8.389
12367,320,254,8.814
12368,320,233,8.944
12369,254,189,8.000
12370,320,230,8.981
12371,320,239,8.741
12372,258,186,7.945
12373,320,231,9.000
12374,320,223,9.074
12375,244,179,7.463
12376,320,227,8.814
12377,320,219,8.723
12378,245,167,7.592
12379,320,206,8.926
12380,320,208,9.019
12381,243,165,7.723
12382,320,230,8.556
12383,320,208,8.648
12384,232,153,7.019
12385,320,212,8.574
12386,320,221,8.408
12387,227,147,7.148
12388,320,208,8.537
12389,320,204,8.482
12390,238,139,7.370
12391,320,202,8.592
12392,320,198,8.741
12393,221,142,6.889
12394,320,197,8.556
12395,320,209,8.149
12396,216,142,6.556
12397,320,214,8.148
12398,320,192,8.296
12399,210,131,6.648
12400,320,207,8.315
12401,320,196,8.445
12402,203,115,6.593
12403,320,174,8.648
12404,320,188,8.241
12405,196,122,6.111
12406,320,187,8.241
12407,320,199,7.814
12408,187,107,6.037
12409,320,199,8.204
12410,320,203,7.907
12411,188,112,6.112
12412,320,194,8.111
12413,320,166,8.092
12414,167,105,5.611
12415,320,203,7.741
12416,320,209,7.630
12417,168,99,5.556
12418,320,202,7.870
12419,320,178,7.834
12420,167,102,5.463
12421,320,174,8.204
12422,320,191,7.611
12423,151,86,5.148
12424,320,194,7.796
12425,320,175,7.814
12426,131,90,4.667
12427,320,194,7.537
12428,320,194,7.444
12429,142,94,4.815
12430,320,180,7.722
12431,320,197,7.389
12432,114,64,4.278
12433,320,180,7.481
12434,320,178,7.667
12435,146,85,4.963
12436,320,171,7.629
12437,320,171,7.667
12438,110,66,4.296
12439,320,189,7.426
12440,320,192,7.741
12441,119,67,4.407
12442,320,171,7.777
12443,320,182,7.518
12444,105,62,4.130
12445,320,178,7.500
12446,320,189,7.185
12447,80,34,3.723
12448,320,191,7.278
12449,320,159,7.704
12450,115,65,4.296
12451,320,173,7.592
12452,320,183,7.148
12453,92,45,3.907
12454,320,146,7.722
12455,320,151,7.408
12456,101,50,4.093
12457,320,156,7.426
12458,320,170,7.333
12459,66,27,3.407
12460,320,150,7.445
12461,320,132,7.648
12462,69,28,3.482
12463,320,156,7.407
12464,320,126,7.204
12465,61,27,3.186
12466,320,130,6.926
12467,320,125,7.111
12468,51,19,3.075
12469,320,125,7.297
12470,320,140,7.018
12471,47,20,3.111
12472,320,137,7.130
12473,320,133,7.037
12474,41,19,2.944
12475,320,124,7.074
12476,320,115,6.723
12477,23,8,2.574
12478,320,113,6.685
12479,320,125,6.888
12480,10,2,2.240
12481,320,142,6.722
12482,320,118,6.889
12483,31,10,2.778
12484,320,81,6.408
12485,317,116,6.685
12486,320,82,6.370
12487,310,89,6.370
12488,320,130,6.796
12489,316,86,6.241
12490,320,74,6.333
12491,289,85,5.981
12492,320,73,6.111
12493,297,67,6.111
12494,320,62,6.166
12495,260,59,5.259
12496,320,66,6.241
12497,280,56,5.685
12498,320,72,5.963
12499,258,52,5.223
12500,320,73,5.908
12501,269,38,5.277
12502,320,54,6.111
12503,260,55,5.148
12504,320,54,5.963
12505,273,46,5.407
12506,320,57,5.907
12507,268,39,5.167
12508,320,66,6.185
12509,267,52,5.204
12510,320,49,5.778
12511,271,24,5.092
12512,320,53,5.833
12513,300,35,5.518
12514,320,47,5.815
12515,263,48,5.148
12516,320,38,5.666
12517,259,43,5.074
12518,320,40,5.685
12519,265,32,5.074
12520,320,51,5.759
12521,230,38,4.519
12522,320,47,5.685
12523,243,41,4.834
12524,320,43,5.741
12525,246,30,4.815
12526,320,45,5.685
12527,257,49,5.055
12528,320,50,5.740
12529,261,49,5.167
12530,320,37,5.760
12531,249,45,5.055
12532,320,42,5.574
12533,275,54,5.315
12534,320,53,6.018
12535,228,41,4.574
12536,320,56,5.778
12537,263,52,5.186
12538,320,45,5.722
12539,292,56,5.630
12540,320,52,5.944
12541,297,56,5.686
12542,320,59,6.019
12543,297,62,5.630
12544,320,52,5.907
12545,313,55,5.945
12546,320,69,6.055
12547,314,69,5.945
12548,320,58,6.260
12549,300,71,5.833
12550,320,68,5.981
12551,320,73,6.000
12552,1,0,2.166
12553,320,94,6.407
12554,320,103,6.445
12555,4,0,2.204
12556,320,74,6.463
12557,320,83,6.389
12558,4,2,2.240
12559,320,84,6.241
12560,320,65,6.037
12561,21,2,2.463
12562,320,91,6.445
12563,320,72,6.352
12564,18,2,2.333
12565,320,75,6.315
12566,320,84,6.796
12567,32,9,2.500
12568,320,73,6.112
12569,320,71,6.222
12570,8,3,2.222
12571,320,102,6.407
12572,320,93,6.592
12573,55,22,3.037
12574,320,84,6.500
12575,320,72,6.259
12576,28,4,2.555
12577,320,101,6.630
12578,320,95,6.482
12579,24,7,2.518
12580,320,72,6.204
12581,320,96,6.630
12582,54,16,3.018
12583,320,69,6.426
12584,320,101,6.519
12585,6,5,2.260
12586,320,113,6.518
12587,320,88,6.556
12588,2,0,2.111
12589,320,132,6.686
12590,320,103,6.499
12591,18,4,2.407
12592,320,120,6.815
12593,320,105,6.703
12594,9,3,2.241
12595,320,129,6.759
12596,320,111,6.556
12597,20,10,2.445
12598,320,112,6.852
12599,320,128,6.593
12600,2,2,2.204
12601,320,102,6.593
12602,320,125,6.685
12603,8,5,2.370
12604,320,122,6.777
12605,310,132,6.592
12606,320,129,6.851
12607,314,126,6.648
12608,320,164,7.056
12609,319,126,6.889
12610,320,137,7.148
12611,312,137,6.815
12612,320,143,6.944
12613,318,130,6.981
12614,320,151,6.870
12615,299,108,6.352
12616,320,130,6.815
12617,288,121,6.371
12618,320,128,6.574
12619,296,124,6.519
12620,320,127,6.629
12621,285,127,6.203
12622,320,129,6.907
12623,252,110,5.796
12624,320,133,6.871
12625,281,125,6.204
12626,320,116,6.611
12627,317,148,6.796
12628,320,109,6.759
12629,305,132,6.611
12630,320,137,7.000
12631,310,132,6.796
12632,320,136,6.796
12633,315,119,6.593
12634,320,116,6.815
12635,320,122,6.741
12636,7,3,2.241
12637,320,138,6.888
12638,316,105,6.611
12639,320,138,6.814
12640,293,109,14.482
12641,320,129,6.945
12642,290,95,6.167
12643,320,121,6.759
12644,272,82,5.963
12645,320,71,6.000
12646,249,43,4.907
12647,320,92,6.426
12648,245,61,4.944
12649,320,99,6.315
12650,281,80,5.797
12651,320,95,6.389
12652,258,54,5.296
12653,320,82,6.074
12654,295,63,5.852
12655,320,85,6.259
12656,320,76,6.222
12657,8,3,2.259
12658,320,90,6.482
12659,320,98,6.463
12660,31,12,2.666
12661,320,96,6.500
12662,320,93,6.445
12663,45,11,2.815
12664,320,84,6.482
12665,320,93,6.463
12666,30,11,2.888
12667,320,96,6.556
12668,320,109,6.778
12669,52,23,3.055
12670,320,82,6.407
12671,320,78,6.314
12672,55,17,3.093
12673,320,70,6.408
12674,320,85,6.444
12675,42,11,2.741
12676,320,87,6.481
12677,320,79,6.259
12678,32,6,2.667
12679,320,82,6.833
12680,320,91,6.389
12681,31,7,2.630
12682,320,83,9.537
12683,320,76,11.667
12684,47,15,3.352
12685,320,102,11.667
12686,320,98,10.426
12687,24,2,3.574
12688,320,95,7.981
12689,320,95,7.945
12690,39,20,2.704
12691,320,115,12.241
12692,320,104,12.426
12693,27,9,4.296
12694,320,85,13.018
12695,320,100,15.203
12696,17,4,3.833
12697,320,103,14.259
12698,320,83,11.259
12699,13,3,5.870
12700,320,102,13.944
12701,320,92,7.426
12702,16,10,5.296
12703,320,88,13.500
12704,315,90,11.149
12705,320,108,10.555
12706,317,102,9.185
12707,320,111,11.203
12708,320,98,10.407
12709,15,5,3.611
12710,320,100,10.593
12711,317,110,11.296
12712,320,97,12.407
12713,320,98,7.945
12714,13,6,4.185
12715,320,106,10.093
12716,320,121,13.037
12717,21,3,4.963
12718,320,106,10.019
12719,320,87,11.482
12720,4,1,3.797
12721,320,133,14.130
12722,311,120,10.500
12723,320,91,10.500
12724,320,111,12.796
12725,13,4,3.093
12726,320,98,9.092
12727,310,95,9.148
12728,320,97,10.777
12729,320,90,14.149
12730,7,3,4.778
12731,320,125,13.870
12732,320,114,13.426
12733,4,0,6.611
12734,320,116,12.537
12735,303,119,12.759
12736,320,93,12.796
12737,295,111,11.593
12738,320,120,10.518
12739,295,117,8.907
12740,320,110,9.296
12741,277,97,10.315
12742,320,136,6.926
12743,299,121,14.482
12744,320,118,16.704
12745,266,109,10.481
12746,320,144,12.241
12747,262,110,8.537
12748,320,116,11.111
12749,253,105,7.945
12750,320,124,13.611
12751,241,88,8.463
12752,320,116,8.666
12753,208,80,10.111
12754,320,108,11.259
12755,188,82,6.667
12756,320,102,8.704
12757,154,56,5.907
12758,320,110,14.296
12759,113,48,6.222
12760,320,93,12.278
12761,95,25,5.537
12762,320,90,11.667
12763,53,15,5.500
12764,304,33,12.556
12765,264,3,8.722
12766,238,1,9.777
12767,261,1,8.982
12768,237,2,10.852
12769,257,0,10.908
12770,197,0,7.667
12771,204,0,8.574
12772,225,2,9.685
12773,252,0,10.166
12774,225,0,10.723
12775,221,0,8.870
12776,252,1,10.056
12777,205,2,7.833
12778,218,4,7.129
12779,234,3,6.722
12780,226,1,9.389
12781,240,2,7.296
12782,226,16,7.259
12783,278,27,10.834
12784,243,39,8.833
12785,271,48,8.186
12786,244,39,7.537
12787,257,11,11.370
12788,234,16,10.241
12789,202,5,8.148
12790,255,8,7.592
12791,271,5,9.537
12792,232,3,8.444
12793,253,12,13.111
12794,271,15,12.778
12795,240,16,10.186
12796,245,9,9.926
12797,266,23,10.852
12798,247,24,13.185
12799,246,11,10.297
12800,244,24,5.426
12801,254,11,12.222
12802,230,14,9.537
12803,278,15,10.056
12804,231,9,10.352
12805,238,15,9.055
12806,229,12,11.685
12807,268,21,13.759
12808,282,16,12.704
12809,268,18,15.334
12810,320,54,12.278
12811,3,0,5.445
12812,282,14,12.129
12813,273,34,12.129
12814,302,45,16.907
12815,289,29,12.648
12816,300,40,10.815
12817,268,11,11.129
12818,295,21,11.852
12819,264,41,10.981
12820,283,14,16.259
12821,263,38,11.463
12822,261,23,5.981
12823,268,44,11.259
12824,257,38,11.593
12825,244,11,9.963
12826,249,31,9.740
12827,264,13,13.056
12828,267,25,11.778
12829,297,23,11.944
12830,257,20,10.685
12831,284,28,13.426
12832,278,24,12.425
12833,270,35,7.944
12834,291,29,7.556
12835,279,14,10.740
12836,280,23,10.463
12837,274,17,8.741
12838,261,12,10.370
12839,276,20,11.611
12840,288,19,10.277
12841,272,24,10.370
12842,286,29,11.648
12843,272,23,11.759
12844,273,19,9.759
12845,277,32,9.278
12846,286,31,12.686
12847,312,27,12.093
12848,279,37,10.333
12849,304,21,11.889
12850,308,20,12.871
12851,300,21,8.759
12852,301,38,12.148
12853,310,12,13.260
12854,309,31,9.907
12855,287,34,6.944
12856,311,26,14.241
12857,314,43,9.037
12858,320,41,10.963
12859,4,0,4.796
12860,320,26,11.148
12861,12,1,5.371
12862,281,38,11.908
12863,290,28,10.703
12864,320,27,14.371
12865,320,32,11.519
12866,15,3,7.296
12867,320,33,10.093
12868,302,13,9.815
12869,315,63,15.185
12870,320,49,13.852
12871,24,3,6.723
12872,320,40,8.556
12873,7,2,4.759
12874,320,76,8.834
12875,1,0,2.666
12876,320,74,8.370
12877,7,3,2.555
12878,320,65,7.000
12879,41,14,2.592
12880,320,87,6.204
12881,33,12,2.500
12882,320,76,6.333
12883,36,10,3.074
12884,320,92,6.870
12885,26,5,2.426
12886,320,87,6.703
12887,46,22,2.500
12888,320,73,5.981
12889,8,1,1.926
12890,320,124,7.370
12891,38,16,2.500
12892,320,100,6.074
12893,37,13,2.315
12894,320,81,6.092
12895,59,21,29.741
12896,320,89,7.222
12897,62,34,3.222
12898,320,57,5.815
12899,61,29,2.556
12900,320,136,6.759
12901,74,34,2.926
12902,320,85,5.889
12903,50,23,2.463
12904,320,109,6.926
12905,43,14,2.315
12906,320,79,5.815
12907,53,37,2.926
12908,320,75,6.092
12909,31,18,2.259
12910,320,141,6.574
12911,77,35,3.037
12912,320,83,5.926
12913,65,22,2.760
12914,320,107,6.296
12915,66,20,2.630
12916,320,90,5.982
12917,71,35,2.815
12918,320,93,6.038
12919,105,44,3.185
12920,320,129,6.093
12921,115,72,3.370
12922,320,107,6.851
12923,111,54,3.389
12924,320,147,6.519
12925,152,92,4.296
12926,320,104,7.667
12927,116,56,3.555
12928,320,165,6.556
12929,146,67,4.148
12930,320,114,7.167
12931,106,43,3.296
12932,320,178,6.444
12933,191,116,4.741
12934,320,106,6.556
12935,120,43,3.722
12936,320,145,6.463
12937,159,72,4.630
12938,320,117,7.407
12939,144,77,3.815
12940,320,160,6.981
12941,167,82,9.704
12942,320,111,14.778
12943,120,63,8.129
12944,320,165,15.556
12945,154,60,11.574
12946,320,146,19.482
12947,146,76,12.518
12948,320,178,16.685
12949,211,97,11.481
12950,320,152,15.222
12951,203,112,13.926
12952,320,167,16.685
12953,254,146,15.796
12954,320,155,14.797
12955,226,124,14.852
12956,320,188,17.574
12957,257,143,14.444
12958,320,178,17.055
12959,249,120,15.703
12960,320,156,15.222
12961,254,144,12.482
12962,320,186,15.574
12963,284,164,17.370
12964,320,139,17.889
12965,231,116,14.037
12966,320,184,18.629
12967,284,158,15.907
12968,320,184,17.500
12969,285,134,16.481
12970,320,157,17.000
12971,312,184,18.315
12972,320,182,11.259
12973,319,193,16.777
12974,320,159,14.630
12975,320,157,16.222
12976,2,1,6.963
12977,320,186,12.889
12978,320,180,13.574
12979,9,6,6.963
12980,320,181,12.907
12981,320,193,13.907
12982,14,10,3.074
12983,320,146,11.740
12984,287,169,10.852
12985,320,203,11.815
12986,320,176,13.815
12987,6,3,4.851
12988,320,192,13.445
12989,320,199,11.999
12990,44,26,6.778
12991,320,176,16.019
12992,320,201,14.111
12993,4,3,9.630
12994,320,196,9.389
12995,320,199,11.648
12996,57,34,9.444
12997,320,211,10.703
12998,320,202,11.074
12999,26,17,7.425
13000,320,137,12.314
13001,307,219,12.500
13002,320,197,15.444
13003,320,185,14.055
13004,33,15,7.685
13005,320,183,16.407
13006,318,157,10.518
13007,320,148,11.778
13008,311,172,13.833
13009,320,187,14.352
13010,320,180,13.815
13011,17,6,5.722
13012,320,205,12.277
13013,296,134,14.630
13014,320,169,14.074
13015,312,190,13.407
13016,320,204,7.148
13017,320,201,10.963
13018,24,14,6.112
13019,320,167,10.648
13020,269,97,13.222
13021,320,205,14.259
13022,320,176,9.981
13023,15,6,5.056
13024,320,163,8.407
13025,313,159,7.907
13026,320,108,12.111
13027,266,138,9.741
13028,320,117,13.019
13029,300,107,7.760
13030,320,111,8.907
13031,281,101,8.463
13032,320,80,10.685
13033,280,113,15.426
13034,320,125,13.408
13035,308,142,17.240
13036,320,111,15.463
13037,281,105,13.000
13038,320,105,16.277
13039,278,101,17.093
13040,320,134,18.314
13041,299,126,15.130
13042,320,118,17.037
13043,283,126,14.352
13044,320,149,18.704
13045,320,170,14.019
13046,2,2,6.778
13047,320,175,15.000
13048,320,157,18.536
13049,23,7,6.981
13050,320,168,11.222
13051,320,163,15.833
13052,28,15,9.037
13053,320,169,23.445
13054,320,155,24.796
13055,50,21,10.778
13056,320,161,25.574
13057,320,141,21.703
13058,9,3,7.629
13059,320,144,27.389
13060,320,161,21.889
13061,57,40,13.704
13062,320,158,27.278
13063,320,143,21.926
13064,25,13,7.704
13065,320,152,21.537
13066,320,132,19.481
13067,49,23,11.685
13068,320,127,19.574
13069,320,129,13.759
13070,11,5,7.185
13071,320,121,20.241
13072,320,134,24.777
13073,14,6,8.222
13074,320,149,17.926
13075,320,134,18.388
13076,83,29,140.870
13077,320,86,16.981
13078,320,128,10.500
13079,16,6,4.111
13080,320,125,9.889
13081,320,109,9.648
13082,68,19,26.130
13083,320,124,16.703
13084,320,150,25.426
13085,47,13,10.463
13086,320,88,18.574
13087,320,97,19.351
13088,59,18,5.241
13089,320,133,18.130
13090,320,133,17.537
13091,40,17,6.704
13092,320,87,13.741
13093,320,131,13.963
13094,80,33,11.296
13095,320,103,11.389
13096,320,72,8.889
13097,15,3,2.870
13098,320,124,7.482
13099,320,148,7.703
13100,60,24,3.463
13101,320,142,7.908
13102,320,124,7.314
13103,46,23,3.037
13104,320,129,8.241
13105,320,83,7.444
13106,52,22,3.130
13107,320,104,7.426
13108,320,139,7.741
13109,60,26,3.629
13110,320,131,7.648
13111,320,132,8.055
13112,68,20,3.760
13113,320,153,7.352
13114,320,121,7.351
13115,68,15,3.500
13116,320,93,7.815
13117,320,92,6.963
13118,43,18,2.926
13119,320,161,7.926
13120,320,149,7.685
13121,78,30,3.778
13122,320,95,8.741
13123,320,172,7.240
13124,79,42,3.555
13125,320,104,8.074
13126,320,106,7.259
13127,56,24,4.000
13128,320,114,7.537
13129,320,137,7.722
13130,86,35,3.796
13131,320,136,7.723
13132,320,115,7.093
13133,76,26,3.852
13134,320,151,7.259
13135,320,133,7.500
13136,89,27,3.760
13137,320,103,7.111
13138,320,120,7.463
13139,53,18,3.130
13140,320,149,7.093
13141,320,166,7.666
13142,116,51,4.407
13143,320,144,8.630
13144,320,150,7.944
13145,101,50,4.277
13146,320,99,7.370
13147,320,106,7.223
13148,74,27,3.648
13149,320,127,7.334
13150,320,148,7.740
13151,115,56,4.518
13152,320,160,7.704
13153,320,118,7.833
13154,137,57,4.834
13155,320,138,7.481
13156,320,135,7.575
13157,97,45,3.907
13158,320,99,7.018
13159,320,116,7.204
13160,103,33,3.925
13161,320,129,7.407
13162,320,173,7.407
13163,107,61,4.204
13164,320,160,7.444
13165,320,134,7.389
13166,119,55,4.408
13167,320,149,7.797
13168,320,150,7.685
13169,147,70,5.093
13170,320,129,7.611
13171,320,122,7.537
13172,94,45,3.907
13173,320,132,7.259
13174,320,149,7.371
13175,145,97,4.944
13176,320,172,7.667
13177,320,145,7.797
13178,135,74,4.667
13179,320,152,7.667
13180,320,156,7.963
13181,142,68,4.870
13182,320,156,7.815
13183,320,126,7.426
13184,113,35,4.167
13185,320,117,7.352
13186,320,157,7.908
13187,113,62,4.352
13188,320,160,7.537
13189,320,141,8.148
13190,142,71,5.056
13191,320,132,7.648
13192,320,157,7.741
13193,135,53,4.667
13194,320,143,7.537
13195,320,122,7.333
13196,127,48,4.481
13197,320,111,7.297
13198,320,149,7.574
13199,108,53,4.204
13200,320,175,7.408
13201,320,152,7.518
13202,138,57,4.778
13203,320,142,7.611
13204,320,153,7.926
13205,155,64,5.166
13206,320,133,7.592
13207,320,138,7.796
13208,123,54,4.482
13209,320,122,7.370
13210,320,121,7.333
13211,110,48,4.204
13212,320,131,7.574
13213,320,182,7.759
13214,146,69,5.037
13215,320,155,7.963
13216,320,144,7.315
13217,125,60,4.481
13218,320,132,7.519
13219,320,154,7.500
13220,126,49,4.537
13221,320,100,7.241
13222,320,117,7.148
13223,85,35,3.592
13224,320,146,7.277
13225,320,173,7.519
13226,126,62,4.666
13227,320,150,8.111
13228,320,163,7.611
13229,112,48,4.259
13230,320,159,7.945
13231,320,132,7.445
13232,97,35,3.907
13233,320,108,7.278
13234,320,120,7.241
13235,78,39,3.556
13236,320,156,7.297
13237,320,178,7.426
13238,119,53,4.574
13239,320,141,7.518
13240,320,166,7.389
13241,119,56,4.500
13242,320,151,7.667
13243,320,147,7.297
13244,101,41,4.000
13245,320,128,7.556
13246,320,117,7.593
13247,95,34,3.889
13248,320,176,7.574
13249,320,168,7.556
13250,116,53,4.407
13251,320,151,7.777
13252,320,141,7.537
13253,139,69,4.926
13254,320,132,7.833
13255,320,132,7.333
13256,85,43,3.870
13257,320,99,7.037
13258,320,131,7.222
13259,98,48,4.148
13260,320,173,7.444
13261,320,153,7.778
13262,135,59,4.759
13263,320,160,8.352
13264,320,155,7.537
13265,112,46,4.167
13266,320,140,7.611
13267,320,150,7.629
13268,102,32,4.037
13269,320,123,7.093
13270,320,133,7.371
13271,87,33,3.704
13272,320,189,7.425
13273,320,167,7.648
13274,114,55,4.334
13275,320,159,7.315
13276,320,178,7.648
13277,122,39,4.352
13278,320,133,7.759
13279,320,132,7.519
13280,132,54,4.723
13281,320,117,7.556
13282,320,143,7.537
13283,87,44,3.778
13284,320,193,7.685
13285,320,172,7.574
13286,128,66,4.667
13287,320,158,7.518
13288,320,148,7.500
13289,115,51,4.426
13290,320,139,7.352
13291,320,147,7.333
13292,99,41,3.963
13293,320,127,7.222
13294,320,160,7.240
13295,99,57,4.130
13296,320,196,7.315
13297,320,153,7.759
13298,131,61,4.666
13299,320,170,7.759
13300,320,154,7.537
13301,135,53,4.630
13302,320,139,7.593
13303,320,144,7.870
13304,105,46,4.241
13305,320,133,7.426
13306,320,150,7.297
13307,118,54,4.315
13308,320,182,7.796
13309,320,161,7.833
13310,153,67,5.389
13311,320,166,7.723
13312,320,168,7.408
13313,121,49,4.630
13314,320,136,7.685
13315,320,154,7.648
13316,141,73,4.926
13317,320,126,7.685
13318,320,146,7.667
13319,97,53,3.963
13320,320,157,7.259
13321,320,181,7.667
13322,156,79,5.296
13323,320,150,7.926
13324,320,163,8.037
13325,149,72,5.074
13326,320,169,7.852
13327,320,149,7.667
13328,133,64,4.648
13329,320,141,7.537
13330,320,146,7.556
13331,112,47,4.167
13332,320,156,7.351
13333,320,183,7.500
13334,138,95,4.722
13335,320,172,7.760
13336,320,184,7.667
13337,138,63,4.723
13338,320,168,7.537
13339,320,152,7.833
13340,134,70,4.815
13341,320,163,7.611
13342,320,153,7.666
13343,115,46,4.370
13344,320,145,7.519
13345,320,161,7.592
13346,137,89,4.778
13347,320,186,7.481
13348,320,169,7.888
13349,149,94,5.055
13350,320,198,7.574
13351,320,152,7.574
13352,154,65,5.185
13353,320,165,7.907
13354,320,173,7.759
13355,147,73,5.241
13356,320,156,7.815
13357,320,176,7.704
13358,107,44,4.111
13359,320,194,7.444
13360,320,215,7.278
13361,164,98,5.408
13362,320,172,7.981
13363,320,189,7.629
13364,150,72,5.111
13365,320,182,7.852
13366,320,149,7.759
13367,154,89,5.185
13368,320,150,7.815
13369,320,143,7.759
13370,136,66,4.852
13371,320,169,7.685
13372,320,186,7.444
13373,137,92,4.870
13374,320,204,7.555
13375,320,182,7.982
13376,169,100,5.407
13377,320,180,7.908
13378,320,172,8.092
13379,164,84,5.649
13380,320,173,8.056
13381,320,176,7.685
13382,157,80,5.259
13383,320,147,7.870
13384,320,174,7.834
13385,138,71,4.852
13386,320,185,7.445
13387,320,215,7.556
13388,171,127,5.315
13389,320,213,7.852
13390,320,197,7.463
13391,156,88,5.166
13392,320,184,7.556
13393,320,179,7.962
13394,181,80,6.018
13395,320,183,8.259
13396,320,196,7.630
13397,149,80,5.148
13398,320,158,7.759
13399,320,168,7.667
13400,149,77,5.019
13401,320,168,7.907
13402,320,212,7.889
13403,199,122,6.018
13404,320,189,8.315
13405,320,199,8.092
13406,171,116,5.389
13407,320,194,7.667
13408,320,182,7.944
13409,179,86,5.797
13410,320,178,8.074
13411,320,176,7.834
13412,180,100,5.704
13413,320,182,7.944
13414,320,170,8.037
13415,148,94,4.945
13416,320,195,7.574
13417,320,199,7.759
13418,190,124,5.759
13419,320,187,8.148
13420,320,193,8.148
13421,194,120,6.093
13422,320,210,8.037
13423,320,210,7.908
13424,191,115,5.945
13425,320,182,7.981
13426,320,181,7.722
13427,179,111,5.629
13428,320,170,8.223
13429,320,164,8.260
13430,177,106,5.777
13431,320,184,8.074
13432,320,200,7.741
13433,179,117,5.518
13434,320,222,7.648
13435,320,215,7.593
13436,197,137,5.870
13437,320,199,7.926
13438,320,186,8.130
13439,220,123,6.703
13440,320,211,8.351
13441,320,202,8.537
13442,198,120,6.370
13443,320,192,8.112
13444,320,192,8.074
13445,198,124,6.130
13446,320,181,8.352
13447,320,172,8.037
13448,197,118,6.037
13449,320,190,8.092
13450,320,190,8.018
13451,208,143,6.389
13452,320,220,8.000
13453,320,208,8.296
13454,206,139,6.408
13455,320,210,7.833
13456,320,195,8.019
13457,207,116,6.407
13458,320,181,8.315
13459,320,169,8.445
13460,225,119,7.111
13461,320,176,8.593
13462,320,182,8.537
13463,195,123,6.019
13464,320,193,8.259
13465,320,188,8.129
13466,192,115,5.963
13467,320,189,7.945
13468,320,211,7.926
13469,223,144,6.722
13470,320,192,8.648
13471,320,218,8.352
13472,225,134,6.944
13473,320,201,9.462
13474,320,227,8.259
13475,214,140,6.556
13476,320,209,8.203
13477,320,202,8.222
13478,218,137,6.666
13479,320,183,8.870
13480,320,184,8.408
13481,221,130,6.796
13482,320,188,8.667
13483,320,174,8.963
13484,220,143,7.111
13485,320,194,8.444
13486,320,194,8.334
13487,212,147,6.574
13488,320,230,8.037
13489,320,212,8.315
13490,238,159,7.129
13491,320,221,8.445
13492,320,204,8.852
13493,233,141,7.278
13494,320,195,8.834
13495,320,202,8.778
13496,249,165,7.537
13497,320,225,8.944
13498,320,215,8.833
13499,217,132,6.963
13500,320,203,8.500
13501,320,191,8.370
13502,221,138,6.685
13503,320,189,8.926
13504,320,169,8.760
13505,240,144,7.500
13506,320,187,8.889
13507,320,212,8.500
13508,234,159,7.296
13509,320,199,8.926
13510,320,227,8.593
13511,242,176,7.351
13512,320,241,8.500
13513,320,230,8.537
13514,240,151,7.537
13515,320,211,8.518
13516,320,210,8.537
13517,251,171,7.408
13518,320,200,8.963
13519,320,185,9.315
13520,262,168,8.185
13521,320,186,9.463
13522,320,189,9.500
13523,241,153,8.000
13524,320,202,9.000
13525,320,217,8.777
13526,223,145,6.926
13527,320,198,8.703
13528,320,195,8.629
13529,218,133,6.648
13530,320,211,8.333
13531,320,218,8.315
13532,252,152,7.815
13533,320,220,8.685
13534,320,205,9.018
13535,247,164,7.926
13536,320,220,8.648
13537,320,219,8.629
13538,233,164,7.315
13539,320,223,8.537
13540,320,211,8.482
13541,250,163,7.630
13542,320,205,8.815
13543,320,183,9.241
13544,249,142,8.092
13545,320,174,9.129
13546,320,175,9.185
13547,245,151,7.722
13548,320,168,8.981
13549,320,200,9.241
13550,234,141,7.685
13551,320,176,8.963
13552,320,193,8.296
13553,228,157,6.870
13554,320,221,8.445
13555,320,205,8.500
13556,244,151,7.537
13557,320,206,8.704
13558,320,195,8.963
13559,250,161,7.944
13560,320,196,9.000
13561,320,201,8.889
13562,257,157,8.222
13563,320,219,8.963
13564,320,217,8.778
13565,240,148,7.851
13566,320,200,8.815
13567,320,189,8.889
13568,237,160,7.296
13569,320,184,8.815
13570,320,205,8.519
13571,248,134,7.630
13572,320,160,8.963
13573,320,184,9.000
13574,217,134,7.074
13575,320,173,8.852
13576,320,228,8.018
13577,247,166,7.297
13578,320,235,8.482
13579,320,210,9.093
13580,246,167,7.740
13581,320,216,8.759
13582,320,212,8.759
13583,246,141,7.759
13584,320,184,8.963
13585,320,188,8.944
13586,257,151,8.074
13587,320,180,9.537
13588,320,190,9.630
13589,237,148,7.611
13590,320,195,9.000
13591,320,196,8.704
13592,228,137,7.167
13593,320,195,8.537
13594,320,175,8.815
13595,229,136,7.167
13596,320,158,8.889
13597,320,166,8.778
13598,240,129,7.592
13599,320,196,8.796
13600,320,214,8.907
13601,247,156,7.796
13602,320,215,9.092
13603,320,212,8.815
13604,247,156,7.667
13605,320,200,8.815
13606,320,215,8.649
13607,234,147,7.556
13608,320,221,8.333
13609,320,207,8.777
13610,255,147,7.963
13611,320,168,9.148
13612,320,192,9.167
13613,245,134,7.982
13614,320,192,9.352
13615,320,218,8.722
13616,239,160,7.463
13617,320,198,8.796
13618,320,201,8.760
13619,228,129,7.426
13620,320,192,8.648
13621,320,185,8.574
13622,239,133,7.352
13623,320,174,9.019
13624,320,191,8.741
13625,258,177,7.796
13626,320,208,9.259
13627,320,208,9.315
13628,245,157,7.963
13629,320,215,8.907
13630,320,217,8.685
13631,243,155,7.555
13632,320,197,8.778
13633,320,217,8.574
13634,250,157,7.759
13635,320,190,9.167
13636,320,192,9.167
13637,266,120,8.574
13638,320,186,9.463
13639,320,194,9.223
13640,251,149,8.481
13641,320,193,9.296
13642,320,199,9.759
13643,236,138,7.611
13644,320,215,8.574
13645,320,179,9.019
13646,231,137,7.408
13647,320,218,8.482
13648,320,215,8.389
13649,250,160,7.612
13650,320,185,9.204
13651,320,186,9.223
13652,255,155,8.056
13653,320,209,9.611
13654,320,185,9.259
13655,253,175,8.037
13656,320,209,9.037
13657,320,189,9.333
13658,251,158,7.982
13659,320,203,9.111
13660,320,194,9.260
13661,246,161,7.667
13662,320,190,9.018
13663,320,189,8.889
13664,249,139,7.833
13665,320,190,9.093
13666,320,188,9.167
13667,254,145,8.297
13668,320,197,9.204
13669,320,208,9.703
13670,255,149,8.333
13671,320,212,8.889
13672,320,193,9.111
13673,261,173,8.148
13674,320,210,9.037
13675,320,227,9.056
13676,256,165,8.018
13677,320,197,9.315
13678,320,201,9.092
13679,260,154,8.296
13680,320,187,9.425
13681,320,198,9.371
13682,265,163,9.000
13683,320,213,9.408
13684,320,196,9.667
13685,253,139,8.425
13686,320,180,9.463
13687,320,192,9.519
13688,267,181,8.240
13689,320,213,9.463
13690,320,195,9.519
13691,256,166,8.407
13692,320,198,9.352
13693,320,186,9.426
13694,260,160,8.203
13695,320,172,9.407
13696,320,184,9.315
13697,268,153,8.777
13698,320,207,9.259
13699,320,202,9.519
13700,268,178,8.833
13701,320,212,9.481
13702,320,216,9.278
13703,272,181,8.611
13704,320,203,9.537
13705,320,213,9.334
13706,265,179,8.426
13707,320,221,9.278
13708,320,198,9.241
13709,260,180,8.296
13710,320,187,9.518
13711,320,190,9.648
13712,284,155,9.167
13713,320,200,9.945
13714,320,189,9.945
13715,265,180,8.870
13716,320,206,10.556
13717,320,211,9.963
13718,268,170,9.425
13719,320,200,10.129
13720,320,205,10.093
13721,264,170,9.111
13722,320,200,9.833
13723,320,196,9.888
13724,271,168,9.130
13725,320,210,10.019
13726,320,187,9.926
13727,280,177,9.352
13728,320,207,10.037
13729,320,191,10.056
13730,277,178,9.333
13731,320,210,10.000
13732,320,216,9.945
13733,266,172,8.944
13734,320,181,9.963
13735,320,211,9.611
13736,271,164,8.870
13737,320,209,9.519
13738,320,208,9.556
13739,266,167,8.833
13740,320,210,9.408
13741,320,205,9.407
13742,268,169,8.686
13743,320,196,9.370
13744,320,196,9.574
13745,269,161,8.852
13746,320,190,9.667
13747,320,198,9.666
13748,272,168,8.926
13749,320,199,10.000
13750,320,202,9.741
13751,267,174,8.889
13752,320,181,9.926
13753,320,207,10.203
13754,271,182,8.871
13755,320,214,9.777
13756,320,215,9.482
13757,274,180,8.796
13758,320,188,9.870
13759,320,204,9.908
13760,279,165,9.481
13761,320,189,10.333
13762,320,191,10.315
13763,281,159,9.666
13764,320,217,9.852
13765,320,205,10.037
13766,279,187,9.685
13767,320,203,9.981
13768,320,221,9.759
13769,278,166,9.445
13770,320,229,9.703
13771,320,198,9.852
13772,268,168,8.981
13773,320,188,9.723
13774,320,214,9.370
13775,282,187,9.167
13776,320,189,9.870
13777,320,202,10.130
13778,280,182,9.500
13779,320,185,10.592
13780,320,186,20.444
13781,280,169,10.092
13782,320,185,10.222
13783,320,210,10.167
13784,279,190,9.500
13785,320,200,10.019
13786,320,198,10.444
13787,285,172,9.723
13788,320,224,10.315
13789,320,205,10.370
13790,272,187,9.223
13791,320,217,9.796
13792,320,214,9.814
13793,279,166,9.499
13794,320,224,9.740
13795,320,223,10.203
13796,291,180,9.945
13797,320,192,10.407
13798,320,194,10.500
13799,291,170,10.222
13800,320,207,10.704
13801,320,196,10.352
13802,279,171,9.871
13803,320,206,10.555
13804,320,228,10.019
13805,269,175,9.389
13806,320,206,9.963
13807,320,215,9.722
13808,276,182,9.000
13809,320,205,9.759
13810,320,215,9.426
13811,271,191,8.815
13812,320,184,10.092
13813,320,190,9.982
13814,297,170,10.111
13815,320,210,10.148
13816,320,196,10.537
13817,287,178,10.111
13818,320,219,10.518
13819,320,208,10.463
13820,282,180,10.000
13821,320,212,10.185
13822,320,208,10.129
13823,285,178,9.759
13824,320,190,10.278
13825,320,224,9.907
13826,272,172,9.222
13827,320,202,10.185
13828,320,199,9.908
13829,259,152,8.667
13830,320,182,9.741
13831,320,170,9.630
13832,264,143,8.740
13833,320,168,9.704
13834,320,169,9.629
13835,257,138,8.815
13836,320,183,9.722
13837,320,174,9.407
13838,237,159,7.722
13839,320,186,9.130
13840,320,175,9.019
13841,238,150,7.667
13842,320,192,9.037
13843,320,193,8.944
13844,244,134,10.425
13845,320,171,10.574
13846,320,174,9.704
13847,256,139,8.611
13848,320,143,10.148
13849,320,196,10.074
13850,250,160,8.814
13851,320,203,9.389
13852,320,192,9.278
13853,251,150,8.167
13854,320,220,8.852
13855,320,225,8.889
13856,254,173,8.222
13857,320,225,9.537
13858,320,200,9.241
13859,280,149,9.241
13860,320,193,9.925
13861,320,208,9.574
13862,283,158,9.185
13863,320,181,10.296
13864,320,179,10.222
13865,263,171,9.333
13866,320,198,10.074
13867,320,195,10.018
13868,265,181,8.759
13869,320,212,9.500
13870,320,215,9.352
13871,266,178,8.611
13872,320,221,9.444
13873,320,211,9.426
13874,275,163,8.926
13875,320,202,9.629
13876,320,188,10.167
13877,301,175,9.889
13878,320,170,10.778
13879,320,189,10.963
13880,300,186,10.982
13881,320,179,11.574
13882,320,187,11.408
13883,294,190,11.149
13884,320,205,10.963
13885,320,199,10.963
13886,279,173,9.889
13887,320,225,10.241
13888,320,210,10.111
13889,283,166,9.759
13890,320,209,10.648
13891,320,207,10.167
13892,289,172,9.685
13893,320,197,10.408
13894,320,189,10.574
13895,291,186,10.037
13896,320,157,10.833
13897,320,164,11.445
13898,317,188,11.203
13899,320,188,11.870
13900,320,185,11.518
13901,300,166,11.723
13902,320,165,12.203
13903,320,191,11.982
13904,284,163,11.056
13905,320,198,11.093
13906,320,160,11.000
13907,275,171,10.037
13908,320,192,10.278
13909,320,161,10.352
13910,279,155,9.703
13911,320,167,10.334
13912,320,169,10.148
13913,274,160,9.519
13914,320,183,10.130
13915,320,162,10.389
13916,282,130,9.908
13917,320,174,10.556
13918,320,171,10.592
13919,299,145,10.482
13920,320,151,11.000
13921,320,163,11.186
13922,285,146,10.537
13923,320,143,11.111
13924,320,178,10.796
13925,258,143,9.166
13926,320,182,9.889
13927,320,144,9.926
13928,256,146,8.593
13929,320,170,9.963
13930,320,168,9.537
13931,266,127,8.889
13932,320,152,10.111
13933,320,127,10.074
13934,296,142,10.500
13935,320,143,10.741
13936,320,162,10.703
13937,288,130,10.667
13938,320,168,10.926
13939,320,131,11.371
13940,263,141,9.870
13941,320,166,10.314
13942,320,169,9.963
13943,239,131,8.370
13944,320,165,9.593
13945,320,163,9.297
13946,253,120,8.685
13947,320,179,9.296
13948,320,132,9.797
13949,279,134,9.518
13950,320,123,9.907
13951,320,144,10.555
13952,284,138,10.149
13953,320,150,10.778
13954,320,166,10.593
13955,258,116,9.685
13956,320,179,10.129
13957,320,135,9.667
13958,234,119,7.778
13959,320,140,9.056
13960,320,176,9.203
13961,248,113,8.074
13962,320,150,9.574
13963,320,137,9.407
13964,259,110,8.537
13965,320,138,9.685
13966,320,125,9.907
13967,275,121,9.425
13968,320,148,10.204
13969,320,143,10.056
13970,244,100,8.666
13971,320,154,9.444
13972,320,145,9.185
13973,227,114,7.278
13974,320,144,9.093
13975,320,152,9.130
13976,240,113,7.833
13977,320,134,9.037
13978,320,147,9.445
13979,276,83,8.981
13980,320,139,10.092
13981,320,159,10.000
13982,244,91,8.741
13983,320,117,9.630
13984,320,138,9.315
13985,221,84,7.093
13986,320,124,8.574
13987,320,124,8.537
13988,225,98,7.185
13989,320,137,8.722
13990,320,127,9.000
13991,249,92,7.797
13992,320,102,9.037
13993,320,121,9.611
13994,263,101,8.704
13995,320,133,9.685
13996,320,104,9.315
13997,212,75,6.815
13998,320,109,8.537
13999,320,135,8.519
14000,202,73,6.500
14001,320,134,8.649
14002,320,120,8.741
14003,231,105,7.445
14004,320,111,8.851
14005,320,114,9.093
14006,230,80,7.482
14007,320,107,8.722
14008,320,83,8.148
14009,196,58,6.055
14010,320,95,8.074
14011,320,98,7.871
14012,195,84,6.111
14013,320,102,7.926
14014,320,138,8.722
14015,244,91,7.630
14016,320,115,9.241
14017,320,77,8.333
14018,187,40,6.260
14019,320,69,7.500
14020,320,72,7.574
14021,164,44,5.259
14022,320,88,7.500
14023,320,127,8.222
14024,199,66,6.074
14025,320,73,7.815
14026,320,63,7.444
14027,178,28,5.574
14028,320,52,7.278
14029,320,69,7.074
14030,128,21,4.370
14031,320,87,7.000
14032,320,96,7.407
14033,168,39,5.370
14034,320,56,7.222
14035,320,49,6.926
14036,105,13,3.722
14037,320,49,6.740
14038,320,49,6.389
14039,97,15,3.759
14040,320,61,6.778
14041,320,25,6.388
14042,73,5,3.296
14043,320,39,6.037
14044,320,45,6.592
14045,70,14,3.389
14046,320,52,7.056
14047,320,37,6.741
14048,48,5,2.963
14049,320,46,6.593
14050,320,58,6.852
14051,59,12,3.463
14052,320,58,7.407
14053,320,33,7.166
14054,52,7,3.314
14055,320,40,6.926
14056,320,57,6.352
14057,65,15,3.351
14058,320,51,6.703
14059,320,35,6.296
14060,24,0,2.556
14061,320,63,6.723
14062,320,75,7.074
14063,89,22,3.944
14064,320,70,7.241
14065,320,58,6.759
14066,52,10,3.092
14067,320,48,6.833
14068,320,76,6.630
14069,104,23,4.037
14070,320,50,6.888
14071,320,67,6.759
14072,64,10,3.148
14073,320,59,6.556
14074,320,82,7.130
14075,123,36,4.370
14076,320,76,7.408
14077,320,71,7.445
14078,113,25,4.167
14079,320,67,9.963
14080,320,69,7.351
14081,99,22,4.778
14082,320,72,7.018
14083,320,81,7.426
14084,140,35,5.277
14085,320,53,7.537
14086,320,54,7.463
14087,116,20,4.185
14088,320,79,7.334
14089,320,71,7.130
14090,137,30,4.648
14091,320,85,7.351
14092,320,70,7.629
14093,113,27,4.204
14094,320,63,7.093
14095,320,86,7.889
14096,133,37,4.537
14097,320,92,7.778
14098,320,76,7.815
14099,121,16,4.333
14100,320,45,6.593
14101,320,63,7.000
14102,108,23,4.314
14103,320,75,7.426
14104,320,73,7.129
14105,112,24,4.092
14106,320,64,7.148
14107,320,62,7.407
14108,104,23,3.926
14109,320,49,6.944
14110,320,81,7.462
14111,105,18,4.093
14112,320,69,6.926
14113,320,57,9.278
14114,99,11,4.574
14115,320,70,7.556
14116,320,67,6.722
14117,100,27,4.018
14118,320,54,6.666
14119,320,34,6.241
14120,69,11,3.240
14121,320,36,6.444
14122,320,57,6.426
14123,70,15,3.352
14124,320,50,6.204
14125,320,56,6.852
14126,46,6,2.871
14127,320,55,6.241
14128,320,64,6.500
14129,57,8,3.074
14130,320,49,6.278
14131,320,51,6.426
14132,20,3,2.407
14133,320,58,6.333
14134,320,44,6.259
14135,39,5,2.740
14136,320,27,5.926
14137,320,37,5.982
14138,11,1,2.389
14139,320,39,6.111
14140,320,43,6.223
14141,30,3,2.574
14142,320,39,6.000
14143,320,54,6.093
14144,36,11,2.888
14145,320,54,6.445
14146,320,48,6.240
14147,23,3,2.500
14148,320,53,6.148
14149,320,70,6.500
14150,61,16,3.222
14151,320,51,6.166
14152,320,42,6.000
14153,40,4,2.666
14154,320,67,6.389
14155,320,74,6.482
14156,71,5,3.296
14157,320,50,6.352
14158,320,36,6.019
14159,57,8,3.037
14160,320,71,6.481
14161,320,81,6.555
14162,72,13,3.463
14163,320,30,6.278
14164,320,44,5.963
14165,34,3,2.704
14166,320,64,6.241
14167,320,42,5.981
14168,40,4,2.778
14169,320,59,6.426
14170,320,52,6.185
14171,22,3,2.463
14172,320,59,6.074
14173,320,68,6.278
14174,25,6,2.556
14175,320,58,6.000
14176,320,88,6.371
14177,320,59,6.130
14178,320,68,6.537
14179,38,11,2.740
14180,320,79,6.648
14181,320,86,6.833
14182,33,5,2.741
14183,320,100,6.629
14184,320,64,6.352
14185,54,14,3.019
14186,320,81,6.537
14187,320,102,6.667
14188,73,24,3.500
14189,320,112,7.074
14190,320,85,6.852
14191,96,32,3.833
14192,320,128,7.037
14193,320,114,7.223
14194,128,47,4.463
14195,320,135,7.759
14196,320,147,7.944
14197,140,53,4.834
14198,320,125,7.537
14199,320,155,7.759
14200,152,74,5.111
14201,320,150,7.722
14202,320,140,7.797
14203,183,91,5.834
14204,320,157,8.167
14205,320,167,9.075
14206,188,87,6.500
14207,320,164,8.408
14208,320,185,8.519
14209,194,92,6.333
14210,320,172,8.537
14211,320,181,8.019
14212,208,106,6.426
14213,320,172,8.815
14214,320,189,8.611
14215,221,122,7.204
14216,320,183,8.722
14217,320,178,8.852
14218,220,117,7.000
14219,320,176,8.500
14220,320,166,8.426
14221,218,138,6.722
14222,320,173,8.667
14223,320,185,8.778
14224,245,154,7.500
14225,320,196,9.574
14226,320,189,9.223
14227,233,144,8.037
14228,320,188,9.167
14229,320,202,8.907
14230,230,133,7.667
14231,320,196,8.667
14232,320,184,8.759
14233,230,145,7.204
14234,320,204,8.592
14235,320,197,8.741
14236,236,124,7.704
14237,320,199,9.185
14238,320,207,8.945
14239,243,155,8.000
14240,320,213,8.815
14241,320,208,8.963
14242,258,157,8.019
14243,320,214,9.203
14244,320,218,8.889
14245,252,178,8.130
14246,320,223,8.926
14247,320,221,9.037
14248,259,147,8.297
14249,320,210,9.092
14250,320,179,9.537
14251,260,177,8.481
14252,320,190,9.555
14253,320,207,9.222
14254,268,170,8.630
14255,320,202,9.759
14256,320,205,9.704
14257,267,164,8.648
14258,320,207,9.241
14259,320,220,9.371
14260,266,175,8.574
14261,320,204,9.685
14262,320,197,9.666
14263,263,164,8.481
14264,320,197,9.463
14265,320,184,9.537
14266,270,145,8.945
14267,320,195,9.963
14268,320,206,9.611
14269,277,146,9.037
14270,320,210,10.093
14271,320,216,9.852
14272,267,181,8.741
14273,320,214,9.611
14274,320,206,9.444
14275,261,154,8.741
14276,320,195,9.648
14277,320,182,9.555
14278,264,147,8.648
14279,320,193,9.537
14280,320,174,9.778
14281,295,145,9.611
14282,320,192,10.186
14283,320,180,11.074
14284,286,170,10.185
14285,320,159,11.111
14286,320,182,11.111
14287,290,160,10.481
14288,320,175,10.851
14289,320,194,10.203
14290,273,151,9.722
14291,320,184,9.962
14292,320,182,9.833
14293,270,162,8.963
14294,320,189,9.926
14295,320,191,9.870
14296,289,153,9.630
14297,320,188,10.352
14298,320,188,10.371
14299,304,192,10.537
14300,320,188,10.722
14301,320,204,11.277
14302,320,213,11.500
14303,17,12,7.500
14304,320,212,12.148
14305,320,211,12.130
14306,320,235,12.222
14307,4,4,8.093
14308,320,224,12.500
14309,320,224,12.592
14310,312,215,12.741
14311,320,211,14.944
14312,320,188,12.834
14313,300,210,12.222
14314,320,208,11.797
14315,320,208,11.333
14316,291,190,10.981
14317,320,190,11.241
14318,320,209,10.982
14319,300,173,10.592
14320,320,196,10.815
14321,320,205,11.074
14322,311,193,10.815
14323,320,203,11.500
14324,320,178,11.556
14325,312,174,11.778
14326,320,191,12.037
14327,320,188,11.889
14328,320,199,12.444
14329,6,3,7.519
14330,320,201,12.462
14331,320,204,12.611
14332,320,210,12.834
14333,8,5,8.019
14334,320,214,12.907
14335,320,216,13.611
14336,320,218,13.389
14337,4,2,8.500
14338,320,213,13.574
14339,320,219,13.093
14340,319,209,13.555
14341,320,227,12.926
14342,320,223,13.259
14343,308,205,12.574
14344,320,228,12.241
14345,320,199,12.111
14346,313,192,11.667
14347,320,212,12.000
14348,320,214,11.981
14349,319,199,11.722
14350,320,204,12.166
14351,320,208,12.445
14352,320,225,12.130
14353,1,0,7.888
14354,320,223,12.444
14355,320,215,12.889
14356,320,230,13.074
14357,14,11,8.574
14358,320,214,12.907
14359,320,212,12.666
14360,320,224,13.074
14361,21,18,9.426
14362,320,216,13.666
14363,320,229,13.907
14364,320,225,16.518
14365,27,21,10.056
14366,320,223,14.315
14367,320,223,14.871
14368,320,221,15.074
14369,24,17,11.389
14370,320,221,15.259
14371,320,240,15.093
14372,320,225,15.852
14373,18,17,11.203
14374,320,228,15.611
14375,320,224,16.518
14376,320,227,16.315
14377,41,31,12.852
14378,320,226,17.074
14379,320,242,16.666
14380,320,256,16.333
14381,17,13,12.352
14382,320,249,15.815
14383,320,231,16.130
14384,320,249,16.130
14385,16,12,11.426
14386,320,232,16.500
14387,320,238,18.112
14388,320,232,15.685
14389,11,7,11.149
14390,320,243,15.685
14391,320,231,26.445
14392,320,218,14.722
14393,13,8,10.408
14394,320,242,14.611
14395,320,215,14.556
14396,320,229,14.223
14397,11,9,10.037
14398,320,237,14.259
14399,320,248,13.889
14400,320,238,13.982
14401,11,8,9.814
14402,320,215,14.444
14403,320,232,14.148
14404,320,225,13.908
14405,20,17,10.352
14406,320,218,14.630
14407,320,236,14.741
14408,320,230,14.741
14409,16,14,10.223
14410,320,237,14.537
14411,320,226,17.260
14412,320,232,15.203
14413,24,17,10.797
14414,320,230,15.667
14415,320,205,15.796
14416,320,234,17.130
14417,30,21,13.000
14418,320,236,16.426
14419,320,240,16.667
14420,320,230,16.907
14421,26,14,12.703
14422,320,238,16.648
14423,320,234,16.907
14424,320,221,17.204
14425,36,26,13.314
14426,320,217,17.445
14427,320,233,17.722
14428,320,224,17.797
14429,32,25,14.277
14430,320,217,18.222
14431,320,212,19.277
14432,320,253,19.278
14433,56,37,19.296
14434,320,253,19.315
14435,320,245,19.796
14436,320,232,19.759
14437,77,60,17.019
14438,320,252,21.185
14439,320,250,20.500
14440,320,245,20.463
14441,28,19,16.407
14442,320,227,20.241
14443,320,241,20.000
14444,320,251,19.537
14445,32,28,15.945
14446,320,243,20.222
14447,320,235,20.556
14448,320,247,19.852
14449,31,23,15.408
14450,320,230,19.370
14451,320,247,20.407
14452,320,245,19.852
14453,20,15,13.908
14454,320,247,18.037
14455,320,244,18.388
14456,320,246,16.907
14457,17,14,12.389
14458,320,237,17.148
14459,320,254,16.759
14460,320,244,16.055
14461,14,8,11.314
14462,320,233,15.870
14463,320,254,15.203
14464,320,239,15.185
14465,17,13,10.759
14466,320,223,15.370
14467,320,220,14.981
14468,320,228,15.148
14469,18,11,10.834
14470,320,228,14.963
14471,320,220,14.963
14472,320,217,15.408
14473,15,9,12.389
14474,320,217,15.204
14475,320,223,14.759
14476,320,222,15.000
14477,22,13,10.777
14478,320,221,15.481
14479,320,219,15.629
14480,320,232,15.556
14481,23,20,11.055
14482,320,216,15.519
14483,320,216,15.907
14484,320,232,15.537
14485,31,17,11.944
14486,320,208,15.815
14487,320,217,16.277
14488,320,212,15.944
14489,31,20,12.166
14490,320,226,17.056
14491,320,213,16.982
14492,320,217,17.426
14493,33,26,13.167
14494,320,240,16.760
14495,320,226,17.370
14496,320,220,17.741
14497,28,24,15.870
14498,320,241,17.667
14499,320,239,17.370
14500,320,227,17.574
14501,26,16,14.148
14502,320,236,18.777
14503,320,223,18.111
14504,320,244,17.518
14505,25,18,13.519
14506,320,212,17.629
14507,320,251,17.407
14508,320,249,16.574
14509,11,7,13.407
14510,320,229,17.482
14511,320,227,16.297
14512,320,229,16.129
14513,17,12,11.166
14514,320,225,16.185
14515,320,223,15.556
14516,320,233,15.148
14517,5,3,9.870
14518,320,234,14.204
14519,320,228,14.407
14520,320,220,14.111
14521,11,7,9.722
14522,320,226,13.907
14523,320,227,13.944
14524,320,215,13.796
14525,9,5,9.166
14526,320,225,13.963
14527,320,222,13.759
14528,320,224,13.815
14529,9,6,9.407
14530,320,221,14.222
14531,320,221,13.630
14532,320,218,14.333
14533,19,12,11.222
14534,320,209,14.370
14535,320,217,14.704
14536,320,228,14.445
14537,23,15,10.148
14538,320,229,14.260
14539,320,227,14.537
14540,320,205,15.056
14541,26,16,11.111
14542,320,232,14.889
14543,320,215,15.685
14544,320,243,14.926
14545,23,15,11.314
14546,320,230,15.240
14547,320,230,16.129
14548,320,236,16.223
14549,32,22,13.204
14550,320,235,16.852
14551,320,230,16.796
14552,320,252,16.685
14553,27,19,12.426
14554,320,257,16.463
14555,320,238,16.667
14556,320,250,19.055
14557,26,15,13.296
14558,320,258,16.741
14559,320,248,17.389
14560,320,256,17.056
14561,29,21,13.463
14562,320,251,17.018
14563,320,236,17.314
14564,320,258,17.611
14565,24,19,14.167
14566,320,234,17.778
14567,320,247,16.667
14568,320,251,16.555
14569,15,10,12.093
14570,320,250,16.297
14571,320,231,16.296
14572,320,245,16.667
14573,17,13,11.481
14574,320,229,15.834
14575,320,242,15.592
14576,320,235,14.944
14577,18,11,10.760
14578,320,248,14.722
14579,320,225,15.092
14580,320,241,14.833
14581,14,9,10.370
14582,320,239,14.814
14583,320,232,14.851
14584,320,235,14.685
14585,16,12,10.463
14586,320,215,14.704
14587,320,229,16.667
14588,320,235,14.722
14589,18,13,10.648
14590,320,223,14.648
14591,320,237,15.000
14592,320,238,14.574
14593,16,10,10.222
14594,320,230,14.667
14595,320,220,14.815
14596,320,229,15.278
14597,21,15,10.685
14598,320,234,14.981
14599,320,234,15.500
14600,320,216,15.111
14601,25,18,11.111
14602,320,229,27.889
14603,320,223,17.166
14604,320,228,15.981
14605,25,17,11.462
14606,320,219,15.740
14607,320,220,15.889
14608,320,238,15.703
14609,18,15,11.518
14610,320,244,15.315
14611,320,245,19.074
14612,320,253,15.463
14613,18,16,11.648
14614,320,241,16.240
14615,320,240,15.388
14616,320,252,15.407
14617,12,6,10.889
14618,320,228,15.111
14619,320,233,15.389
14620,320,224,15.241
14621,21,15,10.778
14622,320,242,14.944
14623,320,229,14.537
14624,320,227,14.648
14625,10,7,9.870
14626,320,229,14.593
14627,320,243,14.204
14628,320,237,14.351
14629,11,7,9.722
14630,320,230,14.315
14631,320,239,14.148
14632,320,236,14.055
14633,15,13,9.945
14634,320,219,14.296
14635,320,244,14.037
14636,320,222,14.019
14637,13,11,9.759
14638,320,222,14.111
14639,320,226,14.426
14640,320,200,14.611
14641,17,11,10.055
14642,320,243,14.166
14643,320,250,15.000
14644,320,249,14.482
14645,16,10,10.000
14646,320,237,14.518
14647,320,260,14.778
14648,320,249,14.870
14649,25,18,11.056
14650,320,231,15.037
14651,320,247,15.537
14652,320,264,15.241
14653,29,23,11.166
14654,320,249,15.241
14655,320,252,15.611
14656,320,253,15.797
14657,24,19,11.592
14658,320,246,15.352
14659,320,241,15.778
14660,320,251,15.277
14661,17,9,11.630
14662,320,225,16.130
14663,320,239,15.945
14664,320,251,18.018
14665,22,16,11.352
14666,320,244,15.352
14667,320,255,15.463
14668,320,236,15.333
14669,10,8,10.315
14670,320,243,14.648
14671,320,237,15.019
14672,320,246,15.000
14673,13,10,10.130
14674,320,227,14.704
14675,320,240,14.334
14676,320,237,14.148
14677,9,8,9.482
14678,320,238,13.574
14679,320,233,13.704
14680,320,229,13.944
14681,11,7,9.555
14682,320,232,13.611
14683,320,243,13.629
14684,320,254,13.481
14685,11,9,9.889
14686,320,235,13.593
14687,320,239,13.592
14688,320,230,13.574
14689,14,11,9.074
14690,320,241,13.611
14691,320,228,13.740
14692,320,242,13.889
14693,9,6,10.407
14694,320,238,13.444
14695,320,243,13.592
14696,320,239,13.556
14697,11,9,9.260
14698,320,244,13.667
14699,320,242,13.704
14700,320,229,13.741
14701,19,14,10.037
14702,320,236,14.000
14703,320,231,14.241
14704,320,242,14.277
14705,20,18,10.389
14706,320,248,14.408
14707,320,239,14.611
14708,320,253,14.352
14709,21,12,10.796
14710,320,243,14.741
14711,320,256,14.630
14712,320,243,15.000
14713,18,16,10.889
14714,320,256,14.981
14715,320,253,14.852
14716,320,237,16.555
14717,16,11,10.611
14718,320,252,14.796
14719,320,246,15.092
14720,320,254,15.019
14721,19,12,11.037
14722,320,230,15.148
14723,320,228,15.092
14724,320,241,15.185
14725,19,16,10.555
14726,320,240,15.259
14727,320,238,15.222
14728,320,249,15.018
14729,24,16,10.962
14730,320,243,15.129
14731,320,232,15.167
14732,320,228,15.389
14733,39,22,11.796
14734,320,239,15.814
14735,320,246,16.240
14736,320,245,15.537
14737,26,19,12.019
14738,320,239,15.815
14739,320,247,16.037
14740,320,252,15.611
14741,27,17,12.185
14742,320,258,16.037
14743,320,247,16.482
14744,320,231,16.111
14745,26,16,11.871
14746,320,259,16.629
14747,320,245,16.241
14748,320,245,15.944
14749,32,25,12.593
14750,320,265,16.741
14751,320,262,16.203
14752,320,257,16.092
14753,29,19,12.074
14754,320,242,16.482
14755,320,240,16.334
14756,320,267,16.519
14757,30,26,12.740
14758,320,267,15.907
14759,320,263,16.186
14760,320,234,16.704
14761,27,24,12.389
14762,320,262,16.074
14763,320,247,15.944
14764,320,255,18.056
14765,27,18,12.797
14766,320,252,16.833
14767,320,245,16.592
14768,320,269,15.852
14769,22,17,12.019
14770,320,261,16.148
14771,320,252,15.852
14772,320,265,15.870
14773,22,16,12.092
14774,320,248,15.778
14775,320,251,15.722
14776,320,247,15.963
14777,27,18,12.371
14778,320,249,16.000
14779,320,235,16.093
14780,320,246,16.334
14781,21,19,12.797
14782,320,246,15.648
14783,320,211,16.185
14784,320,250,16.148
14785,31,18,11.926
14786,320,232,16.093
14787,320,237,16.018
14788,320,229,16.129
14789,23,16,11.889
14790,320,208,16.130
14791,320,223,16.555
14792,320,232,16.371
14793,37,29,12.889
14794,320,224,16.723
14795,320,197,16.704
14796,320,245,16.963
14797,28,20,12.463
14798,320,238,17.037
14799,320,256,16.222
14800,320,221,16.870
14801,29,19,12.648
14802,320,216,17.130
14803,320,237,16.574
14804,320,229,17.371
14805,27,21,12.389
14806,320,251,16.797
14807,320,237,16.908
14808,320,246,16.370
14809,40,21,12.463
14810,320,224,16.463
14811,320,220,16.463
14812,320,258,15.963
14813,30,28,12.278
14814,320,216,16.463
14815,320,208,16.759
14816,320,242,16.389
14817,40,32,12.648
14818,320,224,16.685
14819,320,229,16.852
14820,320,242,16.351
14821,27,25,12.204
14822,320,265,23.556
14823,320,231,15.963
14824,320,242,16.352
14825,26,17,11.963
14826,320,253,16.204
14827,320,240,19.222
14828,320,246,15.889
14829,16,12,11.222
14830,320,234,15.722
14831,320,224,15.982
14832,320,263,15.444
14833,25,21,11.148
14834,320,229,15.611
14835,320,244,15.685
14836,320,233,15.463
14837,30,23,11.444
14838,320,239,15.278
14839,320,255,15.037
14840,320,214,15.796
14841,32,21,13.297
14842,320,224,16.111
14843,320,214,15.963
14844,320,203,16.481
14845,31,15,11.833
14846,320,225,16.426
14847,320,226,16.148
14848,320,232,16.074
14849,20,19,11.944
14850,320,232,16.815
14851,320,230,16.093
14852,320,225,16.296
14853,24,16,12.203
14854,320,227,16.018
14855,320,227,16.445
14856,320,225,16.259
14857,22,16,12.037
14858,320,215,16.537
14859,320,216,16.240
14860,320,218,16.815
14861,24,16,11.722
14862,320,225,15.982
14863,320,219,16.074
14864,320,233,15.592
14865,16,11,13.092
14866,320,236,15.130
14867,320,233,15.407
14868,320,238,15.408
14869,17,10,10.630
14870,320,236,15.222
14871,320,214,15.833
14872,320,247,16.370
14873,16,13,11.092
14874,320,243,16.074
14875,320,218,16.259
14876,320,234,15.667
14877,16,16,10.889
14878,320,233,14.926
14879,320,268,14.889
14880,320,235,14.982
14881,15,10,10.333
14882,320,254,14.241
14883,320,255,14.889
14884,320,239,14.704
14885,10,4,9.555
14886,320,239,14.463
14887,320,234,15.111
14888,320,250,61.537
14889,13,10,11.703
14890,320,224,15.796
14891,320,236,14.648
14892,320,224,14.796
14893,18,11,10.204
14894,320,221,14.926
14895,320,237,20.574
14896,320,201,16.037
14897,21,16,11.871
14898,320,240,15.611
14899,320,202,15.241
14900,320,234,18.074
14901,17,13,10.777
14902,320,188,16.593
14903,320,208,16.018
14904,320,235,16.277
14905,29,21,11.148
14906,320,212,15.778
14907,320,195,16.870
14908,320,201,16.722
14909,26,19,12.741
14910,320,207,15.999
14911,320,226,15.833
14912,320,208,16.482
14913,22,16,12.259
14914,320,183,16.778
14915,320,186,17.241
14916,320,248,17.018
14917,29,23,11.870
14918,320,233,16.444
14919,320,189,16.611
14920,320,175,20.167
14921,40,29,13.204
14922,320,228,17.370
14923,320,230,17.111
14924,320,213,17.056
14925,17,15,12.130
14926,320,242,16.796
14927,320,225,16.223
14928,320,239,16.370
14929,25,17,12.037
14930,320,223,16.556
14931,320,240,16.333
14932,320,264,15.611
14933,14,9,11.444
14934,320,234,15.852
14935,320,245,15.703
14936,320,191,16.815
14937,28,23,11.185
14938,320,243,14.926
14939,320,230,15.148
14940,320,192,16.166
14941,24,16,11.648
14942,320,259,15.500
14943,320,235,15.204
14944,320,220,19.685
14945,19,16,11.000
14946,320,242,15.259
14947,320,224,15.833
14948,320,214,15.925
14949,15,11,10.963
14950,320,235,15.537
14951,320,230,15.074
14952,320,228,16.556
14953,16,11,10.370
14954,320,190,15.037
14955,320,223,16.296
14956,320,231,14.963
14957,26,18,11.000
14958,320,221,15.796
14959,320,184,16.093
14960,320,190,15.963
14961,33,19,11.797
14962,320,170,16.277
14963,320,189,15.889
14964,320,211,16.926
14965,47,36,12.648
14966,320,229,15.852
14967,320,232,16.148
14968,320,172,17.296
14969,28,18,12.093
14970,320,260,16.611
14971,320,226,16.148
14972,320,226,16.185
14973,8,4,11.630
14974,320,219,16.482
14975,320,219,16.037
14976,320,185,18.296
14977,24,15,11.352
14978,320,226,16.167
14979,320,230,15.222
14980,320,225,14.981
14981,11,11,10.333
14982,320,155,15.166
14983,320,245,15.259
14984,320,212,15.037
14985,22,16,10.537
14986,320,245,14.537
14987,320,219,14.611
14988,320,241,14.463
14989,5,4,9.833
14990,320,252,14.407
14991,320,232,15.185
14992,320,243,14.426
14993,6,5,10.425
14994,320,215,14.648
14995,320,225,15.371
14996,320,254,14.999
14997,12,10,9.037
14998,320,213,14.741
14999,320,198,16.482
15000,320,207,21.555
15001,19,18,10.481
15002,320,231,15.500
15003,320,233,19.500
15004,320,225,14.907
15005,16,3,10.611
15006,320,204,15.963
15007,320,227,15.019
15008,320,204,15.519
15009,25,18,11.426
15010,320,246,15.203
15011,320,217,15.500
15012,320,231,17.982
15013,20,12,11.167
15014,320,213,15.926
15015,320,239,15.814
15016,320,196,15.463
15017,21,11,11.222
15018,320,230,15.851
15019,320,240,16.111
15020,320,251,15.481
15021,10,6,10.407
15022,320,244,16.871
15023,320,211,14.963
15024,320,208,15.185
15025,21,10,10.685
15026,320,261,14.611
15027,320,250,39.481
15028,320,193,16.352
15029,18,7,10.574
15030,320,228,14.889
15031,320,196,22.962
15032,320,246,16.685
15033,18,12,11.037
15034,320,230,16.000
15035,320,228,16.185
15036,320,240,14.889
15037,8,4,10.370
15038,320,239,14.945
15039,320,239,14.463
15040,320,234,14.056
15041,5,5,9.722
15042,320,236,14.241
15043,320,266,13.519
15044,320,240,13.055
15045,4,3,8.296
15046,320,208,13.426
15047,320,218,13.704
15048,320,262,12.944
15049,8,7,10.370
15050,320,243,13.352
15051,320,266,15.649
15052,320,209,14.203
15053,13,8,9.907
15054,320,246,14.185
15055,320,233,13.500
15056,320,236,14.185
15057,4,2,9.481
15058,320,220,14.056
15059,320,235,13.760
15060,320,232,13.759
15061,4,3,8.666
15062,320,240,13.204
15063,320,257,12.796
15064,316,218,12.926
15065,320,210,13.092
15066,320,168,14.111
15067,320,259,13.908
15068,21,15,9.222
15069,320,254,13.074
15070,320,252,12.871
15071,318,240,12.871
15072,320,226,14.185
15073,320,248,13.703
15074,320,236,12.908
15075,4,1,9.130
15076,320,225,13.463
15077,320,260,12.759
15078,320,255,12.630
15079,2,2,7.962
15080,320,259,11.963
15081,320,268,12.222
15082,317,250,12.649
15083,320,240,12.260
15084,320,221,12.463
15085,320,236,12.685
15086,6,3,8.426
15087,320,242,12.796
15088,320,243,13.222
15089,320,235,12.408
15090,320,251,12.130
15091,320,220,12.870
15092,320,238,13.277
15093,9,4,9.074
15094,320,222,13.314
15095,320,258,13.889
15096,320,259,13.056
15097,2,1,8.889
15098,320,260,12.778
15099,320,226,13.186
15100,320,229,12.796
15101,8,5,8.834
15102,320,239,13.370
15103,320,252,13.074
15104,320,262,12.889
15105,1,1,8.759
15106,320,241,12.797
15107,320,245,12.648
15108,320,256,13.019
15109,2,2,9.203
15110,320,269,12.259
15111,320,241,12.815
15112,320,260,12.240
15113,3,3,8.389
15114,320,262,12.426
15115,320,269,12.130
15116,320,262,12.241
15117,6,5,8.852
15118,320,285,12.500
15119,320,262,12.704
15120,317,242,12.648
15121,320,259,12.241
15122,320,244,12.296
15123,320,262,12.463
15124,2,1,7.870
15125,320,274,11.945
15126,320,266,12.852
15127,317,269,12.019
15128,320,239,12.759
15129,320,237,12.667
15130,320,240,12.296
15131,1,1,8.055
15132,320,279,11.889
15133,320,230,12.111
15134,316,266,11.889
15135,320,246,12.203
15136,320,237,12.148
15137,320,258,11.944
15138,4,2,7.926
15139,320,246,12.037
15140,320,252,11.833
15141,320,258,12.203
15142,1,1,7.926
15143,320,258,12.871
15144,320,249,12.463
15145,320,225,12.815
15146,5,5,10.000
15147,320,260,12.296
15148,320,246,12.426
15149,320,251,12.593
15150,3,3,8.314
15151,320,259,12.223
15152,320,268,12.463
15153,319,257,12.018
15154,320,268,11.982
15155,320,274,12.351
15156,320,232,12.166
15157,1,1,7.870
15158,320,280,11.666
15159,320,266,12.222
15160,320,256,12.204
15161,3,2,8.259
15162,320,273,12.259
15163,320,259,12.629
15164,315,242,12.686
15165,320,257,12.315
15166,320,267,12.130
15167,320,247,12.500
15168,320,249,12.315
15169,320,250,12.111
15170,320,273,12.166
15171,2,2,7.722
15172,320,236,12.907
15173,320,255,12.037
15174,320,253,12.278
15175,1,1,7.815
15176,320,262,11.685
15177,320,263,11.981
15178,318,229,12.185
15179,320,264,11.944
15180,320,251,12.074
15181,311,252,13.019
15182,320,266,11.889
15183,320,228,11.797
15184,314,247,11.407
15185,320,259,11.834
15186,320,251,11.371
15187,304,234,11.333
15188,320,258,11.667
15189,320,232,11.333
15190,302,225,10.889
15191,320,265,11.944
15192,320,268,10.777
15193,308,234,10.908
15194,320,255,10.722
15195,320,259,10.815
15196,306,206,11.445
15197,320,245,11.111
15198,320,244,10.963
15199,303,249,10.426
15200,320,216,11.167
15201,320,252,11.223
15202,308,245,10.722
15203,320,240,11.500
15204,320,259,10.611
15205,307,237,10.852
15206,320,246,10.945
15207,320,262,10.944
15208,299,249,10.759
15209,320,258,10.611
15210,320,243,10.667
15211,294,238,10.000
15212,320,264,10.426
15213,320,252,10.222
15214,294,223,10.204
15215,320,235,10.314
15216,320,240,10.722
15217,300,215,10.426
15218,320,258,10.611
15219,320,258,10.482
15220,283,191,10.463
15221,320,243,10.389
15222,320,233,10.297
15223,272,189,9.611
15224,320,220,10.315
15225,320,238,9.426
15226,253,180,8.407
15227,320,228,9.389
15228,320,251,8.666
15229,259,205,7.741
15230,320,244,8.629
15231,320,225,9.185
15232,265,185,8.185
15233,320,242,9.111
15234,320,214,9.870
15235,275,194,9.037
15236,320,220,9.556
15237,320,233,9.556
15238,278,198,9.000
15239,320,210,9.630
15240,320,230,9.982
15241,270,185,9.018
15242,320,241,9.186
15243,320,247,9.204
15244,265,198,8.352
15245,320,236,9.203
15246,320,232,9.148
15247,256,175,8.519
15248,320,221,9.019
15249,320,222,9.463
15250,250,153,8.167
15251,320,223,9.037
15252,320,219,8.926
15253,243,160,7.740
15254,320,222,8.667
15255,320,236,8.481
15256,260,181,8.574
15257,320,226,8.815
15258,320,236,8.981
15259,252,187,7.796
15260,320,242,8.982
15261,320,252,8.648
15262,268,179,8.648
15263,320,239,9.185
15264,320,231,9.222
15265,260,184,8.444
15266,320,223,9.223
15267,320,242,8.814
15268,249,188,7.741
15269,320,230,9.167
15270,320,225,8.852
15271,255,172,35.130
15272,320,234,10.334
15273,320,248,8.833
15274,229,157,7.185
15275,320,197,9.000
15276,320,195,9.222
15277,231,149,7.352
15278,320,228,8.704
15279,320,217,8.685
15280,243,183,7.408
15281,320,236,9.370
15282,320,232,8.611
15283,244,188,7.592
15284,320,247,9.407
15285,320,251,8.815
15286,250,183,7.963
15287,320,234,9.000
15288,320,222,8.963
15289,249,184,7.797
15290,320,218,9.148
15291,320,219,9.166
15292,255,189,7.962
15293,320,227,9.074
15294,320,225,8.982
15295,234,140,8.241
15296,320,236,8.611
15297,320,216,9.167
15298,215,150,6.741
15299,320,214,8.334
15300,320,221,8.259
15301,222,160,6.908
15302,320,229,8.314
15303,320,240,8.185
15304,242,153,7.351
15305,320,222,8.499
15306,320,222,8.889
15307,248,189,7.630
15308,320,240,8.833
15309,320,238,8.685
15310,237,176,7.370
15311,320,223,8.574
15312,320,238,8.407
15313,239,189,7.148
15314,320,236,8.445
15315,320,228,8.500
15316,219,155,6.834
15317,320,221,8.463
15318,320,176,9.389
15319,221,136,7.111
15320,320,217,8.185
15321,320,240,7.926
15322,215,144,6.537
15323,320,227,7.963
15324,320,231,8.055
15325,223,160,6.796
15326,320,222,8.740
15327,320,221,8.482
15328,246,181,7.778
15329,320,217,8.815
15330,320,228,8.648
15331,229,161,7.389
15332,320,236,8.426
15333,320,241,8.018
15334,232,151,7.074
15335,320,209,8.463
15336,320,225,8.260
15337,203,125,6.444
15338,320,212,8.425
15339,320,205,7.926
15340,198,126,6.111
15341,320,216,8.018
15342,320,216,8.111
15343,215,156,6.482
15344,320,221,8.092
15345,320,228,7.963
15346,221,169,6.667
15347,320,245,7.852
15348,320,235,8.315
15349,221,160,6.796
15350,320,218,8.203
15351,320,219,8.222
15352,229,169,6.907
15353,320,234,8.314
15354,320,216,8.796
15355,220,158,6.667
15356,320,213,8.259
15357,320,196,8.333
15358,190,125,5.981
15359,320,209,8.074
15360,320,234,7.649
15361,188,127,5.759
15362,320,219,7.760
15363,320,223,7.945
15364,223,168,6.500
15365,320,240,8.019
15366,320,249,7.815
15367,227,171,6.648
15368,320,216,8.370
15369,320,219,8.370
15370,215,157,6.500
15371,320,251,7.870
15372,320,226,7.944
15373,216,135,6.629
15374,320,223,7.982
15375,320,214,8.000
15376,185,117,5.797
15377,320,216,7.778
15378,320,224,7.833
15379,186,133,5.889
15380,320,224,7.666
15381,320,237,7.796
15382,205,146,6.167
15383,320,234,8.167
15384,320,235,8.111
15385,225,162,6.629
15386,320,223,8.111
15387,320,227,8.148
15388,218,152,6.481
15389,320,235,7.852
15390,320,239,8.241
15391,214,160,6.314
15392,320,214,8.296
15393,320,215,8.185
15394,171,113,5.555
15395,320,210,7.833
15396,320,203,7.926
15397,182,129,5.537
15398,320,233,7.611
15399,320,233,7.629
15400,204,153,6.055
15401,320,249,7.778
15402,320,239,8.871
15403,222,157,6.537
15404,320,238,8.740
15405,320,233,8.018
15406,211,156,6.222
15407,320,245,7.760
15408,320,216,7.944
15409,202,145,6.241
15410,320,228,7.833
15411,320,204,7.982
15412,171,128,6.056
15413,320,210,7.777
15414,320,208,8.148
15415,195,136,5.944
15416,320,233,7.871
15417,320,226,7.852
15418,210,155,6.352
15419,320,240,7.722
15420,320,241,8.000
15421,220,160,6.722
15422,320,238,7.963
15423,320,244,7.833
15424,213,147,6.259
15425,320,246,7.723
15426,320,231,8.074
15427,199,129,6.648
15428,320,217,8.333
15429,320,215,7.926
15430,176,103,5.778
15431,320,217,8.333
15432,320,221,7.629
15433,193,133,5.834
15434,320,220,8.093
15435,320,232,7.889
15436,215,150,6.462
15437,320,245,11.148
15438,320,231,8.351
15439,220,165,6.463
15440,320,252,7.945
15441,320,243,7.648
15442,211,164,6.037
15443,320,241,7.981
15444,320,226,8.111
15445,186,120,6.130
15446,320,216,7.741
15447,320,224,7.537
15448,162,116,5.167
15449,320,226,7.666
15450,320,248,7.277
15451,187,136,5.574
15452,320,239,7.963
15453,320,253,7.519
15454,215,174,6.093
15455,320,237,8.092
15456,320,252,7.704
15457,198,143,5.944
15458,320,263,7.389
15459,320,258,7.278
15460,202,149,6.130
15461,320,224,7.611
15462,320,219,7.908
15463,169,106,5.537
15464,320,216,7.741
15465,320,217,7.666
15466,168,126,5.111
15467,320,235,7.296
15468,320,238,7.426
15469,193,144,5.871
15470,320,235,7.851
15471,320,239,7.777
15472,201,155,6.481
15473,320,260,7.722
15474,320,240,7.426
15475,201,166,5.703
15476,320,240,7.667
15477,320,221,8.648
15478,168,124,5.185
15479,320,231,7.389
15480,320,205,7.518
15481,151,89,5.240
15482,320,218,7.740
15483,320,228,7.500
15484,187,133,5.685
15485,320,255,7.482
15486,320,257,7.333
15487,202,166,5.685
15488,320,242,7.796
15489,320,246,7.519
15490,193,147,5.889
15491,320,262,7.278
15492,320,219,8.074
15493,187,135,5.926
15494,320,202,7.907
15495,320,218,7.833
15496,151,105,4.981
15497,320,248,7.111
15498,320,245,6.926
15499,164,119,5.166
15500,320,239,7.315
15501,320,245,7.260
15502,192,149,5.574
15503,320,253,7.408
15504,320,241,7.629
15505,193,152,5.815
15506,320,254,7.389
15507,320,257,7.277
15508,192,132,6.019
15509,320,225,10.463
15510,320,221,9.907
15511,147,91,5.278
15512,320,217,7.871
15513,320,239,7.296
15514,158,117,5.629
15515,320,253,7.093
15516,320,250,7.167
15517,184,140,5.926
15518,320,253,7.370
15519,320,227,8.092
15520,199,155,6.185
15521,320,253,7.463
15522,320,253,7.852
15523,193,141,6.019
15524,320,242,7.870
15525,320,247,8.222
15526,143,90,4.796
15527,320,224,7.315
15528,320,227,7.167
15529,152,112,4.833
15530,320,227,7.315
15531,320,252,7.482
15532,185,146,5.426
15533,320,260,7.389
15534,320,247,7.333
15535,190,148,5.667
15536,320,252,7.574
15537,320,239,7.500
15538,200,166,5.759
15539,320,235,7.945
15540,320,224,7.648
15541,148,101,4.889
15542,320,220,7.297
15543,320,242,7.223
15544,142,98,4.759
15545,320,236,7.240
15546,320,241,7.259
15547,185,139,5.445
15548,320,249,7.370
15549,320,240,7.574
15550,196,157,5.629
15551,320,242,7.444
15552,320,253,7.259
15553,192,159,5.611
15554,320,229,7.908
15555,320,239,7.537
15556,150,105,4.926
15557,320,215,7.389
15558,320,225,7.352
15559,151,96,4.926
15560,320,237,7.129
15561,320,245,7.222
15562,180,135,5.703
15563,320,232,7.537
15564,320,270,7.241
15565,198,155,6.056
15566,320,254,7.704
15567,320,264,7.277
15568,191,154,5.592
15569,320,238,7.667
15570,320,236,7.870
15571,152,116,5.056
15572,320,219,7.481
15573,320,232,7.296
15574,136,106,4.389
15575,320,236,7.018
15576,320,251,7.130
15577,172,129,5.315
15578,320,259,7.833
15579,320,261,7.222
15580,192,159,5.592
15581,320,254,7.426
15582,320,231,7.667
15583,194,168,5.574
15584,320,260,7.648
15585,320,249,8.111
15586,147,104,4.889
15587,320,221,7.408
15588,320,230,7.407
15589,134,100,4.519
15590,320,246,6.982
15591,320,242,7.333
15592,175,145,5.333
15593,320,260,7.352
15594,320,273,7.074
15595,188,138,5.741
15596,320,248,7.445
15597,320,273,7.260
15598,194,153,5.592
15599,320,249,7.611
15600,320,228,29.499
15601,151,106,4.981
15602,320,234,8.444
15603,320,237,7.518
15604,133,105,4.852
15605,320,241,7.334
15606,320,256,7.204
15607,172,123,5.352
15608,320,252,7.611
15609,320,274,7.148
15610,192,157,5.593
15611,320,266,7.259
15612,320,276,7.037
15613,182,160,5.315
15614,320,250,7.796
15615,320,237,7.796
15616,140,102,4.907
15617,320,247,7.241
15618,320,242,7.203
15619,131,106,4.315
15620,320,268,6.926
15621,320,266,6.889
15622,170,125,5.167
15623,320,280,7.834
15624,320,271,12.889
15625,180,147,7.574
15626,320,256,7.611
15627,320,280,7.092
15628,181,144,6.352
15629,320,259,7.240
15630,320,243,7.149
15631,122,93,4.426
15632,320,232,7.445
15633,320,231,7.315
15634,145,115,4.593
15635,320,251,7.370
15636,320,269,7.019
15637,174,136,5.833
15638,320,270,7.093
15639,320,270,7.278
15640,185,148,5.574
15641,320,263,7.166
15642,320,246,8.186
15643,179,138,5.667
15644,320,260,7.963
15645,320,257,7.352
15646,127,95,4.296
15647,320,246,7.241
15648,320,248,7.630
15649,149,118,5.185
15650,320,263,7.018
15651,320,266,7.093
15652,175,151,5.056
15653,320,282,7.055
15654,320,269,7.388
15655,182,149,5.315
15656,320,270,7.648
15657,320,253,12.926
15658,170,130,5.482
15659,320,253,7.333
15660,320,254,7.315
15661,124,89,4.389
15662,320,255,6.889
15663,320,269,7.019
15664,149,120,4.630
15665,320,278,15.537
15666,320,260,14.074
15667,188,161,6.037
15668,320,274,15.370
15669,320,264,17.222
15670,178,161,11.500
15671,320,273,17.481
15672,320,265,14.630
15673,146,118,13.296
15674,320,246,22.037
15675,320,255,20.241
15676,127,100,11.482
15677,320,259,15.907
15678,320,269,27.722
15679,158,133,17.426
15680,320,273,29.499
15681,320,275,27.537
15682,180,150,14.130
15683,320,276,23.537
15684,320,272,20.796
15685,185,155,19.222
15686,320,250,20.259
15687,320,257,12.204
15688,140,100,17.333
15689,320,226,22.611
15690,320,242,24.167
15691,143,109,19.037
15692,320,265,24.185
15693,320,270,30.852
15694,165,136,14.463
15695,320,271,20.518
15696,320,281,13.500
15697,183,151,19.611
15698,320,261,22.778
15699,320,265,21.037
15700,186,161,15.870
15701,320,267,32.888
15702,320,246,21.944
15703,139,109,16.778
15704,320,240,28.685
15705,320,252,15.649
15706,136,102,15.741
15707,320,265,25.982
15708,320,250,22.519
15709,175,156,13.148
15710,320,276,20.648
15711,320,263,20.574
15712,189,160,21.630
15713,320,267,23.944
15714,320,263,22.611
15715,176,137,18.500
15716,320,246,27.019
15717,320,219,26.999
15718,152,118,14.889
15719,320,246,20.555
15720,320,255,23.388
15721,140,110,13.630
15722,320,237,19.019
15723,320,258,10.704
15724,190,147,9.519
15725,320,269,13.592
15726,320,257,13.148
15727,196,159,9.796
15728,320,259,11.888
15729,320,272,13.908
15730,186,139,9.888
15731,320,260,10.648
15732,320,243,10.666
15733,151,112,8.945
15734,320,236,10.759
15735,320,236,11.407
15736,155,119,6.889
15737,320,252,10.222
15738,320,268,9.519
15739,177,147,7.240
15740,320,264,9.648
15741,320,263,8.963
15742,197,160,10.463
15743,320,252,11.389
15744,320,256,9.574
15745,195,170,7.314
15746,320,254,8.463
15747,320,243,7.519
15748,154,107,5.574
15749,320,252,8.944
15750,320,240,8.814
15751,155,126,6.074
15752,320,246,9.426
15753,320,247,12.518
15754,181,150,8.037
15755,320,275,8.796
15756,320,267,10.111
15757,193,166,7.667
15758,320,261,9.352
15759,320,258,9.703
15760,203,167,30.462
15761,320,250,33.074
15762,320,246,24.815
15763,166,133,16.981
15764,320,249,14.241
15765,320,264,74.259
15766,150,115,12.852
15767,320,245,15.703
15768,320,263,14.760
15769,173,137,18.759
15770,320,257,20.593
15771,320,269,24.666
15772,205,152,18.482
15773,320,268,26.444
15774,320,264,14.741
15775,199,175,8.833
15776,320,262,22.685
15777,320,248,23.092
15778,190,152,19.203
15779,320,243,27.574
15780,320,245,19.481
15781,169,133,16.277
15782,320,255,19.222
15783,320,247,23.667
15784,167,137,15.889
15785,320,261,13.018
15786,320,267,16.334
15787,203,169,13.612
15788,320,271,26.944
15789,320,281,24.240
15790,205,178,16.778
15791,320,278,24.222
15792,320,261,19.370
15793,204,169,18.592
15794,320,264,11.519
15795,320,245,42.685
15796,177,140,17.055
15797,320,249,14.630
15798,320,230,18.500
15799,168,124,19.834
15800,320,236,20.370
15801,320,262,24.334
15802,194,159,18.148
15803,320,261,20.222
15804,320,263,21.722
15805,210,173,20.555
15806,320,261,24.796
15807,320,260,21.759
15808,218,180,16.630
15809,320,262,25.055
15810,320,269,15.592
15811,201,154,20.019
15812,320,246,21.241
15813,320,246,14.981
15814,179,140,6.889
15815,320,239,10.667
15816,320,248,15.797
15817,176,132,14.926
15818,320,256,20.000
15819,320,256,19.315
15820,208,162,15.241
15821,320,261,19.093
15822,320,278,19.000
15823,216,183,23.093
15824,320,258,20.759
15825,320,263,18.204
15826,215,190,16.296
15827,320,265,24.704
15828,320,261,26.352
15829,205,162,19.129
15830,320,257,25.074
15831,320,254,16.926
15832,190,147,14.333
15833,320,249,17.130
15834,320,254,16.630
15835,187,151,12.574
15836,320,258,16.944
15837,320,254,15.278
15838,211,175,17.166
15839,320,258,19.204
15840,320,258,22.407
15841,229,185,18.556
15842,320,264,22.148
15843,320,268,21.889
15844,230,193,14.314
15845,320,256,13.797
15846,320,252,15.241
15847,212,182,17.981
15848,320,244,19.759
15849,320,251,17.666
15850,205,163,19.555
15851,320,239,17.963
15852,320,257,22.222
15853,205,161,15.537
15854,320,255,14.555
15855,320,264,17.166
15856,212,170,18.925
15857,320,265,20.982
15858,320,263,13.333
15859,224,179,13.481
15860,320,268,15.778
15861,320,266,13.351
15862,236,194,10.037
15863,320,274,10.092
15864,320,266,9.259
15865,235,202,8.389
15866,320,259,9.278
15867,320,260,9.499
15868,209,165,7.500
15869,320,260,12.537
15870,320,253,8.926
15871,208,163,7.389
15872,320,245,10.371
15873,320,254,8.222
15874,211,173,7.352
15875,320,256,8.648
15876,320,277,13.130
15877,227,188,6.981
15878,320,272,8.833
15879,320,266,7.982
15880,237,214,7.241
15881,320,260,8.982
15882,320,271,8.889
15883,230,202,7.574
15884,320,270,9.796
15885,320,265,8.796
15886,229,180,7.352
15887,320,249,8.167
15888,320,251,8.093
15889,213,165,6.888
15890,320,263,7.963
15891,320,260,8.055
15892,210,173,6.055
15893,320,252,7.518
15894,320,256,7.926
15895,222,169,6.797
15896,320,259,7.982
15897,320,261,7.685
15898,236,189,7.630
15899,320,266,8.370
15900,320,273,7.685
15901,235,195,6.815
15902,320,268,7.889
15903,320,261,8.649
15904,241,199,6.833
15905,320,252,8.166
15906,320,261,8.463
15907,231,186,7.018
15908,320,259,8.722
15909,320,271,8.166
15910,217,169,6.797
15911,320,235,8.685
15912,320,244,7.945
15913,213,169,6.334
15914,320,262,7.593
15915,320,270,7.537
15916,220,172,6.241
15917,320,257,7.778
15918,320,263,7.908
15919,234,195,7.352
15920,320,262,68.203
15921,320,275,8.537
15922,237,201,7.629
15923,320,265,8.519
15924,320,278,8.037
15925,240,196,7.426
15926,320,272,8.685
15927,320,255,8.278
15928,225,177,6.833
15929,320,240,9.888
15930,320,251,8.000
15931,211,167,6.796
15932,320,254,8.445
15933,320,257,7.778
15934,215,169,6.167
15935,320,266,7.574
15936,320,253,8.111
15937,216,168,6.314
15938,320,253,7.833
15939,320,262,8.111
15940,237,197,6.833
15941,320,279,8.018
15942,320,271,8.815
15943,239,194,7.111
15944,320,275,7.740
15945,320,265,8.482
15946,239,191,7.260
15947,320,267,8.129
15948,320,273,8.074
15949,220,177,6.593
15950,320,249,7.945
15951,320,250,8.111
15952,214,166,6.963
15953,320,239,8.092
15954,320,253,7.851
15955,211,163,6.574
15956,320,256,7.518
15957,320,256,8.148
15958,227,184,7.129
15959,320,272,7.723
15960,320,245,8.111
15961,233,193,7.056
15962,320,271,7.722
15963,320,251,8.130
15964,240,198,7.019
15965,320,258,8.259
15966,320,267,7.981
15967,239,194,7.129
15968,320,259,8.111
15969,320,253,8.093
15970,219,180,6.574
15971,320,250,8.055
15972,320,254,7.796
15973,217,163,6.444
15974,320,253,7.871
15975,320,230,8.093
15976,215,166,7.463
15977,320,258,7.740
15978,320,257,7.759
15979,229,182,6.759
15980,320,259,8.148
15981,320,255,8.037
15982,239,203,7.426
15983,320,254,8.871
15984,320,260,8.963
15985,240,205,6.908
15986,320,269,8.204
15987,320,249,9.148
15988,237,188,7.611
15989,320,271,8.018
15990,320,249,8.018
15991,212,173,7.185
15992,320,249,8.407
15993,320,245,8.500
15994,209,169,7.204
15995,320,255,11.463
15996,320,247,8.630
15997,222,176,7.426
15998,320,261,8.555
15999,320,272,7.796
16000,233,186,7.148
16001,320,269,8.185
16002,320,265,8.778
16003,237,207,7.260
16004,320,266,8.982
16005,320,267,8.463
16006,237,198,8.315
16007,320,262,8.204
16008,320,264,8.148
16009,238,197,8.037
16010,320,264,8.685
16011,320,255,8.592
16012,214,175,7.074
16013,320,245,7.870
16014,320,250,7.685
16015,215,166,6.463
16016,320,260,8.074
16017,320,252,7.778
16018,225,179,6.445
16019,320,249,9.000
16020,320,260,8.963
16021,235,207,6.667
16022,320,262,8.908
16023,320,257,8.055
16024,240,202,6.982
16025,320,272,8.148
16026,320,281,8.129
16027,244,200,7.445
16028,320,260,9.296
16029,320,264,8.204
16030,239,186,7.407
16031,320,247,8.537
16032,320,264,8.241
16033,216,173,25.425
16034,320,259,7.963
16035,320,250,8.204
16036,211,162,6.741
16037,320,249,7.870
16038,320,249,7.815
16039,228,187,6.926
16040,320,271,7.907
16041,320,265,7.944
16042,235,194,6.889
16043,320,275,8.611
16044,320,249,8.222
16045,239,203,6.797
16046,320,268,7.908
16047,320,279,7.778
16048,246,204,7.445
16049,320,261,8.445
16050,320,271,8.278
16051,237,194,7.056
16052,320,266,8.315
16053,320,258,7.907
16054,217,171,6.834
16055,320,259,7.851
16056,320,250,10.815
16057,218,178,9.277
16058,320,242,10.037
16059,320,241,8.963
16060,227,188,7.685
16061,320,268,8.519
16062,320,276,9.592
16063,238,200,6.740
16064,320,274,8.667
16065,320,268,8.111
16066,242,201,7.870
16067,320,277,8.259
16068,320,276,8.555
16069,243,210,7.259
16070,320,266,8.222
16071,320,275,9.148
16072,242,205,10.278
16073,320,250,11.612
16074,320,254,11.037
16075,221,181,10.296
16076,320,262,8.704
16077,320,276,9.389
16078,219,170,6.556
16079,320,254,7.982
16080,320,258,8.148
16081,227,183,7.222
16082,320,263,8.389
16083,320,264,8.333
16084,226,191,7.000
16085,320,268,7.777
16086,320,257,8.315
16087,238,220,6.759
16088,320,267,9.814
16089,320,254,8.185
16090,248,205,8.112
16091,320,270,8.908
16092,320,263,8.463
16093,238,205,7.297
16094,320,258,8.314
16095,320,256,8.000
16096,220,170,6.592
16097,320,248,8.592
16098,320,262,7.926
16099,220,177,6.315
16100,320,255,8.407
16101,320,263,8.037
16102,223,171,6.463
16103,320,262,8.203
16104,320,254,8.111
16105,233,195,7.778
16106,320,274,8.352
16107,320,261,8.759
16108,244,209,7.037
16109,320,261,8.074
16110,320,262,8.148
16111,247,198,7.130
16112,320,265,8.092
16113,320,271,7.981
16114,247,200,7.333
16115,320,269,8.111
16116,320,268,7.870
16117,224,183,6.667
16118,320,254,8.018
16119,320,249,7.852
16120,217,182,6.186
16121,320,259,7.630
16122,320,247,8.111
16123,222,190,6.222
16124,320,264,7.611
16125,320,271,7.796
16126,230,188,6.778
16127,320,278,7.630
16128,320,272,7.704
16129,241,205,6.666
16130,320,269,8.111
16131,320,276,8.056
16132,239,192,7.037
16133,320,271,7.833
16134,320,274,7.981
16135,247,208,6.945
16136,320,270,8.129
16137,320,282,7.944
16138,219,183,6.703
16139,320,262,7.777
16140,320,264,7.945
16141,216,174,6.148
16142,320,266,7.537
16143,320,258,7.759
16144,222,180,6.333
16145,320,261,8.259
16146,320,262,7.926
16147,232,183,6.685
16148,320,269,7.834
16149,320,266,7.759
16150,241,205,7.259
16151,320,274,8.000
16152,320,264,8.056
16153,237,195,7.167
16154,320,272,7.833
16155,320,271,7.945
16156,243,204,6.963
16157,320,262,8.037
16158,320,259,8.000
16159,220,182,6.463
16160,320,267,7.649
16161,320,256,7.741
16162,208,171,6.260
16163,320,256,7.741
16164,320,257,7.612
16165,219,177,6.167
16166,320,272,7.500
16167,320,275,7.482
16168,224,187,6.370
16169,320,271,7.592
16170,320,271,7.629
16171,234,187,6.870
16172,320,270,8.037
16173,320,256,8.130
16174,239,200,7.407
16175,320,275,7.944
16176,320,263,8.037
16177,235,186,6.907
16178,320,264,7.852
16179,320,258,7.741
16180,210,175,6.185
16181,320,270,7.481
16182,320,253,7.723
16183,211,171,6.148
16184,320,256,7.537
16185,320,263,7.463
16186,220,178,6.407
16187,320,264,7.630
16188,320,262,7.518
16189,226,191,6.352
16190,320,264,7.704
16191,320,274,7.797
16192,235,202,6.703
16193,320,268,7.870
16194,320,270,7.685
16195,238,196,6.685
16196,320,264,7.981
16197,320,257,8.111
16198,223,186,6.722
16199,320,271,7.704
16200,320,254,7.722
16201,210,171,5.907
16202,320,265,7.574
16203,320,254,7.593
16204,209,159,6.055
16205,320,254,7.592
16206,320,263,7.537
16207,220,177,6.203
16208,320,272,7.592
16209,320,275,7.445
16210,228,182,6.574
16211,320,275,7.648
16212,320,261,7.889
16213,230,187,6.611
16214,320,261,7.759
16215,320,273,7.667
16216,244,206,7.019
16217,320,267,8.074
16218,320,261,7.982
16219,223,183,6.555
16220,320,265,7.759
16221,320,252,7.944
16222,206,169,6.037
16223,320,258,7.575
16224,320,250,7.555
16225,218,184,6.075
16226,320,269,7.593
16227,320,269,7.445
16228,221,177,6.370
16229,320,273,7.630
16230,320,278,7.611
16231,231,193,7.056
16232,320,269,8.000
16233,320,266,7.741
16234,236,206,6.777
16235,320,278,8.500
16236,320,267,7.945
16237,236,189,6.852
16238,320,272,7.722
16239,320,256,8.000
16240,219,187,6.370
16241,320,251,7.851
16242,320,263,7.629
16243,209,162,6.055
16244,320,265,7.630
16245,320,268,7.518
16246,212,175,5.981
16247,320,270,7.500
16248,320,266,7.556
16249,227,188,6.518
16250,320,263,7.759
16251,320,271,7.704
16252,241,204,6.796
16253,320,273,7.889
16254,320,268,7.852
16255,237,197,6.759
16256,320,275,8.149
16257,320,279,7.908
16258,233,193,6.778
16259,320,257,8.093
16260,320,265,7.704
16261,220,179,6.278
16262,320,260,7.630
16263,320,266,7.685
16264,216,170,6.241
16265,320,261,7.797
16266,320,276,7.556
16267,222,190,6.222
16268,320,268,7.648
16269,320,251,8.111
16270,232,200,6.389
16271,320,266,7.888
16272,320,276,7.852
16273,238,207,6.814
16274,320,268,7.852
16275,320,274,7.870
16276,245,212,6.889
16277,320,281,7.851
16278,320,267,8.130
16279,238,202,7.037
16280,320,266,7.982
16281,320,263,8.166
16282,221,178,6.778
16283,320,280,8.926
16284,320,263,10.611
16285,221,187,7.907
16286,320,265,8.093
16287,320,267,7.500
16288,223,196,6.241
16289,320,275,7.611
16290,320,272,7.778
16291,233,204,6.500
16292,320,282,7.648
16293,320,279,7.926
16294,245,200,6.981
16295,320,277,8.148
16296,320,272,8.055
16297,248,218,7.575
16298,320,280,8.074
16299,320,271,8.037
16300,239,202,7.074
16301,320,261,8.278
16302,320,270,7.796
16303,227,198,6.556
16304,320,267,7.685
16305,320,265,7.889
16306,224,184,6.538
16307,320,259,7.722
16308,320,262,7.629
16309,223,183,6.389
16310,320,285,7.500
16311,320,274,7.482
16312,235,190,6.741
16313,320,273,7.982
16314,320,271,8.037
16315,246,206,7.537
16316,320,268,8.889
16317,320,277,8.537
16318,250,221,8.167
16319,320,270,8.592
16320,320,280,8.519
16321,245,211,7.703
16322,320,270,8.703
16323,320,262,8.981
16324,232,187,6.833
16325,320,249,8.185
16326,320,272,8.111
16327,227,190,6.574
16328,320,287,7.926
16329,320,267,7.815
16330,224,190,6.666
16331,320,267,7.815
16332,320,271,8.092
16333,232,198,6.648
16334,320,258,8.167
16335,320,268,7.796
16336,248,214,6.907
16337,320,277,8.129
16338,320,267,8.259
16339,252,219,7.222
16340,320,279,8.241
16341,320,285,8.296
16342,249,212,7.297
16343,320,274,8.074
16344,320,271,8.278
16345,237,193,7.037
16346,320,284,8.000
16347,320,256,8.055
16348,222,183,6.445
16349,320,276,7.666
16350,320,269,7.648
16351,225,179,6.463
16352,320,267,7.889
16353,320,267,7.685
16354,232,194,7.278
16355,320,276,7.796
16356,320,255,8.537
16357,241,194,7.260
16358,320,278,7.926
16359,320,281,8.037
16360,246,217,7.037
16361,320,273,8.241
16362,320,269,8.129
16363,246,203,7.167
16364,320,277,8.074
16365,320,274,7.981
16366,237,206,6.778
16367,320,255,8.334
16368,320,275,7.723
16369,225,194,6.593
16370,320,259,7.796
16371,320,269,7.778
16372,223,184,6.389
16373,320,273,7.759
16374,320,263,7.574
16375,228,196,6.389
16376,320,272,7.648
16377,320,271,7.777
16378,236,193,6.796
16379,320,270,7.833
16380,320,271,7.925
16381,246,215,7.241
16382,320,271,8.352
16383,320,273,8.592
16384,250,208,9.315
16385,320,276,24.314
16386,320,275,10.685
16387,246,199,8.463
16388,320,277,10.870
16389,320,273,9.722
16390,222,188,7.889
16391,320,271,9.185
16392,320,271,9.074
16393,227,190,8.351
16394,320,272,9.092
16395,320,261,8.870
16396,224,185,8.037
16397,320,281,10.574
16398,320,268,9.277
16399,233,192,8.444
16400,320,262,9.851
16401,320,270,8.426
16402,244,207,8.870
16403,320,282,9.000
16404,320,271,8.722
16405,250,214,10.814
16406,320,278,9.389
16407,320,264,9.278
16408,251,215,8.426
16409,320,258,9.537
16410,320,270,9.240
16411,232,187,8.130
16412,320,270,10.648
16413,320,272,9.352
16414,231,196,7.111
16415,320,277,8.778
16416,320,275,7.907
16417,226,192,7.389
16418,320,273,8.425
16419,320,261,9.518
16420,234,205,8.000
16421,320,269,9.129
16422,320,277,10.223
16423,241,202,7.537
16424,320,281,9.649
16425,320,275,9.851
16426,248,206,8.185
16427,320,278,11.056
16428,320,286,8.222
16429,258,227,8.685
16430,320,287,8.481
16431,320,272,8.204
16432,239,209,8.148
16433,320,279,9.130
16434,320,274,8.760
16435,221,177,7.056
16436,320,265,8.611
16437,320,268,8.759
16438,228,199,6.630
16439,320,286,7.518
16440,320,272,8.148
16441,228,190,6.482
16442,320,253,9.296
16443,320,279,80.111
16444,242,198,8.167
16445,320,272,12.666
16446,320,282,9.037
16447,249,223,8.371
16448,320,270,9.000
16449,320,278,11.388
16450,253,224,8.315
16451,320,281,9.500
16452,320,273,9.889
16453,262,220,9.426
16454,320,266,39.833
16455,320,282,10.259
16456,240,207,7.945
16457,320,267,9.685
16458,320,274,9.388
16459,240,199,9.185
16460,320,255,9.944
16461,320,269,8.611
16462,227,194,7.018
16463,320,277,8.019
16464,320,277,7.926
16465,240,206,7.333
16466,320,269,8.833
16467,320,280,8.444
16468,247,210,7.741
16469,320,268,8.389
16470,320,281,8.778
16471,255,219,8.759
16472,320,282,9.426
16473,320,292,9.148
16474,262,215,10.093
16475,320,275,9.740
16476,320,283,8.833
16477,249,208,8.685
16478,320,275,10.018
16479,320,268,8.296
16480,237,196,6.815
16481,320,269,8.833
16482,320,271,8.259
16483,236,197,7.852
16484,320,262,8.055
16485,320,278,12.518
16486,236,192,7.315
16487,320,272,8.129
16488,320,252,8.500
16489,242,205,7.833
16490,320,258,10.019
16491,320,264,8.667
16492,246,208,7.797
16493,320,271,7.944
16494,320,273,8.685
16495,263,226,7.703
16496,320,259,9.241
16497,320,271,9.352
16498,262,215,8.537
16499,320,282,9.111
16500,320,255,9.555
16501,246,202,7.722
16502,320,256,8.852
16503,320,252,9.203
16504,236,190,7.130
16505,320,249,8.186
16506,320,266,7.852
16507,236,174,7.334
16508,320,263,8.445
16509,320,251,8.166
16510,240,196,7.000
16511,320,263,8.519
16512,320,259,8.130
16513,233,199,6.944
16514,320,260,8.000
16515,320,269,7.926
16516,249,203,7.148
16517,320,267,8.278
16518,320,265,8.203
16519,247,204,7.389
16520,320,273,8.074
16521,320,267,8.315
16522,238,186,7.019
16523,320,245,8.260
16524,320,264,7.852
16525,229,190,6.648
16526,320,268,7.722
16527,320,269,7.722
16528,225,189,6.445
16529,320,253,8.130
16530,320,255,7.797
16531,216,182,6.129
16532,320,265,7.741
16533,320,273,7.463
16534,234,188,6.537
16535,320,264,8.185
16536,320,267,7.740
16537,226,186,6.649
16538,320,254,7.870
16539,320,269,7.852
16540,238,198,6.814
16541,320,258,8.055
16542,320,268,7.852
16543,217,176,6.389
16544,320,258,7.741
16545,320,253,7.667
16546,222,172,6.630
16547,320,255,7.963
16548,320,248,7.760
16549,210,177,6.259
16550,320,259,7.630
16551,320,265,7.482
16552,204,157,6.482
16553,320,238,7.537
16554,320,252,7.500
16555,205,168,5.815
16556,320,256,7.537
16557,320,258,7.667
16558,224,177,6.407
16559,320,259,7.981
16560,320,254,7.852
16561,206,163,6.148
16562,320,257,7.555
16563,320,259,7.389
16564,202,160,6.333
16565,320,255,7.389
16566,320,257,7.315
16567,204,164,6.333
16568,320,257,7.556
16569,320,247,7.611
16570,207,159,6.389
16571,320,251,7.574
16572,320,260,7.352
16573,188,151,5.463
16574,320,262,7.315
16575,320,256,7.278
16576,203,162,5.833
16577,320,255,7.426
16578,320,245,7.463
16579,201,155,5.907
16580,320,258,7.463
16581,320,248,7.833
16582,199,157,6.166
16583,320,250,8.056
16584,320,256,7.537
16585,206,159,5.982
16586,320,255,7.389
16587,320,263,7.426
16588,201,155,6.260
16589,320,256,7.445
16590,320,263,7.259
16591,194,156,5.611
16592,320,258,7.259
16593,320,270,7.444
16594,208,168,5.963
16595,320,261,7.482
16596,320,266,7.907
16597,222,169,6.444
16598,320,247,7.945
16599,320,263,7.574
16600,205,174,5.796
16601,320,251,8.370
16602,320,260,7.963
16603,198,168,5.723
16604,320,265,7.389
16605,320,259,7.481
16606,193,149,6.389
16607,320,268,7.445
16608,320,245,7.611
16609,208,177,5.870
16610,320,282,8.314
16611,320,275,8.185
16612,216,186,6.555
16613,320,271,8.222
16614,320,252,7.963
16615,192,151,5.741
16616,320,249,7.703
16617,320,249,7.944
16618,184,151,5.778
16619,320,250,7.445
16620,320,262,7.889
16621,204,165,5.981
16622,320,267,7.926
16623,320,249,8.092
16624,193,161,6.055
16625,320,265,7.797
16626,320,277,7.667
16627,210,177,6.019
16628,320,280,7.500
16629,320,270,7.852
16630,205,159,6.240
16631,320,252,8.185
16632,320,240,9.074
16633,160,122,5.204
16634,320,267,7.296
16635,320,255,7.500
16636,188,152,5.981
16637,320,244,8.556
16638,320,241,11.796
16639,176,137,5.482
16640,320,251,7.722
16641,320,265,7.518
16642,199,162,6.093
16643,320,270,9.111
16644,320,277,8.555
16645,193,157,5.889
16646,320,233,8.333
16647,320,241,7.667
16648,144,102,4.833
16649,320,256,7.537
16650,320,263,7.908
16651,182,150,5.556
16652,320,259,7.704
16653,320,251,8.000
16654,170,128,5.407
16655,320,238,7.722
16656,320,251,7.055
16657,174,132,5.444
16658,320,228,7.852
16659,320,229,7.667
16660,134,88,5.926
16661,320,230,7.296
16662,320,273,6.629
16663,159,125,5.167
16664,320,253,7.351
16665,320,252,7.259
16666,154,126,6.314
16667,320,244,8.389
16668,320,255,8.111
16669,156,126,5.019
16670,320,192,8.888
16671,320,202,8.223
16672,102,65,3.852
16673,320,240,33.500
16674,320,236,10.963
16675,162,120,5.408
16676,320,273,6.908
16677,320,261,7.259
16678,173,136,5.241
16679,320,232,7.407
16680,320,234,7.907
16681,121,96,4.481
16682,320,219,7.296
16683,320,191,7.592
16684,75,51,3.352
16685,320,236,6.778
16686,320,245,7.222
16687,175,141,5.760
16688,320,263,7.611
16689,320,273,7.000
16690,170,141,5.074
16691,320,271,7.000
16692,320,251,7.426
16693,131,96,4.685
16694,320,234,7.111
16695,320,158,8.148
16696,47,29,2.962
16697,320,228,6.537
16698,320,271,6.556
16699,144,118,4.500
16700,320,258,7.223
16701,320,263,7.093
16702,158,130,4.833
16703,320,269,6.852
16704,320,266,7.241
16705,120,87,4.370
16706,320,205,7.444
16707,318,178,7.852
16708,320,258,6.203
16709,320,277,6.445
16710,123,101,4.278
16711,320,266,6.926
16712,320,273,6.704
16713,151,127,4.611
16714,320,275,6.889
16715,320,229,7.444
16716,112,84,4.130
16717,320,206,6.981
16718,320,212,6.870
16719,23,18,2.519
16720,320,256,6.500
16721,320,256,6.796
16722,133,107,4.463
16723,320,272,6.703
16724,320,277,6.611
16725,162,141,4.704
16726,320,264,7.000
16727,320,262,6.908
16728,122,92,4.185
16729,320,273,6.481
16730,320,219,7.315
16731,74,54,3.222
16732,320,245,6.388
16733,320,240,6.648
16734,87,56,3.852
16735,320,272,6.611
16736,320,270,6.518
16737,152,125,4.649
16738,320,257,6.944
16739,320,262,6.907
16740,156,122,4.907
16741,320,256,7.389
16742,320,255,7.370
16743,162,129,5.889
16744,320,247,16.481
16745,320,252,17.037
16746,108,85,10.722
16747,320,238,14.241
16748,320,229,14.074
16749,89,62,9.648
16750,320,271,15.556
16751,320,251,17.759
16752,183,159,22.574
16753,320,279,19.907
16754,320,265,20.574
16755,173,152,11.426
16756,320,268,15.111
16757,320,278,14.871
16758,176,151,10.944
16759,320,261,10.297
16760,320,274,15.741
16761,152,127,12.444
16762,320,256,14.537
16763,320,252,14.759
16764,135,112,11.666
16765,320,253,15.686
16766,320,264,16.333
16767,186,159,9.703
16768,320,257,16.963
16769,320,272,11.203
16770,186,157,11.981
16771,320,275,14.148
16772,320,279,18.556
16773,182,153,13.685
16774,320,277,11.574
16775,320,265,13.722
16776,198,171,12.371
16777,320,272,11.759
16778,320,269,20.611
16779,171,135,16.130
16780,320,256,10.352
16781,320,263,16.167
16782,161,138,12.537
16783,320,268,12.963
16784,320,263,15.037
16785,172,147,12.926
16786,320,276,14.092
16787,320,273,15.482
16788,180,150,14.204
16789,320,274,14.815
16790,320,288,13.852
16791,203,172,13.426
16792,320,267,10.407
16793,320,285,13.648
16794,180,151,10.278
16795,320,264,13.055
16796,320,263,15.185
16797,152,127,10.685
16798,320,263,12.889
16799,320,267,13.945
16800,156,138,10.537
16801,320,272,13.129
16802,320,276,11.574
16803,174,154,10.759
16804,320,278,10.240
16805,320,282,12.240
16806,195,180,12.463
16807,320,280,14.037
16808,320,274,12.296
16809,183,162,10.444
16810,320,278,13.722
16811,320,266,14.111
16812,159,128,11.945
16813,320,272,16.945
16814,320,267,17.074
16815,151,129,10.666
16816,320,284,9.130
16817,320,282,12.111
16818,163,141,11.241
16819,320,278,14.296
16820,320,290,13.666
16821,191,178,12.315
16822,320,282,14.722
16823,320,284,15.352
16824,183,161,13.278
16825,320,278,18.537
16826,320,266,13.056
16827,154,128,9.556
16828,320,287,13.240
16829,320,277,9.778
16830,147,123,10.259
16831,320,277,13.889
16832,320,274,13.759
16833,156,130,12.277
16834,320,280,14.796
16835,320,281,15.962
16836,199,182,11.926
16837,320,289,16.037
16838,320,294,15.334
16839,186,159,12.426
16840,320,276,11.370
16841,320,292,17.074
16842,146,125,9.760
16843,320,282,13.129
16844,320,272,14.611
16845,153,129,13.018
16846,320,272,12.926
16847,320,275,12.130
16848,164,149,12.093
16849,320,296,17.630
16850,320,286,12.815
16851,201,184,11.259
16852,320,299,13.852
16853,320,281,10.648
16854,203,173,11.945
16855,320,277,15.851
16856,320,277,14.129
16857,160,143,12.537
16858,320,272,14.481
16859,320,281,12.296
16860,156,138,9.185
16861,320,284,13.518
16862,320,273,17.352
16863,176,148,10.908
16864,320,283,12.370
16865,320,276,8.833
16866,201,183,10.852
16867,320,291,14.389
16868,320,285,14.833
16869,211,197,12.055
16870,320,288,16.074
16871,320,273,13.982
16872,163,141,12.649
16873,320,252,12.241
16874,320,278,14.963
16875,157,137,13.240
16876,320,282,42.778
16877,320,286,13.389
16878,178,162,9.111
16879,320,269,14.907
16880,320,279,13.778
16881,194,180,12.389
16882,320,303,11.982
16883,320,298,12.018
16884,200,176,14.796
16885,320,281,13.593
16886,320,259,16.852
16887,140,114,11.556
16888,320,253,10.389
16889,320,265,12.408
16890,144,130,7.740
16891,320,281,13.389
16892,320,252,15.037
16893,172,139,16.055
16894,320,272,15.111
16895,320,286,13.518
16896,197,174,11.926
16897,320,277,15.019
16898,320,278,13.388
16899,175,156,13.685
16900,320,256,11.000
16901,320,244,14.463
16902,82,65,10.703
16903,320,264,13.759
16904,320,284,13.074
16905,166,141,12.259
16906,320,269,13.851
16907,320,271,17.778
16908,149,124,10.741
16909,320,270,17.630
16910,320,267,11.981
16911,183,147,10.186
16912,320,252,15.889
16913,320,231,12.555
16914,83,61,7.630
16915,320,227,14.722
16916,320,285,12.278
16917,122,109,6.981
16918,320,270,12.926
16919,320,268,14.019
16920,135,113,7.574
16921,320,276,11.815
16922,320,280,8.334
16923,151,129,5.796
16924,320,260,9.185
16925,320,243,9.852
16926,51,41,4.037
16927,320,268,6.315
16928,320,293,6.482
16929,109,94,4.815
16930,320,274,8.407
16931,320,273,7.222
16932,139,116,5.815
16933,320,286,8.111
16934,320,284,7.685
16935,139,123,4.296
16936,320,280,7.981
16937,320,242,7.871
16938,44,32,3.426
16939,320,257,7.333
16940,320,289,6.741
16941,125,113,4.815
16942,320,276,7.981
16943,320,269,7.759
16944,149,130,4.648
16945,320,280,7.315
16946,320,295,7.704
16947,160,147,4.777
16948,320,292,6.926
16949,320,275,7.444
16950,117,94,4.277
16951,320,257,8.037
16952,320,281,6.352
16953,109,93,4.537
16954,320,282,6.574
16955,320,272,7.389
16956,163,136,4.944
16957,320,280,6.741
16958,320,289,7.482
16959,181,165,6.000
16960,320,300,7.426
16961,320,288,7.426
16962,182,162,5.296
16963,320,273,7.778
16964,320,277,6.833
16965,148,123,4.685
16966,320,264,8.000
16967,320,274,7.000
16968,152,129,4.666
16969,320,262,7.278
16970,320,280,6.852
16971,162,147,5.055
16972,320,281,7.278
16973,320,275,7.389
16974,182,159,5.370
16975,320,286,6.834
16976,320,284,7.056
16977,210,188,5.778
16978,320,281,7.352
16979,320,290,7.667
16980,183,155,5.388
16981,320,272,7.278
16982,320,275,6.851
16983,158,137,4.648
16984,320,263,6.852
16985,320,274,6.945
16986,173,147,5.111
16987,320,270,7.019
16988,320,263,7.000
16989,174,151,5.018
16990,320,273,7.000
16991,320,276,7.445
16992,196,177,5.519
16993,320,278,7.296
16994,320,285,7.352
16995,200,173,6.055
16996,320,270,7.352
16997,320,276,7.315
16998,162,140,4.963
16999,320,261,7.111
17000,320,266,7.074
17001,162,139,5.111
17002,320,275,6.685
17003,320,268,7.518
17004,164,130,5.130
17005,320,276,6.852
17006,320,273,6.963
17007,181,165,5.093
17008,320,294,6.722
17009,320,287,7.056
17010,195,181,5.407
17011,320,276,7.130
17012,320,279,6.908
17013,157,141,4.667
17014,320,267,7.204
17015,320,291,6.463
17016,152,132,4.630
17017,320,276,6.722
17018,320,273,6.611
17019,151,135,4.537
17020,320,289,6.426
17021,320,288,6.870
17022,175,158,4.963
17023,320,290,6.796
17024,320,294,6.851
17025,191,167,5.537
17026,320,282,6.907
17027,320,289,6.723
17028,156,137,4.704
17029,320,283,6.574
17030,320,283,7.074
17031,145,121,4.611
17032,320,282,6.722
17033,320,289,6.444
17034,155,132,4.667
17035,320,269,7.203
17036,320,279,6.815
17037,182,168,5.186
17038,320,300,6.611
17039,320,302,6.907
17040,193,166,5.537
17041,320,288,7.018
17042,320,287,6.796
17043,147,136,4.444
17044,320,292,6.574
17045,320,280,6.722
17046,146,126,4.482
17047,320,282,6.648
17048,320,277,6.907
17049,166,144,4.982
17050,320,289,6.741
17051,320,288,6.649
17052,191,171,5.149
17053,320,296,7.093
17054,320,296,6.982
17055,185,164,5.371
17056,320,277,7.093
17057,320,275,6.833
17058,152,136,4.611
17059,320,280,6.630
17060,320,275,6.685
17061,150,134,4.611
17062,320,290,6.537
17063,320,261,6.945
17064,173,151,5.037
17065,320,279,6.962
17066,320,286,6.981
17067,197,179,5.370
17068,320,286,7.333
17069,320,279,7.260
17070,183,156,5.444
17071,320,266,7.185
17072,320,269,6.926
17073,142,111,4.500
17074,320,264,6.796
17075,320,280,6.833
17076,158,138,4.686
17077,320,278,6.778
17078,320,275,6.685
17079,160,141,4.815
17080,320,281,6.759
17081,320,288,6.759
17082,197,178,5.408
17083,320,284,7.092
17084,320,282,7.056
17085,165,129,5.166
17086,320,250,7.092
17087,320,275,6.426
17088,107,94,3.759
17089,320,278,6.555
17090,320,282,6.593
17091,158,134,4.888
17092,320,283,6.704
17093,320,287,6.481
17094,165,144,4.834
17095,320,298,6.759
17096,320,281,6.907
17097,197,173,5.407
17098,320,283,7.148
17099,320,248,7.352
17100,102,77,3.944
17101,320,269,6.445
17102,320,283,6.407
17103,139,124,4.259
17104,320,285,6.574
17105,320,285,6.704
17106,153,137,4.555
17107,320,296,6.463
17108,320,292,6.556
17109,187,167,5.222
17110,320,284,6.982
17111,320,291,6.889
17112,182,160,5.241
17113,320,277,7.018
17114,320,262,6.907
17115,112,102,3.796
17116,320,272,6.777
17117,320,273,6.815
17118,149,136,4.407
17119,320,291,6.759
17120,320,282,6.630
17121,162,141,4.778
17122,320,282,6.759
17123,320,291,6.778
17124,210,187,5.685
17125,320,289,7.333
17126,320,291,7.130
17127,184,162,5.426
17128,320,288,6.963
17129,320,275,6.871
17130,141,122,4.407
17131,320,270,6.870
17132,320,278,6.722
17133,146,128,4.797
17134,320,282,6.667
17135,320,292,6.574
17136,166,148,4.796
17137,320,290,6.796
17138,320,291,6.889
17139,203,189,5.482
17140,320,299,7.185
17141,320,286,7.648
17142,213,197,5.889
17143,320,288,7.278
17144,320,285,7.334
17145,175,148,5.333
17146,320,271,7.092
17147,320,283,6.759
17148,151,135,4.574
17149,320,279,6.759
17150,320,279,6.722
17151,156,144,4.889
17152,320,289,6.574
17153,320,293,6.796
17154,200,185,5.407
17155,320,287,7.222
17156,320,301,6.963
17157,220,205,5.963
17158,320,293,7.556
17159,320,291,7.500
17160,206,194,5.852
17161,320,287,7.092
17162,320,282,7.074
17163,148,129,4.574
17164,320,286,6.926
17165,320,284,6.759
17166,166,144,4.889
17167,320,286,6.630
17168,320,282,6.592
17169,179,160,5.074
17170,320,290,6.815
17171,320,293,6.926
17172,202,191,5.408
17173,320,302,6.907
17174,320,302,6.889
17175,215,202,5.834
17176,320,290,7.204
17177,320,287,7.074
17178,164,142,4.963
17179,320,278,6.926
17180,320,279,6.686
17181,157,143,4.611
17182,320,283,6.815
17183,320,288,6.611
17184,165,149,4.686
17185,320,286,6.704
17186,320,290,6.611
17187,184,169,5.148
17188,320,300,6.740
17189,320,301,6.963
17190,211,194,5.685
17191,320,297,7.223
17192,320,289,7.055
17193,174,153,5.019
17194,320,277,6.815
17195,320,283,7.445
17196,158,139,4.760
17197,320,277,6.852
17198,320,284,6.833
17199,153,131,4.741
17200,320,298,6.648
17201,320,291,6.685
17202,181,165,5.093
17203,320,297,6.759
17204,320,294,7.000
17205,210,189,5.685
17206,320,295,7.148
17207,320,287,7.445
17208,191,163,5.926
17209,320,277,7.278
17210,320,271,7.074
17211,162,146,4.888
17212,320,281,6.926
17213,320,278,6.944
17214,161,145,4.722
17215,320,285,6.815
17216,320,288,7.000
17217,183,159,5.370
17218,320,287,7.185
17219,320,286,7.074
17220,207,193,5.611
17221,320,291,7.296
17222,320,288,7.370
17223,206,188,5.797
17224,320,286,7.241
17225,320,273,7.074
17226,150,132,4.648
17227,320,277,6.741
17228,320,270,6.833
17229,160,140,4.760
17230,320,283,6.852
17231,320,277,7.259
17232,187,165,5.241
17233,320,290,6.834
17234,320,288,6.852
17235,199,175,5.629
17236,320,290,7.463
17237,320,295,7.056
17238,197,180,5.611
17239,320,257,7.463
17240,320,270,6.833
17241,122,105,4.093
17242,320,281,6.519
17243,320,283,6.629
17244,162,146,4.741
17245,320,275,6.944
17246,320,277,6.815
17247,168,143,4.907
17248,320,279,6.778
17249,320,290,6.963
17250,189,179,5.185
17251,320,291,6.926
17252,320,289,6.926
17253,168,147,5.222
17254,320,249,7.260
17255,320,266,6.408
17256,92,76,3.685
17257,320,297,6.167
17258,320,283,6.759
17259,163,142,4.945
17260,320,261,6.962
17261,320,291,6.518
17262,166,152,4.778
17263,320,281,6.796
17264,320,298,6.630
17265,194,172,5.388
17266,320,283,7.037
17267,320,262,7.148
17268,100,75,3.759
17269,320,278,6.093
17270,320,281,6.407
17271,131,120,4.129
17272,320,287,6.723
17273,320,286,6.704
17274,151,136,4.482
17275,320,280,6.741
17276,320,293,6.926
17277,177,160,5.019
17278,320,303,6.815
17279,320,284,6.926
17280,182,162,5.278
17281,320,253,7.277
17282,320,273,6.500
17283,88,75,3.518
17284,320,278,6.426
17285,320,296,6.408
17286,159,143,4.722
17287,320,273,7.093
17288,320,289,6.740
17289,174,158,4.945
17290,320,282,7.037
17291,320,293,6.852
17292,193,177,5.407
17293,320,291,7.093
17294,320,298,7.018
17295,183,160,5.426
17296,320,272,7.148
17297,320,285,6.519
17298,127,105,4.259
17299,320,287,6.611
17300,320,285,6.852
17301,157,138,4.759
17302,320,288,6.740
17303,320,287,6.704
17304,182,166,5.130
17305,320,294,6.945
17306,320,298,7.000
17307,195,175,5.537
17308,320,302,6.926
17309,320,302,6.889
17310,205,183,5.723
17311,320,289,7.482
17312,320,281,7.223
17313,170,142,5.204
17314,320,278,7.037
17315,320,266,6.908
17316,148,131,4.630
17317,320,291,6.648
17318,320,284,6.685
17319,169,153,5.019
17320,320,288,7.038
17321,320,292,6.796
17322,199,184,5.481
17323,320,291,7.204
17324,320,298,6.963
17325,216,203,5.870
17326,320,289,7.407
17327,320,284,7.426
17328,177,158,5.370
17329,320,276,7.204
17330,320,281,6.907
17331,154,138,4.630
17332,320,265,7.018
17333,320,283,6.963
17334,164,137,4.908
17335,320,281,6.796
17336,320,288,6.852
17337,181,163,5.241
17338,320,287,7.018
17339,320,301,6.796
17340,199,184,5.445
17341,320,289,7.222
17342,320,279,7.277
17343,188,162,5.574
17344,320,289,7.056
17345,320,277,6.963
17346,152,131,4.666
17347,320,290,6.648
17348,320,280,6.796
17349,158,145,4.685
17350,320,284,6.686
17351,320,283,6.778
17352,173,149,5.129
17353,320,282,6.852
17354,320,285,6.833
17355,195,182,5.389
17356,320,297,7.074
17357,320,289,7.222
17358,183,169,5.278
17359,320,280,6.944
17360,320,278,6.944
17361,145,128,4.444
17362,320,278,6.611
17363,320,279,6.797
17364,161,142,4.907
17365,320,277,6.574
17366,320,281,6.797
17367,175,150,5.018
17368,320,284,6.963
17369,320,294,6.870
17370,192,180,5.240
17371,320,299,7.000
17372,320,291,7.166
17373,196,181,5.481
17374,320,279,7.167
17375,320,283,7.037
17376,149,125,4.537
17377,320,289,6.611
17378,320,278,6.704
17379,157,136,4.741
17380,320,283,6.611
17381,320,285,6.796
17382,179,164,5.130
17383,320,284,6.945
17384,320,294,6.722
17385,193,172,5.370
17386,320,284,7.259
17387,320,294,7.111
17388,201,170,5.834
17389,320,273,7.352
17390,320,255,7.222
17391,151,132,4.741
17392,320,261,6.926
17393,320,277,6.852
17394,154,128,4.777
17395,320,288,6.667
17396,320,276,6.889
17397,179,157,5.148
17398,320,288,6.852
17399,320,279,6.815
17400,192,177,5.315
17401,320,295,6.982
17402,320,291,7.167
17403,200,176,5.778
17404,320,270,7.315
17405,320,272,6.592
17406,112,98,3.833
17407,320,266,6.593
17408,320,281,6.500
17409,157,135,4.722
17410,320,264,7.148
17411,320,283,6.704
17412,162,144,4.796
17413,320,289,6.611
17414,320,298,6.630
17415,194,180,5.315
17416,320,282,7.315
17417,320,265,7.444
17418,139,111,4.796
17419,320,259,6.685
17420,320,260,6.407
17421,111,102,3.797
17422,320,285,6.500
17423,320,281,6.796
17424,150,129,4.648
17425,320,282,6.612
17426,320,275,6.778
17427,162,144,4.741
17428,320,282,6.852
17429,320,289,6.815
17430,182,153,5.370
17431,320,224,7.667
17432,320,250,6.648
17433,61,47,3.130
17434,320,282,6.037
17435,320,275,6.611
17436,149,130,4.593
17437,320,275,6.871
17438,320,281,6.574
17439,148,131,4.593
17440,320,289,6.703
17441,320,279,6.796
17442,179,161,5.093
17443,320,267,7.167
17444,320,256,6.759
17445,53,40,2.907
17446,320,267,6.186
17447,320,293,6.000
17448,130,119,4.130
17449,320,288,6.889
17450,320,284,6.555
17451,144,124,4.388
17452,320,283,6.648
17453,320,290,6.685
17454,182,166,5.074
17455,320,293,6.833
17456,320,265,7.037
17457,131,106,4.537
17458,320,248,6.814
17459,320,282,6.203
17460,94,89,3.555
17461,320,288,6.555
17462,320,280,6.722
17463,175,153,5.149
17464,320,284,7.018
17465,320,277,6.834
17466,175,156,4.963
17467,320,300,6.704
17468,320,298,6.741
17469,205,182,5.667
17470,320,287,7.297
17471,320,274,7.278
17472,153,116,5.185
17473,320,259,6.982
17474,320,271,6.537
17475,153,132,4.574
17476,320,268,7.074
17477,320,279,6.851
17478,166,147,4.907
17479,320,290,6.760
17480,320,279,6.944
17481,190,168,5.352
17482,320,288,7.148
17483,320,293,6.778
17484,209,187,5.778
17485,320,283,7.222
17486,320,287,7.278
17487,204,180,5.926
17488,320,287,7.148
17489,320,263,7.389
17490,173,142,5.222
17491,320,273,6.889
17492,320,266,6.963
17493,167,142,4.944
17494,320,274,6.908
17495,320,284,6.685
17496,175,155,5.000
17497,320,287,6.834
17498,320,282,7.000
17499,196,172,5.537
17500,320,281,7.092
17501,320,288,7.167
17502,214,193,5.888
17503,320,279,7.500
17504,320,277,7.315
17505,200,176,5.796
17506,320,272,7.260
17507,320,267,7.074
17508,163,145,4.759
17509,320,262,7.055
17510,320,277,6.723
17511,164,138,4.852
17512,320,272,6.871
17513,320,283,6.796
17514,178,148,5.223
17515,320,284,6.944
17516,320,270,7.019
17517,200,176,5.537
17518,320,295,7.093
17519,320,282,7.426
17520,204,178,5.815
17521,320,274,7.241
17522,320,285,6.926
17523,156,129,4.796
17524,320,283,6.667
17525,320,274,6.722
17526,161,137,4.888
17527,320,268,6.907
17528,320,282,6.592
17529,171,153,5.111
17530,320,275,6.944
17531,320,289,6.685
17532,192,173,5.296
17533,320,280,6.982
17534,320,290,7.093
17535,205,178,5.759
17536,320,289,7.092
17537,320,283,7.019
17538,157,133,4.851
17539,320,284,6.648
17540,320,274,6.703
17541,147,134,4.445
17542,320,281,6.778
17543,320,282,6.537
17544,176,151,5.037
17545,320,282,6.982
17546,320,273,6.982
17547,188,162,5.352
17548,320,288,6.796
17549,320,289,7.037
17550,201,176,5.704
17551,320,283,7.556
17552,320,281,7.018
17553,155,134,4.945
17554,320,283,6.704
17555,320,278,6.648
17556,138,125,4.333
17557,320,280,6.630
17558,320,289,6.519
17559,171,143,5.000
17560,320,287,6.982
17561,320,284,6.778
17562,187,166,5.277
17563,320,294,7.111
17564,320,289,7.000
17565,199,155,6.000
17566,320,283,7.093
17567,320,263,6.963
17568,141,119,4.370
17569,320,273,6.685
17570,320,268,6.778
17571,138,119,4.426
17572,320,285,6.463
17573,320,279,6.722
17574,176,150,5.093
17575,320,288,6.871
17576,320,282,6.870
17577,186,159,5.315
17578,320,293,6.778
17579,320,283,7.111
17580,199,176,5.666
17581,320,259,7.463
17582,320,263,6.926
17583,130,116,4.111
17584,320,280,6.463
17585,320,274,6.648
17586,130,113,4.148
17587,320,286,6.426
17588,320,271,6.834
17589,172,149,5.056
17590,320,297,6.852
17591,320,293,6.760
17592,188,167,5.240
17593,320,299,6.778
17594,320,287,6.963
17595,186,160,5.407
17596,320,278,6.945
17597,320,275,6.963
17598,141,129,4.315
17599,320,279,6.555
17600,320,281,6.667
17601,143,125,4.445
17602,320,284,6.463
17603,320,279,6.908
17604,179,153,5.167
17605,320,289,6.833
17606,320,289,7.130
17607,203,180,5.629
17608,320,290,7.203
17609,320,295,7.056
17610,209,185,5.759
17611,320,287,7.185
17612,320,289,7.166
17613,188,165,5.352
17614,320,263,7.277
17615,320,275,6.778
17616,160,135,4.926
17617,320,265,6.907
17618,320,276,6.703
17619,159,134,4.815
17620,320,285,7.037
17621,320,277,6.815
17622,182,163,5.074
17623,320,280,6.796
17624,320,290,7.000
17625,218,198,5.944
17626,320,267,7.704
17627,320,279,7.463
17628,192,169,5.741
17629,320,272,7.389
17630,320,279,7.148
17631,180,152,5.278
17632,320,251,7.315
17633,320,265,6.963
17634,173,149,5.167
17635,320,266,7.092
17636,320,268,7.019
17637,166,140,5.018
17638,320,275,6.815
17639,320,284,7.222
17640,191,167,5.518
17641,320,288,7.315
17642,320,277,7.500
17643,198,168,6.111
17644,320,282,7.759
17645,320,286,7.537
17646,177,155,5.315
17647,320,289,7.056
17648,320,265,7.351
17649,170,149,4.963
17650,320,272,7.240
17651,320,271,7.074
17652,162,143,5.388
17653,320,279,6.871
17654,320,285,6.870
17655,177,159,5.278
17656,320,284,7.185
17657,320,298,6.907
17658,199,175,5.796
17659,320,289,7.018
17660,320,284,7.037
17661,164,151,4.926
17662,320,287,7.111
17663,320,274,49.611
17664,164,153,6.148
17665,320,284,8.777
17666,320,283,7.278
17667,156,142,4.870
17668,320,289,6.963
17669,320,291,6.963
17670,175,160,5.870
17671,320,289,7.741
17672,320,293,7.260
17673,206,190,6.352
17674,320,273,7.685
17675,320,273,7.519
17676,167,148,5.111
17677,320,287,7.815
17678,320,270,7.055
17679,162,144,5.019
17680,320,274,7.574
17681,320,283,7.444
17682,160,140,5.722
17683,320,276,7.333
17684,320,273,7.259
17685,191,167,5.777
17686,320,285,7.185
17687,320,286,7.185
17688,202,180,6.148
17689,320,277,7.426
17690,320,289,7.426
17691,174,153,5.518
17692,320,269,7.315
17693,320,262,7.111
17694,170,148,5.019
17695,320,271,7.222
17696,320,276,7.148
17697,154,136,4.852
17698,320,273,7.241
17699,320,283,7.037
17700,189,160,5.685
17701,320,287,7.463
17702,320,290,7.704
17703,212,195,5.778
17704,320,280,7.481
17705,320,288,9.000
17706,196,169,6.167
17707,320,269,7.833
17708,320,275,7.296
17709,160,142,4.907
17710,320,265,7.315
17711,320,277,6.889
17712,139,122,4.445
17713,320,280,6.612
17714,320,288,6.612
17715,180,170,5.074
17716,320,289,7.148
17717,320,294,7.000
17718,203,188,5.593
17719,320,301,7.112
17720,320,281,7.222
17721,200,168,5.778
17722,320,285,7.148
17723,320,269,7.222
17724,158,140,4.685
17725,320,279,6.741
17726,320,280,6.741
17727,133,116,4.185
17728,320,282,6.518
17729,320,287,6.648
17730,166,152,4.797
17731,320,293,6.889
17732,320,280,6.945
17733,201,183,5.518
17734,320,293,7.055
17735,320,298,7.037
17736,212,197,5.741
17737,320,290,7.370
17738,320,280,7.074
17739,176,152,5.185
17740,320,263,7.296
17741,320,275,6.908
17742,159,133,4.871
17743,320,259,7.129
17744,320,269,6.834
17745,157,127,4.815
17746,320,267,7.000
17747,320,275,7.130
17748,194,168,5.352
17749,320,289,7.092
17750,320,277,7.445
17751,215,201,5.870
17752,320,282,7.481
17753,320,286,7.333
17754,197,166,5.629
17755,320,277,7.537
17756,320,274,7.148
17757,189,163,5.593
17758,320,252,7.389
17759,320,271,6.945
17760,177,137,5.314
17761,320,277,7.204
17762,320,266,7.278
17763,165,136,5.222
17764,320,265,7.185
17765,320,283,6.982
17766,199,173,5.556
17767,320,271,7.426
17768,320,278,7.499
17769,206,183,5.741
17770,320,267,7.482
17771,320,278,7.315
17772,188,162,5.648
17773,320,272,7.241
17774,320,274,7.055
17775,183,146,5.481
17776,320,268,7.167
17777,320,282,6.852
17778,178,140,5.297
17779,320,257,7.222
17780,320,267,6.963
17781,156,132,4.833
17782,320,275,6.778
17783,320,279,7.074
17784,185,153,5.444
17785,320,269,7.241
17786,320,281,6.778
17787,182,163,5.278
17788,320,292,6.870
17789,320,281,7.018
17790,174,149,5.241
17791,320,268,7.018
17792,320,289,6.815
17793,170,142,4.981
17794,320,275,7.129
17795,320,280,6.888
17796,155,129,4.815
17797,320,275,6.722
17798,320,277,6.722
17799,166,153,4.852
17800,320,281,6.908
17801,320,282,6.667
17802,167,143,4.962
17803,320,287,6.740
17804,320,276,7.037
17805,166,143,5.000
17806,320,276,6.834
17807,320,284,6.740
17808,178,156,5.055
17809,320,277,6.889
17810,320,280,6.815
17811,150,135,4.537
17812,320,284,6.759
17813,320,282,6.815
17814,169,154,4.982
17815,320,272,7.038
17816,320,274,6.796
17817,169,150,5.074
17818,320,282,7.019
17819,320,279,6.963
17820,159,139,4.760
17821,320,281,6.759
17822,320,274,6.870
17823,177,159,5.204
17824,320,278,7.037
17825,320,280,6.722
17826,170,147,4.963
17827,320,289,7.000
17828,320,291,6.963
17829,188,165,5.333
17830,320,275,7.037
17831,320,283,6.926
17832,175,150,5.130
17833,320,283,6.981
17834,320,272,7.111
17835,164,145,4.834
17836,320,279,6.889
17837,320,274,7.000
17838,174,146,5.130
17839,320,266,7.019
17840,320,276,6.778
17841,174,147,5.074
17842,320,282,6.815
17843,320,283,7.074
17844,201,183,5.611
17845,320,280,7.426
17846,320,274,7.167
17847,182,159,5.259
17848,320,281,7.037
17849,320,277,7.018
17850,159,143,4.982
17851,320,289,6.629
17852,320,273,6.834
17853,164,139,4.852
17854,320,274,6.760
17855,320,277,6.741
17856,165,144,4.814
17857,320,288,6.648
17858,320,293,6.889
17859,207,184,5.666
17860,320,288,7.167
17861,320,292,7.055
17862,180,161,5.278
17863,320,283,7.056
17864,320,276,6.926
17865,166,142,5.074
17866,320,268,6.889
17867,320,270,6.815
17868,161,142,4.777
17869,320,280,6.796
17870,320,277,6.648
17871,159,135,4.852
17872,320,285,6.667
17873,320,294,6.889
17874,195,178,5.426
17875,320,285,7.315
17876,320,270,7.333
17877,191,162,5.722
17878,320,291,7.259
17879,320,277,7.240
17880,180,157,5.500
17881,320,273,7.259
17882,320,286,7.019
17883,170,135,5.333
17884,320,263,7.204
17885,320,268,7.093
17886,156,134,4.797
17887,320,275,7.018
17888,320,285,6.722
17889,179,157,5.148
17890,320,282,7.037
17891,320,277,7.241
17892,194,162,5.667
17893,320,274,7.074
17894,320,269,7.111
17895,187,158,21.000
17896,320,270,8.481
17897,320,272,7.685
17898,173,150,4.981
17899,320,263,7.037
17900,320,266,6.907
17901,167,140,5.092
17902,320,274,7.149
17903,320,272,6.685
17904,158,137,4.630
17905,320,274,7.278
17906,320,277,7.018
17907,174,152,5.426
17908,320,268,6.907
17909,320,264,6.907
17910,190,164,5.333
17911,320,279,7.056
17912,320,273,7.500
17913,185,145,5.500
17914,320,270,6.982
17915,320,265,7.074
17916,170,145,4.963
17917,320,266,6.963
17918,320,250,7.093
17919,159,137,4.778
17920,320,277,6.833
17921,320,266,7.203
17922,162,144,5.185
17923,320,271,6.740
17924,320,288,6.649
17925,179,161,5.167
17926,320,270,7.167
17927,320,273,6.944
17928,180,158,5.222
17929,320,277,6.889
17930,320,278,6.834
17931,170,145,5.056
17932,320,280,6.963
17933,320,269,6.963
17934,157,134,4.667
17935,320,280,6.759
17936,320,266,7.092
17937,158,138,4.759
17938,320,291,6.575
17939,320,286,6.648
17940,178,153,5.203
17941,320,273,7.241
17942,320,273,7.129
17943,174,147,5.130
17944,320,271,6.981
17945,320,278,6.944
17946,171,155,4.907
17947,320,269,7.222
17948,320,270,6.815
17949,151,135,4.555
17950,320,275,6.593
17951,320,281,6.685
17952,160,144,4.777
17953,320,281,6.796
17954,320,281,6.777
17955,174,158,4.982
17956,320,289,6.926
17957,320,267,7.185
17958,168,151,4.982
17959,320,290,6.907
17960,320,289,6.723
17961,161,140,4.926
17962,320,265,6.926
17963,320,286,6.555
17964,152,126,4.648
17965,320,283,6.908
17966,320,281,6.889
17967,152,135,4.574
17968,320,279,6.704
17969,320,287,6.741
17970,180,157,5.093
17971,320,279,6.944
17972,320,280,6.815
17973,166,146,4.778
17974,320,277,6.685
17975,320,283,6.852
17976,159,139,4.704
17977,320,273,6.871
17978,320,267,6.760
17979,164,146,4.796
17980,320,279,6.944
17981,320,283,6.796
17982,158,142,4.630
17983,320,285,6.703
17984,320,282,6.833
17985,177,154,5.111
17986,320,273,7.092
17987,320,264,6.944
17988,177,154,5.000
17989,320,269,6.945
17990,320,268,6.908
17991,151,124,4.704
17992,320,272,6.611
17993,320,293,6.704
17994,179,162,4.981
17995,320,278,6.926
17996,320,264,7.092
17997,179,158,5.074
17998,320,269,6.982
17999,320,270,6.963
18000,181,157,5.167
18001,320,282,7.074
18002,320,281,6.759
18003,169,144,4.888
18004,320,276,6.759
18005,320,270,6.852
18006,154,127,4.685
18007,320,278,6.815
18008,320,276,6.741
18009,186,163,5.351
18010,320,276,7.148
18011,320,278,7.185
18012,185,162,5.370
18013,320,285,6.908
18014,320,274,7.055
18015,178,158,5.111
18016,320,272,6.926
18017,320,273,6.741
18018,180,144,5.352
18019,320,258,7.296
18020,320,255,7.186
18021,162,137,4.834
18022,320,260,7.000
18023,320,267,7.056
18024,185,159,5.611
18025,320,280,7.037
18026,320,271,7.296
18027,204,169,6.000
18028,320,287,7.204
18029,320,279,7.074
18030,177,149,5.259
18031,320,280,6.796
18032,320,277,6.778
18033,174,152,5.037
18034,320,269,7.074
18035,320,263,6.907
18036,148,133,4.556
18037,320,276,6.685
18038,320,280,6.797
18039,179,155,5.278
18040,320,290,6.870
18041,320,294,7.000
18042,203,178,5.648
18043,320,278,7.296
18044,320,282,7.055
18045,184,157,5.370
18046,320,286,7.075
18047,320,280,6.815
18048,161,151,4.593
18049,320,280,6.648
18050,320,273,6.778
18051,140,125,4.204
18052,320,277,6.685
18053,320,265,6.870
18054,161,142,4.759
18055,320,287,6.907
18056,320,295,6.871
18057,199,178,5.463
18058,320,291,7.055
18059,320,284,7.074
18060,188,169,5.314
18061,320,285,6.981
18062,320,287,6.945
18063,176,148,5.185
18064,320,276,6.852
18065,320,279,6.870
18066,168,134,5.093
18067,320,251,7.148
18068,320,265,6.908
18069,158,131,4.815
18070,320,279,6.833
18071,320,281,6.760
18072,194,172,5.556
18073,320,269,7.370
18074,320,263,7.148
18075,197,165,5.574
18076,320,268,7.111
18077,320,276,7.334
18078,213,189,5.945
18079,320,273,7.482
18080,320,272,7.408
18081,208,176,5.908
18082,320,270,7.259
18083,320,265,7.592
18084,211,169,6.056
18085,320,262,7.555
18086,320,272,7.444
18087,199,157,5.797
18088,320,265,7.352
18089,320,261,7.315
18090,214,172,6.759
18091,320,274,7.388
18092,320,251,7.463
18093,200,154,6.204
18094,320,251,7.370
18095,320,268,7.389
18096,219,168,6.333
18097,320,261,7.722
18098,320,264,7.593
18099,221,175,6.351
18100,320,267,7.593
18101,320,275,7.407
18102,208,174,5.963
18103,320,256,7.482
18104,320,267,7.426
18105,220,184,6.463
18106,320,266,7.629
18107,320,255,7.574
18108,213,178,6.037
18109,320,265,7.407
18110,320,247,7.648
18111,196,156,5.759
18112,320,266,7.296
18113,320,258,7.296
18114,207,179,5.686
18115,320,269,7.426
18116,320,274,7.278
18117,207,170,5.982
18118,320,254,7.481
18119,320,261,7.463
18120,204,177,5.759
18121,320,266,7.259
18122,320,270,7.241
18123,209,173,6.000
18124,320,267,7.315
18125,320,262,7.352
18126,212,170,6.111
18127,320,283,7.148
18128,320,263,7.519
18129,185,151,5.555
18130,320,262,7.204
18131,320,272,7.037
18132,196,161,5.556
18133,320,271,7.222
18134,320,269,7.333
18135,199,169,5.667
18136,320,267,7.556
18137,320,272,7.259
18138,201,174,5.648
18139,320,281,7.037
18140,320,279,7.111
18141,209,180,5.908
18142,320,274,7.426
18143,320,273,7.240
18144,199,179,5.518
18145,320,274,7.297
18146,320,275,7.037
18147,170,149,4.981
18148,320,274,6.926
18149,320,280,6.907
18150,191,170,5.463
18151,320,282,6.907
18152,320,276,7.019
18153,179,155,5.185
18154,320,265,7.055
18155,320,276,6.945
18156,198,169,5.556
18157,320,276,7.130
18158,320,275,7.240
18159,196,165,5.574
18160,320,271,7.241
18161,320,268,7.223
18162,190,150,5.667
18163,320,256,7.222
18164,320,271,7.000
18165,182,153,5.482
18166,320,273,6.982
18167,320,272,7.074
18168,191,161,5.444
18169,320,267,7.167
18170,320,254,7.167
18171,191,155,5.500
18172,320,267,7.093
18173,320,273,7.204
18174,200,171,5.741
18175,320,267,7.371
18176,320,265,7.148
18177,195,161,5.648
18178,320,271,7.112
18179,320,253,7.185
18180,178,141,5.222
18181,320,260,7.111
18182,320,261,7.129
18183,200,171,5.629
18184,320,272,7.259
18185,320,265,7.334
18186,187,154,5.519
18187,320,255,7.259
18188,320,263,7.055
18189,196,157,5.722
18190,320,266,7.277
18191,320,269,7.130
18192,193,154,5.574
18193,320,259,7.407
18194,320,272,7.222
18195,173,140,5.296
18196,320,260,7.148
18197,320,276,6.778
18198,180,153,5.129
18199,320,269,6.963
18200,320,270,7.148
18201,195,163,5.666
18202,320,272,7.296
18203,320,256,7.185
18204,176,152,5.260
18205,320,267,6.944
18206,320,269,7.222
18207,182,151,5.296
18208,320,260,7.111
18209,320,262,7.055
18210,167,136,5.037
18211,320,271,6.889
18212,320,283,6.907
18213,168,145,4.963
18214,320,293,6.667
18215,320,285,6.963
18216,181,161,5.204
18217,320,278,6.982
18218,320,285,6.871
18219,168,149,4.889
18220,320,293,6.611
18221,320,276,6.852
18222,167,146,4.907
18223,320,278,6.833
18224,320,285,6.648
18225,154,141,4.500
18226,320,274,6.741
18227,320,280,6.611
18228,163,142,4.815
18229,320,272,6.889
18230,320,285,7.056
18231,187,166,5.333
18232,320,281,6.907
18233,320,276,6.926
18234,184,157,5.297
18235,320,273,7.093
18236,320,285,7.056
18237,188,160,5.426
18238,320,282,7.018
18239,320,277,6.963
18240,182,159,5.241
18241,320,278,7.037
18242,320,259,7.167
18243,172,151,4.982
18244,320,276,6.833
18245,320,284,6.982
18246,202,172,5.612
18247,320,273,19.055
18248,320,280,7.333
18249,193,174,5.593
18250,320,268,7.240
18251,320,273,7.055
18252,203,177,5.685
18253,320,285,7.129
18254,320,275,7.277
18255,204,171,5.778
18256,320,282,7.129
18257,320,277,7.240
18258,194,161,5.592
18259,320,266,7.185
18260,320,268,7.093
18261,183,158,5.277
18262,320,275,7.074
18263,320,280,7.074
18264,206,180,5.722
18265,320,269,7.407
18266,320,274,7.148
18267,201,175,5.630
18268,320,271,7.241
18269,320,256,7.462
18270,211,191,5.834
18271,320,275,7.389
18272,320,279,7.351
18273,216,189,6.055
18274,320,280,7.334
18275,320,276,7.223
18276,204,175,5.815
18277,320,261,7.240
18278,320,273,7.148
18279,187,152,5.648
18280,320,276,7.148
18281,320,292,6.833
18282,197,168,5.611
18283,320,277,7.092
18284,320,272,7.093
18285,197,175,5.482
18286,320,279,7.111
18287,320,292,6.852
18288,201,169,5.648
18289,320,288,7.000
18290,320,288,7.278
18291,211,189,5.870
18292,320,280,7.463
18293,320,274,7.278
18294,203,177,5.815
18295,320,273,7.351
18296,320,275,7.037
18297,181,159,5.204
18298,320,268,7.111
18299,320,286,6.925
18300,193,172,5.500
18301,320,274,7.111
18302,320,274,7.018
18303,190,166,5.389
18304,320,280,6.926
18305,320,282,7.000
18306,207,186,5.574
18307,320,279,7.315
18308,320,286,7.148
18309,208,178,5.870
18310,320,286,7.259
18311,320,274,7.222
18312,187,166,5.315
18313,320,278,7.166
18314,320,283,6.926
18315,181,154,5.222
18316,320,289,6.814
18317,320,277,7.111
18318,194,160,5.555
18319,320,281,6.944
18320,320,288,6.871
18321,181,168,5.185
18322,320,280,6.833
18323,320,290,6.982
18324,210,187,5.759
18325,320,286,7.315
18326,320,268,7.277
18327,206,173,5.833
18328,320,260,7.444
18329,320,257,7.352
18330,181,157,5.185
18331,320,274,6.963
18332,320,282,7.037
18333,187,161,5.277
18334,320,254,7.278
18335,320,265,7.111
18336,190,163,5.481
18337,320,266,7.037
18338,320,272,7.093
18339,206,184,5.685
18340,320,275,7.296
18341,320,268,7.333
18342,204,176,5.760
18343,320,265,7.296
18344,320,273,7.129
18345,198,162,5.814
18346,320,260,7.371
18347,320,262,7.130
18348,196,167,5.519
18349,320,265,7.259
18350,320,270,7.222
18351,199,169,5.648
18352,320,268,7.240
18353,320,269,7.111
18354,188,156,5.370
18355,320,272,6.982
18356,320,263,7.352
18357,206,171,5.870
18358,320,268,7.278
18359,320,266,7.425
18360,195,163,5.667
18361,320,267,7.260
18362,320,261,7.259
18363,181,155,5.185
18364,320,264,6.981
18365,320,258,7.111
18366,199,167,5.537
18367,320,260,7.444
18368,320,256,7.463
18369,193,160,5.851
18370,320,267,7.130
18371,320,277,7.185
18372,192,164,5.389
18373,320,256,7.241
18374,320,242,7.463
18375,187,144,5.555
18376,320,247,7.333
18377,320,274,7.019
18378,177,147,5.222
18379,320,265,7.000
18380,320,270,6.833
18381,177,145,5.111
18382,320,276,6.944
18383,320,262,7.334
18384,191,161,5.519
18385,320,263,7.112
18386,320,282,6.833
18387,173,156,4.870
18388,320,274,7.018
18389,320,274,6.944
18390,149,128,4.537
18391,320,289,6.518
18392,320,279,6.630
18393,153,127,4.704
18394,320,289,6.778
18395,320,279,6.611
18396,167,151,4.852
18397,320,286,6.870
18398,320,288,6.852
18399,175,149,5.185
18400,320,280,6.908
18401,320,274,6.889
18402,168,145,4.926
18403,320,277,6.907
18404,320,267,6.851
18405,157,129,4.871
18406,320,283,6.797
18407,320,278,6.815
18408,170,140,5.019
18409,320,273,6.889
18410,320,274,6.926
18411,185,156,5.278
18412,320,280,7.222
18413,320,275,7.074
18414,200,168,5.797
18415,320,273,7.333
18416,320,271,7.260
18417,191,157,5.481
18418,320,273,7.130
18419,320,258,7.222
18420,193,167,5.482
18421,320,272,7.111
18422,320,278,6.907
18423,188,162,5.426
18424,320,262,7.167
18425,320,268,7.222
18426,184,156,5.278
18427,320,261,7.055
18428,320,280,7.000
18429,203,184,5.666
18430,320,278,7.204
18431,320,280,7.223
18432,196,172,5.574
18433,320,275,7.148
18434,320,262,7.351
18435,198,171,5.519
18436,320,284,7.185
18437,320,278,7.019
18438,204,181,5.667
18439,320,282,7.204
18440,320,280,7.111
18441,195,169,5.556
18442,320,269,7.186
18443,320,256,7.185
18444,174,152,5.055
18445,320,268,6.945
18446,320,283,6.926
18447,201,178,5.537
18448,320,277,7.204
18449,320,286,7.167
18450,189,164,5.389
18451,320,279,6.963
18452,320,283,6.871
18453,200,166,5.704
18454,320,279,7.315
18455,320,282,7.259
18456,205,178,6.000
18457,320,286,7.112
18458,320,278,7.277
18459,191,172,5.407
18460,320,279,7.019
18461,320,272,6.981
18462,172,150,5.074
18463,320,277,6.889
18464,320,285,7.037
18465,195,167,5.629
18466,320,280,7.148
18467,320,284,6.944
18468,188,167,5.296
18469,320,281,7.000
18470,320,279,7.037
18471,207,188,5.593
18472,320,285,7.259
18473,320,291,7.092
18474,201,177,5.574
18475,320,280,7.203
18476,320,280,7.240
18477,183,157,5.370
18478,320,268,7.148
18479,320,283,6.870
18480,183,162,5.185
18481,320,292,6.852
18482,320,287,6.982
18483,183,165,5.259
18484,320,283,6.852
18485,320,283,6.908
18486,190,169,5.259
18487,320,290,7.018
18488,320,280,7.222
18489,206,189,5.741
18490,320,275,7.167
18491,320,288,7.000
18492,189,162,5.556
18493,320,274,7.130
18494,320,278,6.796
18495,172,152,5.037
18496,320,281,6.741
18497,320,274,7.018
18498,190,162,5.426
18499,320,279,7.055
18500,320,281,6.907
18501,186,153,5.426
18502,320,288,6.963
18503,320,275,7.112
18504,198,172,5.611
18505,320,281,7.111
18506,320,278,7.074
18507,204,180,5.629
18508,320,268,7.407
18509,320,256,7.444
18510,189,161,5.500
18511,320,275,7.000
18512,320,274,7.074
18513,195,171,5.500
18514,320,272,7.241
18515,320,271,7.167
18516,193,169,5.407
18517,320,251,7.334
18518,320,264,7.092
18519,206,177,5.741
18520,320,269,7.426
18521,320,257,7.463
18522,203,174,5.981
18523,320,263,7.352
18524,320,265,7.389
18525,202,164,5.870
18526,320,256,7.389
18527,320,259,7.370
18528,196,164,5.648
18529,320,274,7.167
18530,320,261,7.351
18531,210,184,5.815
18532,320,265,7.667
18533,320,258,7.444
18534,186,149,5.426
18535,320,271,7.167
18536,320,251,7.500
18537,209,154,6.074
18538,320,249,7.556
18539,320,266,7.333
18540,184,145,5.425
18541,320,253,7.259
18542,320,259,7.389
18543,192,162,5.574
18544,320,250,7.371
18545,320,272,7.074
18546,192,161,5.408
18547,320,260,7.149
18548,320,263,7.426
18549,203,160,5.908
18550,320,245,7.537
18551,320,278,7.111
18552,197,159,5.796
18553,320,249,7.481
18554,320,255,7.425
18555,176,133,5.204
18556,320,258,7.167
18557,320,243,7.278
18558,192,141,5.833
18559,320,257,7.408
18560,320,263,7.185
18561,182,149,5.555
18562,320,266,7.129
18563,320,267,7.148
18564,182,155,5.259
18565,320,266,7.148
18566,320,255,7.000
18567,182,135,5.463
18568,320,252,7.315
18569,320,260,6.944
18570,145,119,4.667
18571,320,281,6.574
18572,320,269,6.759
18573,160,145,4.685
18574,320,277,6.741
18575,320,279,6.666
18576,175,149,5.037
18577,320,287,6.814
18578,320,274,6.870
18579,176,140,5.315
18580,320,281,6.908
18581,320,271,6.926
18582,153,121,4.852
18583,320,258,6.926
18584,320,271,6.592
18585,128,104,4.185
18586,320,274,6.685
18587,320,277,6.741
18588,167,148,4.815
18589,320,269,7.000
18590,320,264,7.055
18591,193,167,5.334
18592,320,274,7.463
18593,320,267,7.315
18594,201,172,5.667
18595,320,253,7.445
18596,320,260,7.574
18597,194,152,5.907
18598,320,262,7.278
18599,320,258,7.500
18600,186,150,5.500
18601,320,248,7.315
18602,320,259,7.000
18603,179,139,5.296
18604,320,263,7.314
18605,320,266,7.315
18606,198,162,5.889
18607,320,262,7.334
18608,320,263,7.259
18609,209,175,5.889
18610,320,278,7.260
18611,320,280,7.334
18612,211,180,6.259
18613,320,273,7.444
18614,320,272,7.407
18615,208,153,6.129
18616,320,267,7.370
18617,320,263,7.481
18618,207,176,5.926
18619,320,258,7.463
18620,320,260,7.371
18621,199,171,5.574
18622,320,269,7.166
18623,320,263,7.296
18624,186,151,5.574
18625,320,266,7.074
18626,320,270,7.000
18627,195,165,5.629
18628,320,260,7.333
18629,320,277,7.389
18630,214,186,6.018
18631,320,265,7.482
18632,320,275,7.222
18633,200,166,5.815
18634,320,277,7.241
18635,320,267,7.407
18636,214,171,6.019
18637,320,272,7.556
18638,320,270,7.630
18639,206,188,5.815
18640,320,273,7.278
18641,320,271,7.278
18642,193,162,5.555
18643,320,270,7.426
18644,320,270,7.055
18645,187,161,5.296
18646,320,272,7.092
18647,320,260,7.555
18648,214,186,5.945
18649,320,274,7.445
18650,320,273,7.259
18651,192,163,5.482
18652,320,280,7.149
18653,320,277,7.055
18654,211,184,5.759
18655,320,291,7.092
18656,320,293,7.129
18657,204,170,5.852
18658,320,279,7.204
18659,320,260,7.426
18660,197,170,5.666
18661,320,266,7.371
18662,320,278,7.018
18663,186,156,5.389
18664,320,284,6.963
18665,320,276,6.981
18666,195,177,5.481
18667,320,265,7.222
18668,320,266,7.204
18669,199,169,5.629
18670,320,282,7.074
18671,320,293,6.888
18672,206,186,5.704
18673,320,287,7.185
18674,320,282,7.167
18675,200,177,5.630
18676,320,293,7.037
18677,320,278,7.111
18678,173,142,5.204
18679,320,277,6.889
18680,320,284,6.667
18681,188,164,5.315
18682,320,286,6.963
18683,320,292,6.796
18684,188,160,5.352
18685,320,274,7.019
18686,320,281,6.944
18687,192,167,5.445
18688,320,276,7.166
18689,320,279,7.185
18690,203,176,5.666
18691,320,278,7.185
18692,320,264,7.278
18693,198,157,5.907
18694,320,261,7.259
18695,320,266,7.223
18696,184,161,5.166
18697,320,268,7.093
18698,320,281,7.111
18699,195,154,5.648
18700,320,256,7.333
18701,320,268,7.148
18702,191,165,5.444
18703,320,257,7.333
18704,320,273,7.203
18705,213,177,6.000
18706,320,264,7.482
18707,320,252,7.741
18708,212,179,5.982
18709,320,264,7.426
18710,320,259,7.370
18711,184,145,5.445
18712,320,263,7.055
18713,320,249,7.204
18714,200,171,5.574
18715,320,275,7.259
18716,320,266,7.370
18717,198,159,5.834
18718,320,266,7.203
18719,320,258,7.203
18720,196,161,5.500
18721,320,263,7.296
18722,320,263,7.389
18723,203,160,5.907
18724,320,263,7.277
18725,320,259,7.333
18726,186,152,5.333
18727,320,262,7.092
18728,320,267,7.055
18729,181,158,5.167
18730,320,260,7.055
18731,320,274,6.981
18732,204,169,5.722
18733,320,263,7.593
18734,320,266,7.185
18735,183,147,5.463
18736,320,267,7.926
18737,320,262,12.629
18738,191,146,10.574
18739,320,251,12.555
18740,320,261,11.315
18741,178,135,7.611
18742,320,263,8.851
18743,320,260,11.741
18744,179,142,7.371
18745,320,268,13.926
18746,320,281,15.278
18747,185,160,11.203
18748,320,280,12.148
18749,320,274,8.519
18750,163,137,8.944
18751,320,285,10.667
18752,320,247,13.000
18753,158,124,11.648
18754,320,268,14.833
18755,320,283,10.481
18756,142,129,7.445
18757,320,281,13.000
18758,320,290,14.055
18759,156,137,12.018
18760,320,282,7.407
18761,320,287,14.333
18762,178,161,10.611
18763,320,283,12.629
18764,320,285,11.889
18765,154,136,10.667
18766,320,282,11.500
18767,320,276,11.667
18768,140,118,9.685
18769,320,274,14.445
18770,320,277,12.166
18771,163,141,10.833
18772,320,270,15.611
18773,320,278,12.425
18774,175,153,10.463
18775,320,286,11.685
18776,320,277,17.334
18777,200,167,11.296
18778,320,271,8.222
18779,320,259,9.352
18780,194,157,11.611
18781,320,269,13.797
18782,320,270,10.593
18783,192,169,12.000
18784,320,269,13.259
18785,320,280,12.778
18786,175,147,9.722
18787,320,269,12.166
18788,320,269,13.871
18789,175,132,10.093
18790,320,277,15.259
18791,320,266,15.704
18792,192,152,10.074
18793,320,267,14.018
18794,320,272,10.445
18795,209,182,11.963
18796,320,275,11.315
18797,320,274,16.111
18798,192,164,12.574
18799,320,274,12.648
18800,320,265,15.666
18801,203,162,7.389
18802,320,270,9.759
18803,320,273,9.056
18804,199,175,6.982
18805,320,272,11.167
18806,320,257,8.630
18807,179,148,6.759
18808,320,261,8.445
18809,320,253,9.130
18810,210,179,7.278
18811,320,276,7.963
18812,320,271,8.278
18813,200,170,6.945
18814,320,266,9.555
18815,320,271,8.889
18816,197,174,6.463
18817,320,270,9.704
18818,320,280,8.037
18819,207,181,7.963
18820,320,272,7.648
18821,320,265,7.852
18822,199,170,5.703
18823,320,276,9.055
18824,320,278,8.074
18825,176,156,5.407
18826,320,262,7.500
18827,320,273,7.278
18828,200,175,6.297
18829,320,272,8.297
18830,320,279,7.666
18831,188,157,6.129
18832,320,267,8.185
18833,320,276,8.000
18834,199,174,6.204
18835,320,289,10.074
18836,320,270,8.852
18837,204,179,6.482
18838,320,283,8.241
18839,320,278,8.500
18840,188,156,7.352
18841,320,272,9.685
18842,320,280,8.185
18843,183,152,5.777
18844,320,280,8.148
18845,320,273,8.166
18846,191,168,5.500
18847,320,281,7.037
18848,320,278,27.944
18849,178,155,8.592
18850,320,278,7.963
18851,320,288,8.630
18852,199,171,6.685
18853,320,260,8.241
18854,320,286,7.852
18855,199,168,6.407
18856,320,258,9.389
18857,320,263,7.741
18858,176,147,6.389
18859,320,276,8.796
18860,320,259,7.815
18861,196,171,5.870
18862,320,272,7.574
18863,320,249,8.370
18864,191,155,6.352
18865,320,248,8.259
18866,320,269,7.352
18867,201,168,5.833
18868,320,270,8.092
18869,320,280,7.370
18870,199,172,5.704
18871,320,256,7.685
18872,320,270,7.297
18873,196,169,6.074
18874,320,242,7.648
18875,320,262,7.815
18876,200,155,5.963
18877,320,271,7.296
18878,320,263,7.315
18879,200,153,6.000
18880,320,270,7.648
18881,320,251,7.704
18882,193,164,5.518
18883,320,266,7.463
18884,320,249,7.445
18885,224,168,6.407
18886,320,257,8.037
18887,320,258,7.760
18888,190,153,5.667
18889,320,268,8.222
18890,320,258,7.463
18891,179,148,20.314
18892,320,253,7.963
18893,320,266,7.685
18894,204,154,6.277
18895,320,247,7.852
18896,320,261,7.537
18897,204,158,6.056
18898,320,278,7.241
18899,320,269,7.407
18900,203,158,6.037
18901,320,246,8.093
18902,320,246,7.370
18903,167,127,5.092
18904,320,238,7.352
18905,320,247,7.593
18906,187,150,5.593
18907,320,263,8.148
18908,320,254,7.555
18909,181,154,6.000
18910,320,273,7.334
18911,320,266,7.093
18912,186,155,5.556
18913,320,254,7.537
18914,320,271,7.260
18915,185,143,5.667
18916,320,245,7.445
18917,320,265,6.963
18918,129,107,4.370
18919,320,267,6.759
18920,320,265,6.833
18921,165,139,4.870
18922,320,268,7.167
18923,320,270,7.482
18924,175,146,5.222
18925,320,276,7.130
18926,320,287,6.889
18927,182,157,5.333
18928,320,261,7.352
18929,320,285,6.815
18930,168,134,5.204
18931,320,249,7.223
18932,320,244,7.000
18933,145,114,4.593
18934,320,258,6.889
18935,320,270,7.167
18936,183,146,5.315
18937,320,266,7.129
18938,320,275,6.926
18939,178,151,5.185
18940,320,273,6.981
18941,320,258,7.296
18942,210,173,5.870
18943,320,277,7.296
18944,320,270,7.388
18945,197,153,5.722
18946,320,276,7.204
18947,320,270,7.111
18948,184,149,5.445
18949,320,257,7.333
18950,320,241,7.333
18951,180,143,5.203
18952,320,257,7.259
18953,320,257,7.834
18954,191,159,5.667
18955,320,261,7.555
18956,320,263,7.333
18957,202,172,5.666
18958,320,259,7.500
18959,320,274,7.167
18960,210,174,6.129
18961,320,267,7.426
18962,320,252,7.556
18963,208,161,6.000
18964,320,257,7.741
18965,320,266,7.481
18966,211,167,6.129
18967,320,252,7.519
18968,320,254,7.445
18969,196,154,6.130
18970,320,261,7.426
18971,320,254,7.481
18972,191,150,5.685
18973,320,265,7.222
18974,320,258,7.352
18975,202,166,5.777
18976,320,265,7.593
18977,320,263,7.518
18978,219,194,6.037
18979,320,260,7.778
18980,320,257,7.518
18981,201,159,5.926
18982,320,265,7.352
18983,320,273,7.371
18984,212,166,6.111
18985,320,260,7.740
18986,320,270,7.612
18987,205,180,6.352
18988,320,268,7.389
18989,320,258,7.500
18990,197,159,5.833
18991,320,257,7.315
18992,320,263,7.148
18993,190,153,5.481
18994,320,265,7.148
18995,320,272,7.204
18996,206,170,5.963
18997,320,269,7.296
18998,320,269,7.222
18999,191,159,5.500
19000,320,265,7.222
19001,320,272,7.148
19002,206,175,5.759
19003,320,277,7.259
19004,320,274,7.203
19005,201,170,5.834
19006,320,276,7.074
19007,320,273,7.185
19008,187,160,5.482
19009,320,261,7.260
19010,320,259,7.278
19011,196,164,5.445
19012,320,267,7.296
19013,320,268,7.204
19014,195,161,5.685
19015,320,261,7.333
19016,320,266,7.167
19017,194,159,5.463
19018,320,262,7.259
19019,320,270,7.389
19020,211,171,6.037
19021,320,256,7.685
19022,320,263,7.463
19023,211,181,5.982
19024,320,255,7.592
19025,320,252,7.426
19026,183,150,5.685
19027,320,260,7.259
19028,320,251,7.334
19029,206,167,5.852
19030,320,254,7.556
19031,320,261,7.315
19032,211,150,6.259
19033,320,241,7.648
19034,320,260,7.370
19035,213,170,6.092
19036,320,257,7.574
19037,320,239,7.982
19038,212,155,6.519
19039,320,244,7.834
19040,320,230,7.981
19041,221,161,6.537
19042,320,230,7.944
19043,320,221,8.018
19044,216,160,6.333
19045,320,244,7.796
19046,320,265,7.426
19047,208,169,6.055
19048,320,252,7.445
19049,320,249,7.629
19050,208,168,6.018
19051,320,242,7.667
19052,320,254,7.389
19053,222,164,6.389
19054,320,236,7.908
19055,320,230,8.167
19056,203,144,6.389
19057,320,238,7.759
19058,320,259,7.611
19059,202,158,5.908
19060,320,253,7.389
19061,320,233,7.629
19062,201,149,5.945
19063,320,236,7.555
19064,320,242,7.704
19065,222,178,6.333
19066,320,262,7.778
19067,320,242,7.889
19068,200,169,5.852
19069,320,257,7.500
19070,320,242,7.500
19071,197,146,5.797
19072,320,224,7.741
19073,320,239,7.426
19074,193,138,5.685
19075,320,230,7.612
19076,320,239,7.444
19077,192,146,5.667
19078,320,247,7.371
19079,320,268,7.277
19080,190,144,5.648
19081,320,252,7.333
19082,320,259,7.297
19083,189,142,5.611
19084,320,239,7.408
19085,320,253,7.371
19086,189,138,5.740
19087,320,241,7.482
19088,320,237,7.352
19089,139,114,4.463
19090,320,250,6.945
19091,320,249,7.018
19092,162,122,5.000
19093,320,243,7.297
19094,320,255,7.333
19095,190,157,5.574
19096,320,274,7.352
19097,320,265,7.334
19098,189,157,5.537
19099,320,263,7.260
19100,320,263,7.093
19101,187,158,5.352
19102,320,251,7.278
19103,320,258,7.389
19104,167,134,5.037
19105,320,249,7.185
19106,320,257,7.018
19107,177,141,5.222
19108,320,268,7.166
19109,320,250,7.426
19110,198,159,5.685
19111,320,256,7.296
19112,320,261,7.185
19113,211,177,5.833
19114,320,264,7.482
19115,320,248,7.629
19116,215,174,6.389
19117,320,247,7.741
19118,320,258,7.611
19119,210,169,6.185
19120,320,246,7.629
19121,320,248,7.481
19122,195,145,5.833
19123,320,237,7.611
19124,320,259,7.240
19125,194,150,5.667
19126,320,261,7.481
19127,320,256,7.426
19128,204,154,6.018
19129,320,249,7.815
19130,320,262,7.685
19131,219,183,6.259
19132,320,254,7.797
19133,320,272,7.500
19134,227,183,6.463
19135,320,258,8.056
19136,320,250,7.851
19137,224,176,6.796
19138,320,258,7.611
19139,320,247,7.778
19140,223,179,6.426
19141,320,254,7.760
19142,320,261,7.703
19143,206,172,6.019
19144,320,256,7.685
19145,320,260,7.463
19146,209,171,6.000
19147,320,243,7.630
19148,320,237,7.797
19149,214,164,6.241
19150,320,241,7.648
19151,320,258,7.722
19152,220,174,6.222
19153,320,245,8.037
19154,320,254,7.722
19155,221,178,6.407
19156,320,245,7.907
19157,320,261,7.500
19158,217,167,6.296
19159,320,255,7.815
19160,320,264,7.852
19161,222,190,6.333
19162,320,266,7.815
19163,320,266,7.648
19164,217,173,6.222
19165,320,255,7.796
19166,320,250,7.648
19167,210,165,6.314
19168,320,251,7.722
19169,320,262,7.463
19170,194,151,5.815
19171,320,264,7.315
19172,320,267,7.315
19173,210,171,5.945
19174,320,259,7.611
19175,320,254,7.518
19176,203,154,5.926
19177,320,271,7.185
19178,320,269,7.351
19179,212,179,6.000
19180,320,261,7.611
19181,320,269,7.722
19182,216,180,6.203
19183,320,269,7.444
19184,320,269,7.315
19185,201,165,5.704
19186,320,264,7.388
19187,320,256,7.260
19188,190,150,5.685
19189,320,270,7.148
19190,320,277,7.259
19191,198,152,5.852
19192,320,263,7.222
19193,320,256,7.278
19194,188,159,5.407
19195,320,277,7.037
19196,320,262,7.278
19197,209,176,5.852
19198,320,266,7.760
19199,320,267,7.704
19200,211,174,6.074
19201,320,264,7.500
19202,320,262,7.667
19203,201,169,5.760
19204,320,261,7.351
19205,320,246,7.333
19206,197,155,5.703
19207,320,260,7.278
19208,320,248,7.759
19209,219,171,6.315
19210,320,235,7.852
19211,320,237,7.666
19212,203,164,5.870
19213,320,263,7.389
19214,320,264,7.537
19215,220,173,6.260
19216,320,244,7.870
19217,320,263,7.759
19218,228,168,6.629
19219,320,234,8.000
19220,320,249,7.833
19221,218,167,6.481
19222,320,239,7.741
19223,320,260,7.574
19224,206,166,5.944
19225,320,252,7.592
19226,320,264,7.389
19227,214,165,6.185
19228,320,242,7.667
19229,320,226,8.000
19230,221,167,6.352
19231,320,256,7.759
19232,320,234,7.945
19233,228,167,6.777
19234,320,225,20.648
19235,320,244,8.130
19236,208,160,6.074
19237,320,239,7.722
19238,320,247,7.537
19239,211,160,6.129
19240,320,240,7.722
19241,320,239,7.611
19242,213,167,6.222
19243,320,253,7.574
19244,320,256,7.556
19245,209,170,6.223
19246,320,240,7.760
19247,320,244,7.834
19248,202,174,5.741
19249,320,241,7.556
19250,320,233,7.629
19251,196,136,6.056
19252,320,220,7.926
19253,320,235,7.556
19254,180,143,5.389
19255,320,243,7.259
19256,320,251,7.241
19257,183,137,5.370
19258,320,246,7.334
19259,320,249,7.315
19260,205,157,5.963
19261,320,236,7.815
19262,320,228,7.722
19263,195,159,5.704
19264,320,250,7.445
19265,320,246,7.500
19266,159,114,5.037
19267,320,248,7.296
19268,320,253,6.889
19269,146,113,4.759
19270,320,244,7.018
19271,320,253,7.056
19272,160,121,4.962
19273,320,271,6.796
19274,320,275,6.852
19275,189,159,5.371
19276,320,261,7.277
19277,320,266,6.982
19278,165,128,5.000
19279,320,250,7.074
19280,320,238,7.223
19281,135,106,4.351
19282,320,253,6.796
19283,320,268,6.759
19284,156,118,4.888
19285,320,269,6.926
19286,320,261,6.926
19287,181,152,5.203
19288,320,260,7.241
19289,320,268,7.333
19290,209,178,5.759
19291,320,266,7.593
19292,320,252,7.555
19293,200,170,5.778
19294,320,266,7.352
19295,320,253,7.407
19296,195,150,5.592
19297,320,242,7.463
19298,320,241,7.407
19299,181,133,5.334
19300,320,265,7.241
19301,320,248,7.389
19302,207,175,5.722
19303,320,255,7.537
19304,320,256,7.333
19305,202,166,5.778
19306,320,255,7.445
19307,320,266,7.426
19308,223,177,6.315
19309,320,265,7.777
19310,320,269,7.815
19311,238,193,6.611
19312,320,264,7.963
19313,320,262,8.093
19314,224,188,6.482
19315,320,255,7.741
19316,320,265,7.537
19317,222,167,6.407
19318,320,263,7.611
19319,320,263,7.611
19320,217,172,6.185
19321,320,246,7.704
19322,320,264,7.740
19323,225,185,6.426
19324,320,254,7.852
19325,320,261,7.630
19326,214,180,6.111
19327,320,257,7.629
19328,320,264,7.500
19329,229,194,6.407
19330,320,257,7.907
19331,320,268,7.722
19332,230,188,6.463
19333,320,256,7.759
19334,320,260,7.759
19335,232,183,6.629
19336,320,255,8.129
19337,320,262,7.740
19338,229,191,6.574
19339,320,256,7.851
19340,320,257,7.833
19341,234,187,6.907
19342,320,263,7.945
19343,320,262,7.852
19344,222,179,6.519
19345,320,266,7.722
19346,320,241,7.814
19347,211,167,6.370
19348,320,255,7.630
19349,320,267,7.518
19350,217,190,5.982
19351,320,262,7.629
19352,320,255,7.500
19353,215,176,6.223
19354,320,250,7.611
19355,320,264,7.445
19356,214,169,6.167
19357,320,266,7.537
19358,320,268,7.556
19359,225,196,6.445
19360,320,286,7.611
19361,320,275,7.704
19362,224,194,6.240
19363,320,268,7.666
19364,320,260,7.722
19365,215,176,6.018
19366,320,260,7.500
19367,320,265,7.333
19368,195,161,5.685
19369,320,280,7.148
19370,320,271,7.186
19371,196,161,5.666
19372,320,277,7.167
19373,320,271,7.185
19374,199,164,5.648
19375,320,259,7.315
19376,320,276,7.203
19377,219,193,5.926
19378,320,274,7.445
19379,320,275,7.537
19380,215,187,6.037
19381,320,254,7.649
19382,320,272,7.370
19383,213,176,5.982
19384,320,260,7.592
19385,320,262,7.351
19386,208,161,6.074
19387,320,262,7.444
19388,320,255,7.518
19389,215,182,6.185
19390,320,254,7.481
19391,320,252,7.574
19392,208,176,5.815
19393,320,260,7.666
19394,320,261,7.444
19395,235,195,6.592
19396,320,252,8.148
19397,320,251,7.982
19398,243,189,6.982
19399,320,261,8.111
19400,320,259,8.074
19401,235,187,6.944
19402,320,248,8.166
19403,320,259,7.759
19404,219,177,6.222
19405,320,255,7.685
19406,320,254,7.722
19407,229,184,6.482
19408,320,246,8.037
19409,320,244,8.037
19410,237,178,6.963
19411,320,233,8.167
19412,320,239,8.129
19413,232,184,6.722
19414,320,254,7.852
19415,320,244,8.185
19416,230,181,6.907
19417,320,248,8.018
19418,320,251,8.222
19419,232,178,6.593
19420,320,243,7.926
19421,320,242,8.185
19422,230,162,6.963
19423,320,226,8.148
19424,320,231,8.019
19425,234,179,6.907
19426,320,243,7.870
19427,320,244,7.926
19428,222,170,6.611
19429,320,258,7.611
19430,320,240,7.889
19431,207,157,6.074
19432,320,246,7.593
19433,320,239,7.648
19434,232,169,6.556
19435,320,219,8.445
19436,320,229,8.055
19437,201,148,6.296
19438,320,234,7.777
19439,320,238,7.667
19440,208,160,6.000
19441,320,246,7.611
19442,320,238,7.667
19443,199,138,5.907
19444,320,231,7.685
19445,320,237,7.574
19446,208,139,6.278
19447,320,223,7.982
19448,320,239,7.667
19449,204,167,5.907
19450,320,259,7.426
19451,320,231,7.574
19452,159,116,4.963
19453,320,239,7.000
19454,320,219,7.352
19455,183,140,5.407
19456,320,253,7.389
19457,320,241,7.500
19458,183,155,5.444
19459,320,262,7.148
19460,320,263,7.092
19461,188,159,5.407
19462,320,250,7.389
19463,320,251,7.240
19464,191,138,5.722
19465,320,245,7.333
19466,320,246,7.389
19467,165,111,5.444
19468,320,235,7.352
19469,320,233,7.093
19470,164,126,4.945
19471,320,261,7.000
19472,320,241,7.129
19473,193,145,5.667
19474,320,261,7.352
19475,320,248,7.574
19476,206,175,5.704
19477,320,258,7.741
19478,320,264,7.463
19479,214,176,6.278
19480,320,261,7.500
19481,320,234,7.907
19482,205,158,6.074
19483,320,249,7.556
19484,320,238,7.593
19485,201,153,5.925
19486,320,246,7.537
19487,320,243,7.556
19488,201,159,5.741
19489,320,245,7.648
19490,320,266,7.426
19491,210,150,6.277
19492,320,250,7.722
19493,320,248,7.593
19494,208,167,5.926
19495,320,242,7.500
19496,320,238,7.759
19497,240,185,6.852
19498,320,245,8.185
19499,320,246,8.407
19500,238,185,7.129
19501,320,261,8.000
19502,320,244,8.018
19503,215,168,6.297
19504,320,257,7.518
19505,320,254,7.704
19506,220,171,6.278
19507,320,249,7.796
19508,320,247,7.704
19509,226,178,6.426
19510,320,247,7.888
19511,320,240,8.056
19512,226,163,6.648
19513,320,257,7.852
19514,320,238,7.889
19515,210,166,6.203
19516,320,232,7.741
19517,320,243,7.686
19518,227,186,6.389
19519,320,249,7.926
19520,320,249,8.000
19521,226,177,6.445
19522,320,225,8.296
19523,320,238,7.945
19524,223,171,6.407
19525,320,259,7.592
19526,320,256,7.555
19527,222,173,6.444
19528,320,254,7.796
19529,320,243,8.018
19530,224,167,6.556
19531,320,248,7.778
19532,320,251,7.704
19533,211,156,6.278
19534,320,246,7.593
19535,320,246,7.630
19536,197,160,5.685
19537,320,250,7.518
19538,320,251,7.574
19539,204,155,6.019
19540,320,259,7.445
19541,320,255,7.370
19542,198,153,5.759
19543,320,259,7.315
19544,320,271,7.315
19545,207,166,5.962
19546,320,261,7.740
19547,320,261,7.426
19548,208,175,5.908
19549,320,260,7.574
19550,320,245,7.538
19551,204,159,6.000
19552,320,241,7.852
19553,320,260,7.241
19554,195,165,5.685
19555,320,266,7.278
19556,320,257,7.314
19557,193,150,5.667
19558,320,249,7.333
19559,320,242,7.463
19560,208,165,5.815
19561,320,256,7.463
19562,320,255,7.611
19563,215,164,6.389
19564,320,259,7.703
19565,320,271,7.537
19566,220,174,6.259
19567,320,264,7.556
19568,320,250,7.741
19569,211,152,6.259
19570,320,232,7.851
19571,320,239,7.722
19572,234,169,6.852
19573,320,229,8.426
19574,320,255,7.815
19575,225,182,7.055
19576,320,246,8.260
19577,320,234,8.130
19578,210,163,6.259
19579,320,257,8.334
19580,320,232,8.408
19581,236,171,7.556
19582,320,222,8.797
19583,320,234,9.037
19584,261,189,7.797
19585,320,233,8.945
19586,320,237,8.963
19587,234,184,7.149
19588,320,236,8.833
19589,320,243,8.167
19590,223,167,6.685
19591,320,242,7.945
19592,320,248,7.815
19593,236,187,6.759
19594,320,240,8.407
19595,320,229,8.315
19596,244,168,7.426
19597,320,233,8.611
19598,320,231,8.537
19599,239,188,7.148
19600,320,230,8.370
19601,320,231,8.407
19602,219,159,6.648
19603,320,228,7.926
19604,320,235,7.741
19605,216,170,6.222
19606,320,245,7.722
19607,320,222,8.185
19608,242,173,7.166
19609,320,222,8.666
19610,320,228,8.555
19611,244,184,7.241
19612,320,234,8.407
19613,320,249,8.037
19614,220,180,6.500
19615,320,235,7.945
19616,320,247,7.833
19617,234,195,6.629
19618,320,201,8.593
19619,320,204,8.593
19620,224,136,7.222
19621,320,200,8.426
19622,320,205,8.278
19623,212,145,6.481
19624,320,239,7.796
19625,320,249,7.723
19626,200,155,5.759
19627,320,243,7.851
19628,320,233,7.963
19629,206,151,6.148
19630,320,221,8.037
19631,320,218,7.963
19632,217,149,6.426
19633,320,222,8.167
19634,320,241,7.778
19635,202,149,6.019
19636,320,244,7.630
19637,320,212,7.778
19638,144,103,4.759
19639,320,215,7.278
19640,320,210,7.371
19641,175,134,5.203
19642,320,247,7.407
19643,320,240,7.574
19644,201,148,6.000
19645,320,247,7.574
19646,320,240,7.833
19647,204,162,5.815
19648,320,250,7.649
19649,320,235,7.760
19650,217,168,6.185
19651,320,237,7.833
19652,320,254,7.575
19653,228,163,6.722
19654,320,226,8.222
19655,320,229,8.463
19656,199,139,6.241
19657,320,249,7.481
19658,320,236,7.592
19659,214,172,6.074
19660,320,244,7.685
19661,320,258,7.555
19662,232,185,6.666
19663,320,235,8.056
19664,320,240,8.240
19665,244,187,7.074
19666,320,252,8.204
19667,320,243,8.371
19668,248,198,7.463
19669,320,251,8.333
19670,320,267,8.222
19671,257,218,7.463
19672,320,249,8.481
19673,320,257,8.500
19674,253,195,7.630
19675,320,249,8.389
19676,320,226,8.611
19677,253,192,7.611
19678,320,260,8.519
19679,320,246,8.389
19680,252,193,7.519
19681,320,250,8.334
19682,320,256,9.093
19683,247,180,7.870
19684,320,265,8.778
19685,320,250,8.222
19686,248,212,7.278
19687,320,254,8.518
19688,320,244,8.334
19689,251,195,7.482
19690,320,239,8.518
19691,320,245,8.425
19692,262,214,7.593
19693,320,260,8.444
19694,320,258,8.796
19695,277,219,8.278
19696,320,268,8.981
19697,320,261,9.092
19698,269,220,8.371
19699,320,260,8.907
19700,320,260,8.740
19701,272,223,8.259
19702,320,257,8.889
19703,320,277,8.648
19704,270,211,8.278
19705,320,263,8.685
19706,320,266,8.648
19707,269,230,8.037
19708,320,262,8.908
19709,320,255,8.907
19710,275,239,8.074
19711,320,266,8.852
19712,320,277,9.352
19713,279,230,9.481
19714,320,260,9.426
19715,320,263,9.148
19716,273,223,8.463
19717,320,274,8.926
19718,320,253,9.166
19719,271,224,8.389
19720,320,263,8.778
19721,320,256,8.944
19722,267,198,8.222
19723,320,256,8.871
19724,320,257,8.889
19725,269,214,8.000
19726,320,251,8.981
19727,320,255,8.870
19728,272,239,7.963
19729,320,263,8.796
19730,320,274,9.166
19731,273,228,8.167
19732,320,250,9.222
19733,320,257,8.963
19734,276,217,8.519
19735,320,269,8.907
19736,320,252,9.167
19737,274,220,8.407
19738,320,262,8.796
19739,320,253,9.092
19740,269,218,8.278
19741,320,262,8.796
19742,320,253,8.870
19743,272,216,8.204
19744,320,245,9.037
19745,320,261,8.741
19746,272,206,8.333
19747,320,242,9.333
19748,320,252,8.926
19749,266,203,8.370
19750,320,243,8.908
19751,320,244,8.815
19752,256,191,8.130
19753,320,247,8.667
19754,320,246,8.574
19755,259,202,7.722
19756,320,234,8.686
19757,320,234,8.981
19758,256,189,7.833
19759,320,248,8.463
19760,320,229,8.593
19761,257,192,7.648
19762,320,239,8.759
19763,320,225,8.944
19764,252,186,7.630
19765,320,235,8.741
19766,320,243,8.463
19767,251,200,7.314
19768,320,251,8.463
19769,320,243,8.426
19770,251,193,7.500
19771,320,229,8.426
19772,320,248,8.574
19773,254,193,7.667
19774,320,225,8.685
19775,320,237,8.556
19776,223,165,6.945
19777,320,230,8.000
19778,320,240,8.148
19779,220,163,6.518
19780,320,236,7.962
19781,320,236,7.870
19782,217,155,6.463
19783,320,235,7.870
19784,320,220,8.037
19785,227,180,6.500
19786,320,248,7.797
19787,320,247,7.871
19788,221,171,6.408
19789,320,261,7.870
19790,320,252,7.722
19791,228,186,6.759
19792,320,244,7.981
19793,320,240,7.907
19794,226,172,6.593
19795,320,239,7.945
19796,320,241,7.852
19797,211,169,6.111
19798,320,233,7.760
19799,320,242,8.037
19800,222,173,6.352
19801,320,236,7.852
19802,320,237,7.981
19803,233,176,6.685
19804,320,242,8.130
19805,320,249,8.296
19806,254,188,7.445
19807,320,240,8.667
19808,320,245,8.852
19809,272,213,8.074
19810,320,251,8.926
19811,320,248,9.055
19812,263,220,7.963
19813,320,243,9.019
19814,320,257,8.537
19815,268,211,8.129
19816,320,261,8.759
19817,320,240,9.018
19818,267,191,8.315
19819,320,236,9.056
19820,320,236,8.889
19821,272,207,8.389
19822,320,238,9.074
19823,320,227,9.519
19824,280,210,8.723
19825,320,245,9.352
19826,320,253,9.074
19827,255,198,8.111
19828,320,240,8.703
19829,320,255,8.704
19830,261,183,8.000
19831,320,249,8.518
19832,320,256,8.666
19833,267,210,7.908
19834,320,247,8.851
19835,320,241,8.981
19836,284,209,8.815
19837,320,252,9.111
19838,320,259,9.592
19839,298,225,9.370
19840,320,241,9.870
19841,320,249,9.908
19842,289,217,9.612
19843,320,251,10.037
19844,320,256,9.740
19845,278,210,9.093
19846,320,245,9.833
19847,320,238,9.426
19848,258,190,8.445
19849,320,236,9.203
19850,320,241,8.852
19851,263,194,7.945
19852,320,232,9.334
19853,320,242,9.241
19854,275,198,8.685
19855,320,230,9.186
19856,320,226,9.278
19857,275,191,8.907
19858,320,233,9.537
19859,320,233,9.648
19860,274,208,8.518
19861,320,243,9.296
19862,320,247,9.352
19863,265,195,9.537
19864,320,242,9.722
19865,320,239,9.500
19866,266,183,8.722
19867,320,232,9.352
19868,320,225,9.278
19869,271,179,8.574
19870,320,231,9.981
19871,320,210,9.370
19872,276,199,8.981
19873,320,226,9.796
19874,320,229,9.852
19875,275,191,9.074
19876,320,233,9.704
19877,320,231,9.722
19878,254,172,8.481
19879,320,232,9.092
19880,320,232,9.278
19881,242,178,7.889
19882,320,203,9.167
19883,320,223,57.000
19884,266,194,9.666
19885,320,220,10.166
19886,320,202,10.204
19887,262,154,9.148
19888,320,190,9.870
19889,320,181,10.407
19890,262,172,9.611
19891,320,191,10.185
19892,320,216,10.056
19893,252,168,8.426
19894,320,228,9.352
19895,320,214,36.815
19896,241,174,10.259
19897,320,218,10.093
19898,320,220,9.037
19899,245,161,8.296
19900,320,227,9.185
19901,320,195,9.204
19902,265,173,8.611
19903,320,220,9.352
19904,320,215,9.426
19905,247,188,8.296
19906,320,219,9.407
19907,320,216,9.593
19908,201,128,7.963
19909,320,200,8.019
19910,320,203,8.185
19911,207,139,6.185
19912,320,217,7.944
19913,320,218,7.962
19914,229,155,6.852
19915,320,213,8.741
19916,320,210,8.593
19917,231,162,7.222
19918,320,239,8.314
19919,320,222,8.574
19920,218,165,6.500
19921,320,227,8.130
19922,320,242,8.129
19923,220,156,6.611
19924,320,221,8.074
19925,320,233,8.000
19926,240,166,7.111
19927,320,226,8.611
19928,320,200,8.611
19929,214,147,6.574
19930,320,212,8.222
19931,320,221,8.185
19932,223,148,6.723
19933,320,227,8.111
19934,320,234,8.796
19935,231,176,6.908
19936,320,228,8.222
19937,320,228,8.352
19938,243,175,7.130
19939,320,228,8.277
19940,320,213,8.741
19941,252,173,7.556
19942,320,234,8.741
19943,320,253,8.833
19944,263,193,7.852
19945,320,231,8.926
19946,320,243,8.759
19947,264,211,7.945
19948,320,236,9.130
19949,320,241,8.741
19950,253,174,7.815
19951,320,233,8.778
19952,320,232,8.685
19953,256,190,8.019
19954,320,212,8.778
19955,320,224,8.666
19956,250,173,7.741
19957,320,227,8.926
19958,320,239,8.574
19959,255,184,7.723
19960,320,240,9.093
19961,320,245,8.797
19962,254,190,7.666
19963,320,234,8.666
19964,320,242,8.574
19965,266,204,7.907
19966,320,224,8.945
19967,320,223,9.074
19968,263,201,8.111
19969,320,234,9.074
19970,320,234,9.055
19971,283,215,8.481
19972,320,251,9.185
19973,320,239,9.426
19974,287,228,9.148
19975,320,251,9.537
19976,320,243,9.463
19977,278,222,8.667
19978,320,235,9.629
19979,320,249,9.277
19980,277,209,8.834
19981,320,256,9.204
19982,320,257,9.259
19983,276,220,8.555
19984,320,239,9.388
19985,320,257,9.093
19986,274,213,8.685
19987,320,261,8.889
19988,320,250,8.963
19989,279,211,8.778
19990,320,243,9.260
19991,320,250,9.722
19992,271,215,8.962
19993,320,257,9.037
19994,320,238,9.407
19995,271,197,8.444
19996,320,238,9.056
19997,320,245,8.982
19998,264,199,8.222
19999,320,240,8.870
20000,320,241,8.815
20001,266,200,8.093
20002,320,237,8.852
20003,320,239,8.889
20004,273,199,8.426
20005,320,242,9.186
20006,320,239,8.981
20007,269,219,8.296
20008,320,245,9.167
20009,320,240,9.055
20010,274,200,8.352
20011,320,240,9.185
20012,320,243,9.000
20013,267,210,8.352
20014,320,235,9.111
20015,320,244,9.056
20016,267,209,7.981
20017,320,239,8.815
20018,320,241,9.037
20019,273,201,8.407
20020,320,267,8.870
20021,320,242,9.185
20022,263,190,8.315
20023,320,235,8.963
20024,320,231,9.130
20025,253,168,8.167
20026,320,235,8.741
20027,320,227,8.630
20028,238,162,7.556
20029,320,233,8.408
20030,320,220,8.482
20031,234,167,7.037
20032,320,234,8.185
20033,320,234,8.388
20034,234,163,7.074
20035,320,228,8.389
20036,320,224,8.445
20037,238,172,7.333
20038,320,209,8.833
20039,320,237,8.537
20040,239,180,7.166
20041,320,251,8.278
20042,320,262,7.963
20043,234,177,6.834
20044,320,230,8.167
20045,320,251,7.908
20046,226,175,6.630
20047,320,245,7.963
20048,320,238,7.871
20049,196,146,5.945
20050,320,250,7.426
20051,320,246,7.723
20052,194,150,5.722
20053,320,232,7.686
20054,320,243,7.482
20055,214,168,6.222
20056,320,243,7.963
20057,320,254,7.630
20058,213,182,6.111
20059,320,264,7.444
20060,320,256,7.629
20061,229,201,6.259
20062,320,250,7.963
20063,320,263,8.000
20064,243,192,7.037
20065,320,247,8.296
20066,320,231,8.241
20067,242,182,7.056
20068,320,242,8.352
20069,320,248,8.389
20070,229,177,6.945
20071,320,240,8.296
20072,320,245,8.037
20073,229,174,6.778
20074,320,248,7.926
20075,320,247,8.426
20076,242,186,6.797
20077,320,234,8.259
20078,320,234,8.426
20079,253,195,7.629
20080,320,231,8.722
20081,320,264,8.555
20082,281,207,8.444
20083,320,254,8.796
20084,320,248,8.741
20085,266,209,8.389
20086,320,238,9.389
20087,320,257,8.945
20088,256,198,8.167
20089,320,259,8.574
20090,320,241,8.741
20091,261,200,7.852
20092,320,234,8.537
20093,320,240,8.648
20094,261,194,7.870
20095,320,239,8.760
20096,320,229,9.222
20097,267,185,8.408
20098,320,220,9.203
20099,320,240,9.185
20100,262,193,8.222
20101,320,232,8.889
20102,320,241,8.944
20103,258,194,7.833
20104,320,250,8.537
20105,320,236,8.814
20106,275,212,8.093
20107,320,236,9.222
20108,320,230,9.426
20109,275,207,8.685
20110,320,217,9.389
20111,320,223,9.555
20112,289,196,9.277
20113,320,223,9.666
20114,320,230,9.685
20115,281,214,9.111
20116,320,229,9.907
20117,320,236,9.425
20118,263,192,8.648
20119,320,245,9.204
20120,320,236,8.889
20121,259,190,8.278
20122,320,236,8.851
20123,320,240,9.278
20124,262,188,7.963
20125,320,228,9.019
20126,320,241,8.723
20127,278,191,8.611
20128,320,217,9.630
20129,320,207,9.759
20130,283,184,9.223
20131,320,215,10.000
20132,320,208,9.778
20133,261,177,8.926
20134,320,223,9.370
20135,320,239,9.259
20136,261,187,8.093
20137,320,240,8.666
20138,320,233,8.852
20139,254,181,7.963
20140,320,243,8.796
20141,320,229,8.982
20142,277,160,8.889
20143,320,210,9.519
20144,320,214,9.537
20145,273,194,8.982
20146,320,194,10.074
20147,320,211,9.648
20148,269,198,8.611
20149,320,219,9.334
20150,320,214,9.389
20151,261,188,8.481
20152,320,220,9.315
20153,320,221,9.019
20154,246,154,7.926
20155,320,209,8.703
20156,320,222,8.407
20157,251,161,7.703
20158,320,192,9.129
20159,320,197,9.148
20160,271,178,8.315
20161,320,215,9.371
20162,320,203,9.463
20163,278,183,9.149
20164,320,225,9.648
20165,320,220,9.297
20166,237,158,8.204
20167,320,213,8.630
20168,320,221,8.519
20169,230,145,7.056
20170,320,202,8.334
20171,320,203,8.445
20172,240,150,7.611
20173,320,184,8.834
20174,320,202,8.703
20175,247,140,7.815
20176,320,189,8.982
20177,320,194,8.926
20178,209,116,6.870
20179,320,203,8.389
20180,320,187,8.241
20181,180,96,5.777
20182,320,192,8.314
20183,320,200,7.778
20184,225,122,6.926
20185,320,166,8.814
20186,320,164,9.185
20187,208,123,6.704
20188,320,204,8.240
20189,320,198,8.333
20190,201,116,7.074
20191,320,195,8.593
20192,320,213,7.945
20193,214,132,6.482
20194,320,197,8.389
20195,320,195,8.611
20196,222,123,6.963
20197,320,180,8.963
20198,320,233,8.463
20199,241,166,7.482
20200,320,209,8.815
20201,320,239,8.426
20202,242,170,7.129
20203,320,238,8.278
20204,320,237,8.593
20205,267,219,7.852
20206,320,250,8.703
20207,320,249,8.852
20208,263,185,8.167
20209,320,227,9.037
20210,320,228,8.871
20211,259,194,7.926
20212,320,232,8.963
20213,320,220,9.092
20214,259,197,7.945
20215,320,215,9.055
20216,320,217,9.185
20217,269,194,8.444
20218,320,227,9.204
20219,320,229,9.297
20220,272,181,8.649
20221,320,235,9.278
20222,320,231,9.297
20223,265,183,8.463
20224,320,225,9.240
20225,320,228,9.111
20226,275,198,8.482
20227,320,245,9.055
20228,320,223,9.463
20229,287,201,8.963
20230,320,249,9.593
20231,320,238,9.740
20232,297,218,9.759
20233,320,238,10.241
20234,320,252,10.018
20235,293,221,9.426
20236,320,261,10.037
20237,320,251,10.111
20238,296,232,9.852
20239,320,245,10.037
20240,320,255,10.037
20241,297,234,9.907
20242,320,263,9.944
20243,320,237,10.445
20244,299,233,9.778
20245,320,254,10.222
20246,320,248,10.260
20247,301,245,9.851
20248,320,253,10.259
20249,320,249,10.371
20250,299,235,11.093
20251,320,253,10.629
20252,320,246,10.259
20253,304,237,10.185
20254,320,251,10.407
20255,320,249,10.889
20256,306,236,10.519
20257,320,230,10.703
20258,320,263,10.667
20259,298,235,10.204
20260,320,251,10.593
20261,320,263,10.537
20262,293,227,10.148
20263,320,243,10.259
20264,320,254,9.945
20265,289,223,9.426
20266,320,249,9.925
20267,320,265,9.500
20268,291,227,9.315
20269,320,247,10.019
20270,320,255,9.870
20271,294,230,9.574
20272,320,249,10.185
20273,320,248,9.963
20274,297,241,9.592
20275,320,237,10.315
20276,320,260,10.166
20277,300,220,10.185
20278,320,249,10.444
20279,320,245,10.556
20280,298,232,10.315
20281,320,243,10.500
20282,320,236,10.352
20283,297,249,9.722
20284,320,248,10.537
20285,320,255,10.018
20286,291,236,9.704
20287,320,265,9.870
20288,320,261,9.685
20289,291,216,9.574
20290,320,243,9.889
20291,320,262,9.666
20292,293,229,9.445
20293,320,248,10.074
20294,320,258,9.851
20295,294,233,9.574
20296,320,245,10.167
20297,320,243,10.314
20298,301,232,10.037
20299,320,261,10.074
20300,320,245,10.333
20301,295,238,9.815
20302,320,246,10.149
20303,320,254,10.018
20304,296,225,9.889
20305,320,255,10.111
20306,320,253,10.167
20307,295,223,9.815
20308,320,259,10.130
20309,320,245,10.093
20310,287,223,9.593
20311,320,255,9.778
20312,320,258,9.666
20313,281,224,9.074
20314,320,261,9.723
20315,320,240,9.852
20316,282,210,9.093
20317,320,245,9.648
20318,320,232,9.852
20319,274,197,9.000
20320,320,232,9.630
20321,320,234,9.407
20322,278,183,8.870
20323,320,226,9.445
20324,320,233,9.259
20325,263,197,8.481
20326,320,229,9.297
20327,320,220,9.277
20328,262,185,8.240
20329,320,227,9.055
20330,320,241,8.907
20331,262,184,8.278
20332,320,223,9.111
20333,320,220,9.314
20334,271,191,8.426
20335,320,234,9.111
20336,320,223,9.130
20337,263,193,8.352
20338,320,235,9.241
20339,320,237,9.000
20340,255,189,7.981
20341,320,218,8.871
20342,320,229,8.667
20343,238,171,7.370
20344,320,224,8.574
20345,320,232,8.277
20346,215,145,6.444
20347,320,205,8.444
20348,320,205,8.389
20349,218,148,6.500
20350,320,197,8.185
20351,320,221,8.204
20352,222,166,6.741
20353,320,241,7.741
20354,320,250,7.852
20355,220,181,6.296
20356,320,258,7.685
20357,320,244,7.833
20358,223,174,6.593
20359,320,240,7.982
20360,320,255,7.870
20361,231,175,6.908
20362,320,237,8.204
20363,320,237,7.944
20364,218,157,6.463
20365,320,227,8.130
20366,320,236,7.963
20367,236,182,6.963
20368,320,228,8.351
20369,320,235,8.296
20370,239,167,7.129
20371,320,249,8.370
20372,320,236,8.611
20373,254,191,7.519
20374,320,257,8.370
20375,320,242,8.519
20376,265,216,7.926
20377,320,246,8.871
20378,320,238,8.945
20379,284,232,8.537
20380,320,264,9.130
20381,320,252,9.518
20382,292,241,9.241
20383,320,260,9.667
20384,320,262,9.741
20385,294,250,9.352
20386,320,262,9.759
20387,320,258,10.055
20388,285,235,10.482
20389,320,253,9.944
20390,320,255,9.537
20391,281,207,9.093
20392,320,251,9.463
20393,320,263,9.240
20394,276,215,8.574
20395,320,263,9.166
20396,320,270,9.352
20397,292,219,9.148
20398,320,250,9.500
20399,320,248,9.685
20400,288,225,9.426
20401,320,233,10.037
20402,320,259,9.759
20403,294,223,9.667
20404,320,256,9.685
20405,320,245,9.815
20406,286,222,9.241
20407,320,256,10.055
20408,320,246,9.704
20409,290,222,9.574
20410,320,267,9.500
20411,320,262,9.500
20412,292,248,9.315
20413,320,249,9.888
20414,320,237,10.167
20415,300,237,9.963
20416,320,234,10.407
20417,320,250,10.370
20418,300,225,10.055
20419,320,245,10.260
20420,320,234,10.426
20421,299,232,10.296
20422,320,259,10.444
20423,320,250,10.148
20424,292,222,10.315
20425,320,255,10.092
20426,320,248,10.074
20427,293,222,9.703
20428,320,251,10.000
20429,320,245,10.055
20430,281,229,9.204
20431,320,260,9.575
20432,320,242,9.741
20433,284,208,9.222
20434,320,242,9.482
20435,320,248,9.630
20436,288,221,9.000
20437,320,253,9.611
20438,320,244,10.000
20439,301,216,9.944
20440,320,215,10.408
20441,320,220,10.685
20442,296,221,10.093
20443,320,234,10.555
20444,320,234,10.296
20445,290,208,9.740
20446,320,255,10.075
20447,320,255,9.889
20448,280,213,9.186
20449,320,250,9.574
20450,320,258,9.333
20451,276,192,8.963
20452,320,242,9.537
20453,320,231,9.537
20454,284,212,8.889
20455,320,231,9.648
20456,320,217,9.888
20457,285,214,9.333
20458,320,230,9.834
20459,320,237,9.926
20460,286,206,9.315
20461,320,212,10.055
20462,320,224,9.944
20463,278,198,9.388
20464,320,230,9.981
20465,320,199,9.852
20466,256,179,8.388
20467,320,225,9.166
20468,320,208,9.074
20469,238,144,7.537
20470,320,207,8.704
20471,320,207,8.778
20472,254,154,7.944
20473,320,188,9.241
20474,320,197,9.370
20475,271,150,8.740
20476,320,223,9.593
20477,320,215,9.093
20478,247,150,8.370
20479,320,204,22.666
20480,320,187,9.222
20481,207,120,6.852
20482,320,211,8.389
20483,320,226,8.000
20484,212,124,6.778
20485,320,185,8.444
20486,320,180,8.556
20487,200,103,6.463
20488,320,182,8.351
20489,320,205,8.222
20490,174,95,5.741
20491,320,182,7.815
20492,320,226,7.463
20493,189,130,5.815
20494,320,235,7.463
20495,320,197,8.166
20496,213,124,6.648
20497,320,185,8.518
20498,320,222,7.870
20499,209,143,6.259
20500,320,221,8.074
20501,320,243,7.889
20502,228,158,7.074
20503,320,227,8.259
20504,320,226,8.426
20505,238,169,7.019
20506,320,250,8.241
20507,320,216,8.592
20508,247,178,7.407
20509,320,254,8.518
20510,320,248,8.407
20511,258,190,7.907
20512,320,252,8.685
20513,320,253,8.963
20514,277,206,8.611
20515,320,242,9.111
20516,320,252,9.166
20517,282,209,8.925
20518,320,252,9.463
20519,320,248,9.426
20520,284,235,8.778
20521,320,260,9.186
20522,320,255,9.852
20523,285,226,9.148
20524,320,247,9.685
20525,320,265,9.500
20526,292,240,9.426
20527,320,264,9.870
20528,320,246,9.852
20529,294,236,9.389
20530,320,263,10.222
20531,320,252,11.056
20532,301,237,9.888
20533,320,245,10.186
20534,320,235,11.019
20535,301,238,10.111
20536,320,255,10.315
20537,320,260,10.407
20538,296,240,9.925
20539,320,245,10.574
20540,320,243,10.389
20541,286,228,9.777
20542,320,252,9.963
20543,320,259,9.555
20544,281,227,8.963
20545,320,244,9.463
20546,320,241,9.333
20547,283,235,8.796
20548,320,260,9.537
20549,320,263,9.519
20550,295,223,9.334
20551,320,256,10.000
20552,320,256,9.852
20553,306,239,10.111
20554,320,253,10.592
20555,320,253,10.667
20556,298,252,9.963
20557,320,256,10.426
20558,320,260,10.629
20559,306,238,10.445
20560,320,258,10.500
20561,320,261,10.444
20562,299,238,10.129
20563,320,252,10.408
20564,320,247,10.352
20565,298,240,10.111
20566,320,259,10.407
20567,320,270,10.148
20568,297,258,9.981
20569,320,266,10.166
20570,320,269,10.093
20571,300,252,10.259
20572,320,253,10.352
20573,320,267,10.148
20574,304,241,10.019
20575,320,256,10.500
20576,320,242,10.648
20577,300,253,10.371
20578,320,228,10.704
20579,320,257,10.889
20580,312,238,10.981
20581,320,254,10.870
20582,320,267,10.723
20583,301,224,10.648
20584,320,257,11.111
20585,320,249,10.741
20586,301,251,10.519
20587,320,269,10.408
20588,320,263,10.407
20589,289,243,9.704
20590,320,273,9.889
20591,320,264,9.833
20592,293,235,9.537
20593,320,261,9.963
20594,320,253,10.111
20595,292,230,9.426
20596,320,258,9.963
20597,320,250,9.982
20598,295,244,9.537
20599,320,237,10.555
20600,320,247,10.186
20601,291,206,10.222
20602,320,234,10.000
20603,320,235,10.000
20604,278,209,9.426
20605,320,225,9.926
20606,320,232,9.648
20607,268,208,8.963
20608,320,254,9.074
20609,320,244,9.092
20610,259,186,8.334
20611,320,220,9.037
20612,320,226,9.056
20613,269,198,8.277
20614,320,229,9.093
20615,320,236,9.019
20616,267,178,8.740
20617,320,215,9.593
20618,320,249,9.371
20619,268,184,8.703
20620,320,238,9.130
20621,320,237,8.944
20622,245,189,7.963
20623,320,244,8.648
20624,320,239,8.407
20625,236,169,7.093
20626,320,245,8.167
20627,320,237,8.130
20628,195,141,6.056
20629,320,225,7.741
20630,320,217,7.815
20631,193,146,5.759
20632,320,242,7.426
20633,320,255,7.259
20634,180,139,5.352
20635,320,244,7.352
20636,320,260,7.148
20637,207,168,5.796
20638,320,258,7.389
20639,320,253,7.963
20640,244,199,6.889
20641,320,277,7.963
20642,320,257,8.130
20643,262,212,7.519
20644,320,264,8.611
20645,320,265,8.463
20646,262,213,7.759
20647,320,242,8.796
20648,320,256,8.611
20649,263,214,7.888
20650,320,273,8.592
20651,320,274,8.388
20652,256,209,7.704
20653,320,274,8.223
20654,320,260,8.482
20655,255,216,7.537
20656,320,251,8.481
20657,320,264,8.593
20658,266,224,7.908
20659,320,255,8.740
20660,320,268,8.796
20661,283,229,8.333
20662,320,261,9.278
20663,320,256,9.426
20664,299,245,9.222
20665,320,257,9.852
20666,320,253,10.111
20667,297,256,9.759
20668,320,267,10.074
20669,320,268,10.093
20670,287,230,10.111
20671,320,255,10.222
20672,320,253,10.130
20673,282,235,9.222
20674,320,242,9.740
20675,320,265,9.500
20676,288,238,9.203
20677,320,247,9.852
20678,320,249,9.815
20679,294,245,9.537
20680,320,264,9.796
20681,320,238,9.982
20682,292,222,9.611
20683,320,251,10.278
20684,320,245,10.222
20685,304,228,9.981
20686,320,247,10.444
20687,320,240,10.333
20688,301,245,9.963
20689,320,268,10.704
20690,320,263,10.630
20691,291,229,10.222
20692,320,256,10.333
20693,320,261,10.167
20694,283,221,9.667
20695,320,240,10.056
20696,320,239,9.741
20697,290,232,9.204
20698,320,249,9.871
20699,320,240,9.796
20700,292,224,9.537
20701,320,226,10.241
20702,320,252,10.111
20703,306,241,9.925
20704,320,244,10.574
20705,320,255,10.593
20706,305,227,10.759
20707,320,254,10.889
20708,320,252,10.667
20709,304,202,11.056
20710,320,253,10.796
20711,320,241,10.760
20712,290,221,10.370
20713,320,242,10.389
20714,320,266,10.407
20715,295,224,10.018
20716,320,241,10.111
20717,320,258,10.259
20718,290,226,9.611
20719,320,251,10.074
20720,320,241,9.852
20721,291,222,9.407
20722,320,247,9.833
20723,320,247,10.111
20724,301,238,10.148
20725,320,233,10.537
20726,320,237,10.296
20727,305,212,10.648
20728,320,234,10.796
20729,320,239,10.518
20730,286,217,9.963
20731,320,239,10.574
20732,320,250,10.093
20733,278,202,9.537
20734,320,236,10.018
20735,320,231,9.871
20736,272,190,8.981
20737,320,224,9.574
20738,320,247,9.408
20739,278,199,8.926
20740,320,218,9.778
20741,320,216,9.778
20742,287,183,9.592
20743,320,224,9.926
20744,320,197,10.297
20745,288,164,10.111
20746,320,185,10.667
20747,320,193,10.703
20748,288,173,10.185
20749,320,192,10.685
20750,320,205,10.222
20751,259,176,9.037
20752,320,190,11.130
20753,320,199,9.778
20754,240,162,8.037
20755,320,213,9.167
20756,320,203,8.870
20757,240,145,7.611
20758,320,203,9.111
20759,320,164,9.111
20760,269,153,8.630
20761,320,185,9.834
20762,320,180,9.778
20763,259,147,8.759
20764,320,186,9.944
20765,320,189,37.815
20766,217,127,7.760
20767,320,163,8.888
20768,320,156,8.648
20769,208,111,6.611
20770,320,180,8.463
20771,320,164,8.667
20772,221,112,7.018
20773,320,162,8.926
20774,320,171,8.759
20775,220,133,7.222
20776,320,193,8.741
20777,320,217,8.352
20778,212,153,6.389
20779,320,222,8.111
20780,320,236,8.130
20781,247,183,7.203
20782,320,244,8.445
20783,320,238,8.704
20784,261,207,7.815
20785,320,239,8.944
20786,320,227,9.259
20787,275,197,8.537
20788,320,246,9.389
20789,320,257,9.278
20790,290,228,9.092
20791,320,248,9.703
20792,320,256,10.037
20793,293,230,9.833
20794,320,240,10.166
20795,320,239,10.241
20796,291,221,9.778
20797,320,251,10.037
20798,320,255,9.945
20799,297,239,9.611
20800,320,250,10.074
20801,320,269,9.870
20802,290,232,9.648
20803,320,266,9.815
20804,320,244,10.333
20805,301,225,9.981
20806,320,262,9.981
20807,320,256,10.296
20808,301,223,10.093
20809,320,239,11.389
20810,320,242,10.760
20811,318,247,10.686
20812,320,248,11.166
20813,320,259,11.019
20814,318,249,11.703
20815,320,257,11.500
20816,320,246,11.666
20817,320,255,12.092
20818,6,6,8.204
20819,320,263,12.278
20820,320,256,12.111
20821,316,265,11.667
20822,320,239,12.426
20823,320,254,12.444
20824,320,269,12.167
20825,4,4,8.111
20826,320,268,12.204
20827,320,271,12.074
20828,319,262,12.000
20829,320,252,11.944
20830,320,270,11.944
20831,317,263,11.852
20832,320,252,13.056
20833,320,268,12.092
20834,317,249,12.222
20835,320,255,12.166
20836,320,255,11.982
20837,317,256,12.000
20838,320,254,12.482
20839,320,248,12.462
20840,320,241,12.667
20841,6,4,8.111
20842,320,238,12.389
20843,320,238,12.759
20844,320,242,12.648
20845,8,3,8.388
20846,320,238,12.537
20847,320,237,13.463
20848,320,253,14.981
20849,14,12,9.204
20850,320,256,54.444
20851,320,245,15.111
20852,320,245,13.481
20853,9,7,10.019
20854,320,259,14.315
20855,320,268,13.408
20856,320,251,13.333
20857,1,1,9.260
20858,320,245,13.556
20859,320,255,12.852
20860,320,249,12.703
20861,8,5,37.222
20862,320,255,17.130
20863,320,249,13.648
20864,315,243,13.297
20865,320,256,13.444
20866,320,260,13.296
20867,316,258,13.611
20868,320,252,12.982
20869,320,256,14.870
20870,312,253,13.519
20871,320,258,12.185
20872,320,259,12.833
20873,318,254,12.612
20874,320,264,11.851
20875,320,253,11.870
20876,318,251,11.963
20877,320,237,12.278
20878,320,240,12.407
20879,320,243,12.037
20880,13,10,8.481
20881,320,257,12.555
20882,320,241,12.722
20883,320,244,13.445
20884,11,9,8.685
20885,320,244,12.778
20886,320,253,13.093
20887,320,245,12.944
20888,9,8,9.056
20889,320,257,13.223
20890,320,253,12.926
20891,320,261,13.092
20892,2,1,9.111
20893,320,231,13.703
20894,320,250,13.351
20895,320,255,13.222
20896,8,4,8.722
20897,320,248,13.166
20898,320,240,13.222
20899,320,258,12.741
20900,2,2,8.426
20901,320,255,12.408
20902,320,249,12.629
20903,317,255,12.445
20904,320,260,12.426
20905,320,265,13.296
20906,311,247,12.314
20907,320,260,11.926
20908,320,268,11.889
20909,317,249,11.778
20910,320,253,11.981
20911,320,256,11.741
20912,317,252,11.778
20913,320,252,12.352
20914,320,251,11.889
20915,320,249,11.944
20916,4,2,7.667
20917,320,238,12.185
20918,320,243,12.407
20919,318,232,13.092
20920,320,251,12.574
20921,320,234,12.500
20922,320,233,12.537
20923,4,4,8.056
20924,320,244,12.537
20925,320,209,12.778
20926,315,241,12.556
20927,320,254,12.204
20928,320,231,12.389
20929,317,244,12.648
20930,320,241,12.259
20931,320,261,11.519
20932,305,230,11.426
20933,320,254,11.574
20934,320,263,10.926
20935,299,223,10.815
20936,320,252,10.889
20937,320,250,12.537
20938,298,230,10.389
20939,320,247,10.815
20940,320,249,10.574
20941,298,234,10.148
20942,320,234,10.982
20943,320,244,11.019
20944,308,220,10.796
20945,320,231,11.500
20946,320,231,11.223
20947,300,215,10.815
20948,320,229,11.185
20949,320,222,11.111
20950,299,206,10.741
20951,320,232,11.000
20952,320,217,10.870
20953,291,220,10.241
20954,320,224,10.667
20955,320,234,10.426
20956,276,206,9.370
20957,320,227,9.926
20958,320,229,9.537
20959,278,176,9.296
20960,320,203,9.871
20961,320,201,10.166
20962,277,186,9.519
20963,320,211,10.037
20964,320,195,11.426
20965,280,179,9.518
20966,320,208,10.241
20967,320,210,10.037
20968,278,182,9.463
20969,320,214,9.889
20970,320,207,9.796
20971,267,198,8.741
20972,320,237,9.185
20973,320,226,9.148
20974,235,166,7.333
20975,320,220,8.814
20976,320,213,8.593
20977,224,145,7.000
20978,320,198,8.629
20979,320,205,8.556
20980,230,144,7.111
20981,320,205,8.648
20982,320,212,8.463
20983,195,136,6.333
20984,320,223,8.000
20985,320,230,7.574
20986,190,124,5.778
20987,320,236,7.648
20988,320,245,7.796
20989,224,160,6.778
20990,320,245,8.166
20991,320,240,8.204
20992,239,179,7.241
20993,320,253,8.259
20994,320,252,8.296
20995,240,186,7.241
20996,320,250,8.389
20997,320,254,8.111
20998,248,186,7.574
20999,320,254,8.389
21000,320,236,8.500
21001,249,194,7.500
21002,320,243,8.482
21003,320,248,8.666
21004,254,194,7.759
21005,320,242,8.723
21006,320,249,8.611
21007,262,199,7.944
21008,320,269,8.815
21009,320,236,9.185
21010,278,208,8.482
21011,320,238,9.482
21012,320,243,9.296
21013,271,209,8.704
21014,320,244,9.519
21015,320,241,9.611
21016,284,222,8.870
21017,320,257,9.444
21018,320,253,9.352
21019,276,212,9.222
21020,320,245,9.537
21021,320,241,9.574
21022,282,204,8.982
21023,320,229,9.759
21024,320,235,9.537
21025,282,234,8.926
21026,320,254,9.740
21027,320,234,10.000
21028,296,209,19.926
21029,320,226,11.463
21030,320,243,10.130
21031,299,240,10.055
21032,320,243,11.204
21033,320,229,10.666
21034,296,224,10.166
21035,320,228,10.704
21036,320,237,10.815
21037,288,216,11.482
21038,320,256,10.500
21039,320,218,10.555
21040,287,206,9.852
21041,320,239,10.204
21042,320,237,10.186
21043,286,207,9.555
21044,320,244,9.870
21045,320,240,10.297
21046,298,214,10.445
21047,320,250,10.277
21048,320,236,11.277
21049,307,237,11.074
21050,320,244,11.500
21051,320,232,12.129
21052,312,229,11.093
21053,320,246,11.870
21054,320,245,11.537
21055,309,217,12.018
21056,320,245,12.870
21057,320,241,11.981
21058,295,229,11.481
21059,320,242,11.593
21060,320,241,10.796
21061,295,208,11.278
21062,320,245,10.537
21063,320,229,10.871
21064,296,226,10.055
21065,320,239,10.686
21066,320,239,10.389
21067,292,199,10.333
21068,320,229,10.722
21069,320,230,10.685
21070,306,216,10.518
21071,320,228,11.018
21072,320,222,11.037
21073,307,215,10.982
21074,320,221,11.315
21075,320,226,11.333
21076,309,212,11.352
21077,320,234,11.463
21078,320,224,11.333
21079,294,206,12.093
21080,320,216,11.482
21081,320,222,11.129
21082,296,201,10.648
21083,320,236,10.944
21084,320,227,10.703
21085,293,210,10.019
21086,320,210,10.685
21087,320,223,10.723
21088,302,212,10.852
21089,320,227,10.833
21090,320,224,10.759
21091,303,220,10.352
21092,320,234,10.722
21093,320,197,10.926
21094,308,197,23.259
21095,320,231,12.611
21096,320,221,11.722
21097,302,187,11.592
21098,320,214,11.444
21099,320,198,11.667
21100,301,181,11.592
21101,320,186,11.630
21102,320,220,12.815
21103,282,193,10.463
21104,320,206,11.185
21105,320,213,11.222
21106,268,188,9.426
21107,320,223,10.297
21108,320,226,9.388
21109,258,178,8.685
21110,320,210,9.296
21111,320,206,9.278
21112,275,176,8.833
21113,320,195,9.833
21114,320,214,9.889
21115,282,174,9.278
21116,320,206,10.166
21117,320,196,9.963
21118,271,168,9.481
21119,320,217,9.981
21120,320,208,10.037
21121,252,165,9.074
21122,320,205,10.963
21123,320,196,16.556
21124,254,159,14.889
21125,320,200,18.796
21126,320,188,22.056
21127,261,151,18.129
21128,320,180,19.037
21129,320,173,13.408
21130,271,161,14.093
21131,320,189,18.166
21132,320,165,26.259
21133,271,165,17.981
21134,320,180,18.759
21135,320,188,15.241
21136,262,166,19.592
21137,320,186,29.777
21138,320,194,22.740
21139,257,143,18.593
21140,320,193,18.685
21141,320,218,14.000
21142,258,155,13.963
21143,320,203,16.000
21144,320,187,15.370
21145,267,177,23.741
21146,320,212,14.444
21147,320,214,13.074
21148,268,148,12.204
21149,320,213,16.797
21150,320,219,15.240
21151,277,173,13.963
21152,320,239,18.037
21153,320,225,20.629
21154,289,200,14.260
21155,320,234,15.352
21156,320,220,14.852
21157,274,184,12.111
21158,320,251,12.778
21159,320,226,12.888
21160,284,210,13.000
21161,320,245,13.352
21162,320,239,14.167
21163,287,188,13.166
21164,320,240,15.797
21165,320,216,14.667
21166,286,202,18.370
21167,320,215,15.407
21168,320,237,19.537
21169,293,206,13.222
21170,320,231,13.574
21171,320,240,13.926
21172,308,215,26.481
21173,320,237,17.167
21174,320,245,22.370
21175,300,233,15.481
21176,320,246,17.018
21177,320,246,15.759
21178,302,232,11.871
21179,320,231,15.259
21180,320,234,14.074
21181,289,216,15.148
21182,320,259,14.481
21183,320,251,15.870
21184,299,230,18.092
21185,320,237,15.351
21186,320,234,17.518
21187,305,225,15.055
21188,320,243,26.111
21189,320,246,22.703
21190,313,247,19.888
21191,320,249,15.981
21192,320,243,15.944
21193,316,248,14.185
21194,320,225,15.574
21195,320,234,27.370
21196,320,241,20.852
21197,5,3,10.019
21198,320,241,19.777
21199,320,249,19.667
21200,313,260,16.833
21201,320,236,21.740
21202,320,255,22.963
21203,320,264,18.092
21204,3,1,10.000
21205,320,244,19.518
21206,320,245,22.740
21207,320,242,17.166
21208,3,1,9.222
21209,320,264,12.703
21210,320,254,17.852
21211,305,245,14.334
21212,320,248,17.926
21213,320,263,17.259
21214,316,265,17.315
21215,320,238,17.333
21216,320,258,15.389
21217,313,236,13.259
21218,320,254,19.112
21219,320,227,20.389
21220,320,246,20.074
21221,8,7,11.463
21222,320,252,14.352
21223,320,242,13.074
21224,320,238,12.203
21225,12,9,8.278
21226,320,242,13.167
21227,320,254,12.685
21228,320,246,13.204
21229,3,2,9.037
21230,320,243,13.315
21231,320,232,13.574
21232,320,233,13.537
21233,11,7,9.000
21234,320,250,13.352
21235,320,253,13.129
21236,320,239,14.223
21237,11,10,9.112
21238,320,246,13.519
21239,320,252,28.092
21240,320,234,14.407
21241,4,4,8.685
21242,320,257,12.870
21243,320,244,13.389
21244,320,247,13.537
21245,10,9,8.852
21246,320,241,13.593
21247,320,246,12.852
21248,316,258,12.685
21249,320,239,12.925
21250,320,256,12.648
21251,318,244,13.388
21252,320,250,12.425
21253,320,252,12.074
21254,309,249,11.778
21255,320,256,11.814
21256,320,245,11.592
21257,313,240,11.481
21258,320,240,11.685
21259,320,222,11.833
21260,320,242,11.889
21261,1,0,7.871
21262,320,236,11.852
21263,320,240,12.223
21264,320,239,12.148
21265,10,5,9.370
21266,320,230,13.093
21267,320,220,12.871
21268,320,237,13.518
21269,14,12,8.871
21270,320,256,12.908
21271,320,247,12.963
21272,320,244,12.982
21273,2,2,8.833
21274,320,228,13.315
21275,320,226,13.500
21276,320,238,13.722
21277,11,8,9.222
21278,320,255,13.148
21279,320,234,13.500
21280,320,230,12.926
21281,8,7,8.833
21282,320,247,13.111
21283,320,239,12.685
21284,316,235,12.759
21285,320,240,12.778
21286,320,230,12.518
21287,299,247,12.426
21288,320,237,12.018
21289,320,232,11.574
21290,308,233,11.167
21291,320,235,11.444
21292,320,228,11.223
21293,314,222,11.500
21294,320,247,11.185
21295,320,225,11.574
21296,318,227,11.945
21297,320,236,11.797
21298,320,221,12.277
21299,319,218,12.648
21300,320,227,12.278
21301,320,226,11.834
21302,305,198,11.704
21303,320,209,12.204
21304,320,198,12.055
21305,302,191,11.926
21306,320,207,11.925
21307,320,231,11.185
21308,289,196,10.685
21309,320,198,11.277
21310,320,215,10.704
21311,264,158,9.630
21312,320,206,9.703
21313,320,209,9.685
21314,271,177,8.833
21315,320,183,10.185
21316,320,206,9.741
21317,269,166,8.945
21318,320,204,9.741
21319,320,162,9.982
21320,285,154,9.889
21321,320,193,10.556
21322,320,195,10.204
21323,270,155,9.648
21324,320,212,9.815
21325,320,201,9.500
21326,239,169,7.629
21327,320,223,8.870
21328,320,219,9.018
21329,247,172,7.666
21330,320,231,8.611
21331,320,204,8.778
21332,248,150,7.907
21333,320,209,9.129
21334,320,201,8.908
21335,252,154,8.037
21336,320,219,9.240
21337,320,224,8.796
21338,248,171,7.666
21339,320,223,8.870
21340,320,237,8.629
21341,262,177,7.981
21342,320,218,9.093
21343,320,215,9.389
21344,266,193,8.408
21345,320,213,9.259
21346,320,224,9.352
21347,276,203,8.426
21348,320,227,9.630
21349,320,242,9.407
21350,277,188,9.055
21351,320,244,9.500
21352,320,239,9.629
21353,287,209,9.019
21354,320,239,9.667
21355,320,231,9.963
21356,288,214,9.148
21357,320,242,10.148
21358,320,246,9.907
21359,308,230,10.388
21360,320,241,10.667
21361,320,238,10.463
21362,291,230,10.149
21363,320,246,10.685
21364,320,231,10.759
21365,306,233,11.148
21366,320,237,10.834
21367,320,245,10.704
21368,305,222,10.852
21369,320,257,10.833
21370,320,248,11.130
21371,308,231,10.833
21372,320,247,10.889
21373,320,235,11.333
21374,307,239,10.759
21375,320,254,10.797
21376,320,243,10.963
21377,305,216,10.686
21378,320,246,11.130
21379,320,237,10.852
21380,313,242,11.055
21381,320,260,11.055
21382,320,237,11.259
21383,311,247,11.203
21384,320,248,11.371
21385,320,250,12.241
21386,310,227,11.648
21387,320,249,11.537
21388,320,252,11.537
21389,314,248,11.241
21390,320,251,11.703
21391,320,258,11.481
21392,318,265,11.519
21393,320,250,11.593
21394,320,251,11.908
21395,314,249,11.759
21396,320,256,11.593
21397,320,255,11.463
21398,317,267,11.352
21399,320,266,11.278
21400,320,257,11.166
21401,309,243,11.518
21402,320,250,11.593
21403,320,264,11.222
21404,318,246,11.834
21405,320,260,11.629
21406,320,247,11.685
21407,320,230,12.000
21408,3,3,7.704
21409,320,251,11.981
21410,320,251,12.185
21411,320,260,12.889
21412,320,260,12.278
21413,320,231,12.500
21414,320,246,12.611
21415,9,6,8.463
21416,320,256,12.741
21417,320,248,12.723
21418,320,243,12.797
21419,1,1,8.315
21420,320,253,12.574
21421,320,265,12.093
21422,316,263,12.556
21423,320,259,12.203
21424,320,240,12.777
21425,320,255,12.241
21426,2,2,8.388
21427,320,256,12.278
21428,320,254,12.259
21429,319,245,12.167
21430,320,243,12.037
21431,320,247,12.185
21432,315,247,11.944
21433,320,239,12.407
21434,320,245,12.111
21435,314,245,11.518
21436,320,243,11.593
21437,320,239,12.333
21438,320,241,12.093
21439,1,1,7.574
21440,320,250,11.963
21441,320,238,12.222
21442,320,224,12.408
21443,7,2,8.260
21444,320,248,12.315
21445,320,234,13.185
21446,319,252,12.500
21447,320,234,12.759
21448,320,244,12.370
21449,320,225,13.056
21450,4,3,8.278
21451,320,253,12.408
21452,320,252,13.056
21453,320,238,12.796
21454,4,3,8.203
21455,320,238,12.722
21456,320,244,13.111
21457,320,257,12.703
21458,4,2,8.204
21459,320,259,12.630
21460,320,251,12.667
21461,316,242,12.722
21462,320,255,12.370
21463,320,251,12.352
21464,318,247,12.537
21465,320,246,12.111
21466,320,237,12.260
21467,318,240,11.963
21468,320,243,12.352
21469,320,246,11.963
21470,316,240,12.037
21471,320,239,12.037
21472,320,257,11.926
21473,320,265,11.852
21474,4,3,7.796
21475,320,227,12.463
21476,320,233,12.463
21477,320,247,12.333
21478,1,1,7.945
21479,320,240,12.222
21480,320,245,14.074
21481,320,243,12.574
21482,3,3,8.611
21483,320,231,12.556
21484,320,239,12.537
21485,320,238,12.592
21486,5,3,8.407
21487,320,224,12.667
21488,320,232,13.019
21489,320,230,12.944
21490,5,4,8.185
21491,320,244,12.815
21492,320,246,13.222
21493,320,256,12.778
21494,1,1,8.351
21495,320,244,12.537
21496,320,251,12.723
21497,320,248,12.814
21498,2,2,8.278
21499,320,247,19.204
21500,320,235,13.092
21501,313,239,12.037
21502,320,240,12.370
21503,320,256,11.981
21504,320,242,11.963
21505,4,4,7.611
21506,320,239,12.333
21507,320,244,12.055
21508,316,246,12.000
21509,320,246,11.814
21510,320,244,138.426
21511,320,249,13.945
21512,5,3,8.518
21513,320,235,12.944
21514,320,240,12.982
21515,320,238,13.333
21516,9,7,8.611
21517,320,235,13.000
21518,320,255,13.834
21519,320,234,13.333
21520,16,13,9.240
21521,320,229,13.426
21522,320,238,13.778
21523,320,237,14.148
21524,5,4,9.241
21525,320,234,13.629
21526,320,235,13.907
21527,320,255,13.648
21528,10,7,9.352
21529,320,243,13.611
21530,320,257,13.370
21531,320,242,13.296
21532,5,4,9.333
21533,320,239,13.241
21534,320,242,12.926
21535,320,255,12.852
21536,4,2,9.593
21537,320,244,12.666
21538,320,249,12.611
21539,320,229,13.000
21540,6,6,8.889
21541,320,245,13.019
21542,320,251,12.666
21543,320,244,12.852
21544,1,0,8.278
21545,320,264,12.426
21546,320,256,12.352
21547,320,254,12.574
21548,2,2,8.296
21549,320,256,12.648
21550,320,236,12.667
21551,320,234,12.962
21552,7,5,8.315
21553,320,254,12.630
21554,320,234,12.612
21555,320,249,12.574
21556,3,2,8.408
21557,320,243,12.574
21558,320,226,12.741
21559,320,248,13.944
21560,6,4,8.797
21561,320,240,13.000
21562,320,221,13.000
21563,320,211,13.629
21564,23,19,9.333
21565,320,245,13.629
21566,320,244,13.389
21567,320,254,13.370
21568,6,4,9.389
21569,320,258,13.222
21570,320,257,13.407
21571,320,236,13.481
21572,5,3,9.186
21573,320,258,13.630
21574,320,251,13.462
21575,320,246,13.334
21576,6,5,9.093
21577,320,241,13.278
21578,320,254,13.351
21579,320,257,13.074
21580,5,5,8.963
21581,320,265,12.407
21582,320,246,12.703
21583,320,248,12.833
21584,4,4,8.593
21585,320,244,12.870
21586,320,243,12.722
21587,320,265,12.648
21588,6,6,8.649
21589,320,266,12.389
21590,320,245,12.556
21591,320,236,12.630
21592,7,6,8.667
21593,320,246,13.037
21594,320,220,13.371
21595,320,255,13.037
21596,8,5,9.074
21597,320,234,13.167
21598,320,228,12.926
21599,320,231,13.463
21600,12,6,9.000
21601,320,248,13.482
21602,320,228,14.260
21603,320,249,13.593
21604,14,11,9.777
21605,320,237,13.870
21606,320,235,14.722
21607,320,222,14.314
21608,22,17,10.204
21609,320,249,14.500
21610,320,250,14.130
21611,320,226,14.444
21612,10,6,10.352
21613,320,242,14.056
21614,320,248,14.389
21615,320,252,14.666
21616,16,12,10.204
21617,320,257,14.240
21618,320,244,14.426
21619,320,263,14.111
21620,7,7,10.056
21621,320,244,14.111
21622,320,250,14.204
21623,320,252,13.592
21624,2,1,10.315
21625,320,245,13.982
21626,320,239,14.000
21627,320,244,13.648
21628,6,5,9.074
21629,320,248,13.092
21630,320,237,13.222
21631,320,241,12.963
21632,2,2,8.407
21633,320,249,12.907
21634,320,240,12.648
21635,320,240,13.130
21636,10,8,9.278
21637,320,247,13.148
21638,320,263,13.333
21639,320,253,13.463
21640,1,0,8.926
21641,320,251,13.481
21642,320,244,14.074
21643,320,230,14.130
21644,15,12,9.759
21645,320,243,14.241
21646,320,242,13.315
21647,320,242,13.814
21648,10,6,11.796
21649,320,215,14.074
21650,320,226,14.111
21651,320,229,15.148
21652,22,17,10.056
21653,320,226,14.648
21654,320,246,15.629
21655,320,235,15.796
21656,18,13,56.556
21657,320,241,17.889
21658,320,207,16.037
21659,320,241,15.889
21660,19,17,11.556
21661,320,238,37.389
21662,320,251,18.055
21663,320,258,15.314
21664,12,8,11.148
21665,320,242,15.722
21666,320,242,15.240
21667,320,256,15.167
21668,14,8,11.111
21669,320,236,16.240
21670,320,255,15.148
21671,320,249,18.166
21672,10,8,11.260
21673,320,252,15.037
21674,320,235,17.037
21675,320,234,14.000
21676,9,5,9.889
21677,320,242,14.240
21678,320,252,14.111
21679,320,236,14.278
21680,5,4,9.149
21681,320,237,13.778
21682,320,252,13.945
21683,320,254,13.371
21684,12,10,9.259
21685,320,233,13.537
21686,320,237,13.371
21687,320,230,14.074
21688,12,9,9.445
21689,320,240,13.574
21690,320,233,13.963
21691,320,238,13.981
21692,16,15,9.722
21693,320,219,13.963
21694,320,242,14.259
21695,320,231,14.499
21696,20,13,12.055
21697,320,243,14.759
21698,320,244,14.259
21699,320,254,14.777
21700,19,13,10.815
21701,320,248,14.889
21702,320,225,16.018
21703,320,214,15.537
21704,25,17,11.000
21705,320,222,15.500
21706,320,227,15.630
21707,320,208,16.056
21708,23,16,11.370
21709,320,189,16.871
21710,320,230,16.315
21711,320,246,15.852
21712,17,13,11.723
21713,320,226,16.223
21714,320,228,16.130
21715,320,241,15.797
21716,22,14,11.833
21717,320,216,16.482
21718,320,242,15.426
21719,320,242,17.444
21720,6,5,10.797
21721,320,247,14.796
21722,320,240,15.407
21723,320,243,14.426
21724,6,6,10.555
21725,320,233,14.019
21726,320,238,28.296
21727,320,233,14.908
21728,6,4,8.944
21729,320,236,13.870
21730,320,220,13.314
21731,320,242,13.130
21732,4,3,8.500
21733,320,231,12.852
21734,320,241,13.129
21735,320,220,13.500
21736,14,8,9.019
21737,320,221,13.167
21738,320,230,13.592
21739,320,238,13.166
21740,16,13,9.111
21741,320,239,13.426
21742,320,220,13.907
21743,320,228,14.518
21744,18,14,10.259
21745,320,230,14.371
21746,320,226,14.352
21747,320,238,16.593
21748,25,16,10.778
21749,320,254,14.667
21750,320,239,15.166
21751,320,241,15.315
21752,19,11,11.204
21753,320,241,15.463
21754,320,230,15.722
21755,320,243,15.426
21756,20,18,11.537
21757,320,236,15.944
21758,320,233,15.574
21759,320,235,15.685
21760,23,21,11.519
21761,320,223,15.815
21762,320,248,15.629
21763,320,252,15.907
21764,20,19,11.037
21765,320,251,15.315
21766,320,253,15.981
21767,320,243,15.926
21768,16,14,11.092
21769,320,257,15.407
21770,320,256,17.408
21771,320,256,14.852
21772,14,12,11.148
21773,320,265,15.130
21774,320,242,14.519
21775,320,259,14.796
21776,14,9,9.815
21777,320,249,14.482
21778,320,250,14.222
21779,320,258,14.056
21780,15,13,10.092
21781,320,252,14.056
21782,320,261,14.334
21783,320,251,13.963
21784,12,7,9.667
21785,320,233,14.389
21786,320,256,14.185
21787,320,268,14.055
21788,13,8,10.055
21789,320,253,13.925
21790,320,251,13.537
21791,320,246,13.796
21792,13,12,9.407
21793,320,237,13.888
21794,320,249,13.482
21795,320,253,14.074
21796,12,10,10.815
21797,320,256,13.759
21798,320,257,13.555
21799,320,247,14.593
21800,13,12,9.796
21801,320,250,13.759
21802,320,265,13.741
21803,320,250,13.834
21804,14,13,9.722
21805,320,243,13.888
21806,320,254,13.815
21807,320,247,14.167
21808,12,7,9.852
21809,320,232,14.259
21810,320,250,14.352
21811,320,270,13.741
21812,11,9,9.760
21813,320,252,14.056
21814,320,259,13.722
21815,320,257,13.759
21816,8,7,9.481
21817,320,262,13.556
21818,320,262,15.222
21819,320,263,13.444
21820,8,6,9.093
21821,320,265,13.111
21822,320,258,13.241
21823,320,272,13.315
21824,8,6,8.833
21825,320,254,13.018
21826,320,262,12.889
21827,320,268,13.019
21828,11,8,8.907
21829,320,275,13.167
21830,320,278,12.851
21831,320,270,13.018
21832,20,19,9.815
21833,320,286,13.537
21834,320,273,13.667
21835,320,276,13.574
21836,24,20,10.445
21837,320,273,14.815
21838,320,272,13.777
21839,320,277,14.463
21840,32,28,11.019
21841,320,290,14.167
21842,320,280,14.796
21843,320,271,16.797
21844,28,24,11.352
21845,320,285,15.389
21846,320,276,15.555
21847,320,276,15.593
21848,22,19,11.686
21849,320,286,15.259
21850,320,276,15.352
21851,320,293,15.167
21852,22,20,11.741
21853,320,281,15.240
21854,320,279,15.907
21855,320,273,15.574
21856,25,23,11.814
21857,320,272,15.722
21858,320,288,15.574
21859,320,293,15.204
21860,26,24,11.907
21861,320,280,15.759
21862,320,269,17.222
21863,320,276,15.871
21864,33,30,12.223
21865,320,271,16.148
21866,320,292,16.388
21867,320,293,15.870
21868,35,29,13.222
21869,320,282,16.722
21870,320,291,17.111
21871,320,292,17.203
21872,35,31,13.630
21873,320,277,17.481
21874,320,288,17.167
21875,320,274,17.445
21876,34,32,13.815
21877,320,296,17.815
21878,320,279,17.778
21879,320,276,17.889
21880,31,29,14.019
21881,320,289,17.185
21882,320,275,17.592
21883,320,254,18.277
21884,32,31,14.630
21885,320,283,18.056
21886,320,287,18.241
21887,320,254,18.407
21888,43,33,14.593
21889,320,272,18.111
21890,320,284,17.963
21891,320,260,17.759
21892,35,29,14.241
21893,320,263,18.518
21894,320,277,18.666
21895,320,253,18.666
21896,39,32,14.963
21897,320,270,18.870
21898,320,269,18.426
21899,320,273,18.649
21900,40,32,15.130
21901,320,290,18.222
21902,320,289,18.408
21903,320,282,18.555
21904,38,28,16.093
21905,320,259,18.944
21906,320,278,18.815
21907,320,274,18.852
21908,34,33,15.093
21909,320,261,19.019
21910,320,243,19.093
21911,320,272,19.315
21912,43,38,15.315
21913,320,281,18.852
21914,320,286,18.741
21915,320,263,18.833
21916,35,31,15.277
21917,320,275,18.703
21918,320,275,18.500
21919,320,285,18.426
21920,34,27,14.759
21921,320,264,18.685
21922,320,244,18.777
21923,320,282,18.500
21924,46,39,16.611
21925,320,290,18.444
21926,320,281,18.240
21927,320,279,18.296
21928,35,31,14.759
21929,320,271,18.407
21930,320,288,18.092
21931,320,284,17.926
21932,33,27,14.852
21933,320,274,18.371
21934,320,280,17.889
21935,320,278,18.648
21936,36,32,15.074
21937,320,272,18.314
21938,320,295,18.075
21939,320,271,18.482
21940,35,31,14.630
21941,320,267,18.278
21942,320,282,25.445
21943,320,266,19.944
21944,46,42,14.925
21945,320,266,18.667
21946,320,264,18.445
21947,320,279,18.407
21948,41,35,15.074
21949,320,280,18.815
21950,320,257,19.056
21951,320,277,19.000
21952,43,34,15.333
21953,320,278,19.111
21954,320,267,18.629
21955,320,258,19.555
21956,41,34,15.907
21957,320,258,19.685
21958,320,240,19.833
21959,320,281,19.388
21960,46,39,16.277
21961,320,253,19.889
21962,320,237,20.444
21963,320,257,25.074
21964,51,34,17.315
21965,320,270,20.352
21966,320,243,21.741
21967,320,267,20.797
21968,44,41,17.222
21969,320,257,20.723
21970,320,266,20.889
21971,320,229,21.240
21972,51,47,17.444
21973,320,266,21.500
21974,320,279,21.611
21975,320,264,23.444
21976,49,43,18.055
21977,320,238,22.204
21978,320,270,22.222
21979,320,268,22.166
21980,46,37,18.333
21981,320,226,22.463
21982,320,274,22.204
21983,320,278,21.963
21984,48,45,18.111
21985,320,295,21.277
21986,320,260,24.407
21987,320,264,22.759
21988,39,33,18.537
21989,320,268,21.926
21990,320,267,22.241
21991,320,257,22.111
21992,45,37,17.907
21993,320,277,21.611
21994,320,280,21.926
21995,320,254,21.648
21996,41,38,18.315
21997,320,269,21.741
21998,320,286,21.074
21999,320,291,21.129
22000,40,36,17.444
22001,320,273,20.556
22002,320,229,21.111
22003,320,269,21.296
22004,44,39,17.407
22005,320,289,23.740
22006,320,288,20.315
22007,320,289,20.889
22008,36,31,16.592
22009,320,267,21.018
22010,320,287,20.277
22011,320,286,20.129
22012,37,29,16.833
22013,320,282,19.982
22014,320,289,19.944
22015,320,277,20.167
22016,34,27,16.222
22017,320,257,20.722
22018,320,295,19.778
22019,320,280,20.130
22020,38,34,15.889
22021,320,286,19.426
22022,320,291,19.111
22023,320,246,19.592
22024,36,26,15.963
22025,320,284,19.241
22026,320,286,19.074
22027,320,272,18.685
22028,31,29,15.500
22029,320,294,18.611
22030,320,277,18.278
22031,320,283,18.388
22032,33,24,14.482
22033,320,256,19.482
22034,320,265,18.740
22035,320,289,18.018
22036,28,21,14.759
22037,320,259,18.222
22038,320,262,18.314
22039,320,249,18.685
22040,44,32,15.056
22041,320,271,18.370
22042,320,290,17.852
22043,320,265,22.666
22044,33,27,14.926
22045,320,250,19.297
22046,320,267,18.555
22047,320,253,18.389
22048,36,22,16.240
22049,320,227,19.296
22050,320,282,18.815
22051,320,266,18.944
22052,42,32,14.999
22053,320,256,19.000
22054,320,242,18.889
22055,320,247,19.630
22056,38,33,15.130
22057,320,268,18.963
22058,320,249,19.537
22059,320,251,19.500
22060,39,23,15.963
22061,320,219,19.981
22062,320,241,20.074
22063,320,251,19.889
22064,43,31,16.370
22065,320,237,19.852
22066,320,270,19.241
22067,320,265,19.685
22068,33,28,15.759
22069,320,252,19.852
22070,320,277,21.260
22071,320,278,19.592
22072,35,30,15.981
22073,320,272,19.333
22074,320,234,19.370
22075,320,265,19.797
22076,38,34,16.222
22077,320,287,19.019
22078,320,271,19.463
22079,320,249,20.093
22080,35,33,16.000
22081,320,265,19.388
22082,320,262,19.463
22083,320,280,19.334
22084,33,28,15.259
22085,320,275,19.203
22086,320,285,18.741
22087,320,264,19.481
22088,30,27,14.852
22089,320,254,18.833
22090,320,275,21.148
22091,320,295,18.074
22092,30,24,14.945
22093,320,275,18.574
22094,320,276,18.388
22095,320,260,18.352
22096,32,27,14.463
22097,320,271,18.666
22098,320,286,18.055
22099,320,289,17.759
22100,27,23,13.703
22101,320,281,17.999
22102,320,277,17.649
22103,320,269,17.612
22104,29,24,13.537
22105,320,254,18.018
22106,320,273,17.260
22107,320,281,17.185
22108,29,27,13.241
22109,320,271,17.093
22110,320,287,16.704
22111,320,249,26.389
22112,31,25,14.260
22113,320,261,17.833
22114,320,273,17.426
22115,320,299,16.593
22116,24,19,12.463
22117,320,270,16.685
22118,320,274,16.555
22119,320,226,17.167
22120,26,21,12.648
22121,320,246,17.148
22122,320,255,17.482
22123,320,253,16.925
22124,25,17,13.000
22125,320,260,16.907
22126,320,254,16.685
22127,320,256,16.555
22128,24,16,12.444
22129,320,262,16.204
22130,320,244,17.667
22131,320,268,16.741
22132,23,22,12.888
22133,320,258,17.204
22134,320,266,16.796
22135,320,257,16.815
22136,23,20,12.075
22137,320,276,16.445
22138,320,281,16.185
22139,320,258,16.852
22140,23,18,12.185
22141,320,262,16.185
22142,320,281,17.056
22143,320,255,15.889
22144,17,14,11.148
22145,320,273,14.889
22146,320,258,15.278
22147,320,247,15.333
22148,20,17,11.018
22149,320,276,15.315
22150,320,281,14.871
22151,320,254,15.000
22152,18,13,11.148
22153,320,277,14.722
22154,320,273,14.889
22155,320,267,15.074
22156,20,17,10.796
22157,320,281,14.630
22158,320,283,14.314
22159,320,275,15.056
22160,15,14,10.648
22161,320,264,14.444
22162,320,270,17.611
22163,320,280,14.537
22164,18,16,10.778
22165,320,278,14.426
22166,320,276,14.500
22167,320,278,14.425
22168,13,11,10.092
22169,320,263,14.444
22170,320,246,14.463
22171,320,280,14.055
22172,17,12,10.518
22173,320,266,14.148
22174,320,256,14.092
22175,320,258,14.778
22176,16,14,10.204
22177,320,273,14.389
22178,320,256,15.074
22179,320,258,14.815
22180,18,17,10.426
22181,320,245,14.592
22182,320,254,15.093
22183,320,247,14.592
22184,21,19,10.630
22185,320,270,14.352
22186,320,258,15.055
22187,320,259,15.111
22188,19,14,10.982
22189,320,258,14.630
22190,320,277,14.870
22191,320,279,14.759
22192,20,12,10.760
22193,320,251,15.370
22194,320,263,15.204
22195,320,256,14.759
22196,19,13,11.259
22197,320,271,15.296
22198,320,255,15.908
22199,320,271,14.703
22200,18,16,10.963
22201,320,268,14.814
22202,320,281,14.371
22203,320,279,14.777
22204,20,18,11.018
22205,320,273,14.759
22206,320,275,14.259
22207,320,259,15.185
22208,19,16,10.574
22209,320,257,14.333
22210,320,269,14.667
22211,320,263,14.241
22212,17,16,10.722
22213,320,278,14.666
22214,320,265,14.667
22215,320,275,14.593
22216,17,16,10.741
22217,320,276,14.796
22218,320,283,16.111
22219,320,265,14.204
22220,12,10,9.982
22221,320,277,14.444
22222,320,265,14.223
22223,320,261,14.518
22224,19,17,10.500
22225,320,278,14.203
22226,320,264,14.019
22227,320,269,14.222
22228,12,11,9.981
22229,320,268,14.055
22230,320,256,14.593
22231,320,266,13.815
22232,13,10,9.889
22233,320,259,13.778
22234,320,261,13.685
22235,320,273,13.685
22236,12,9,9.592
22237,320,255,13.722
22238,320,239,13.926
22239,320,272,13.740
22240,10,4,9.574
22241,320,274,13.333
22242,320,261,13.333
22243,320,239,13.426
22244,10,9,9.371
22245,320,264,13.574
22246,320,269,13.463
22247,320,260,13.314
22248,6,6,8.963
22249,320,267,13.093
22250,320,253,13.019
22251,320,251,14.981
22252,8,6,8.778
22253,320,260,12.685
22254,320,280,13.223
22255,320,277,12.741
22256,5,5,8.777
22257,320,266,12.666
22258,320,274,12.723
22259,320,273,12.611
22260,6,5,8.778
22261,320,265,12.518
22262,320,269,12.462
22263,320,275,12.499
22264,4,4,8.185
22265,320,266,12.315
22266,320,270,12.519
22267,320,278,12.389
22268,9,7,8.630
22269,320,276,12.500
22270,320,276,12.444
22271,320,267,13.426
22272,6,6,8.537
22273,320,266,12.500
22274,320,253,12.945
22275,320,270,13.315
22276,11,9,8.833
22277,320,272,12.667
22278,320,257,12.851
22279,320,274,12.612
22280,5,1,8.944
22281,320,263,12.907
22282,320,279,12.797
22283,320,237,13.277
22284,16,14,9.296
22285,320,257,13.297
22286,320,266,13.112
22287,320,257,13.426
22288,9,8,9.407
22289,320,258,13.482
22290,320,269,13.166
22291,320,274,13.148
22292,6,6,9.019
22293,320,288,12.982
22294,320,261,13.149
22295,320,262,14.333
22296,8,8,8.944
22297,320,280,13.018
22298,320,258,13.204
22299,320,269,12.870
22300,6,4,8.518
22301,320,282,12.315
22302,320,273,12.315
22303,320,271,12.611
22304,2,2,8.611
22305,320,259,12.499
22306,320,263,12.926
22307,320,279,12.370
22308,1,1,8.352
22309,320,269,12.704
22310,320,267,12.055
22311,320,284,11.834
22312,1,1,8.093
22313,320,257,12.148
22314,320,268,11.851
22315,320,265,14.352
22316,320,275,14.352
22317,320,264,12.907
22318,319,255,12.907
22319,320,268,12.685
22320,320,260,13.407
22321,320,260,12.407
22322,1,1,7.870
22323,320,264,12.574
22324,320,260,12.482
22325,315,257,11.722
22326,320,262,11.982
22327,320,259,12.000
22328,317,256,13.296
22329,320,273,12.093
22330,320,271,69.704
22331,317,269,12.574
22332,320,262,11.907
22333,320,270,13.444
22334,314,261,12.278
22335,320,274,12.166
22336,320,266,11.797
22337,316,257,12.000
22338,320,257,12.907
22339,320,271,12.889
22340,316,260,33.463
22341,320,274,15.463
22342,320,259,12.056
22343,317,260,12.685
22344,320,266,11.889
22345,320,253,15.556
22346,316,262,12.352
22347,320,275,13.111
22348,320,263,12.204
22349,313,246,11.870
22350,320,252,12.370
22351,320,270,11.500
22352,316,250,11.685
22353,320,256,11.759
22354,320,261,11.444
22355,311,265,11.537
22356,320,272,11.445
22357,320,266,11.371
22358,311,259,11.222
22359,320,271,11.019
22360,320,264,11.074
22361,301,244,11.759
22362,320,272,10.777
22363,320,259,11.093
22364,308,253,10.833
22365,320,265,10.741
22366,320,267,10.500
22367,309,254,10.907
22368,320,269,10.797
22369,320,260,10.981
22370,305,257,10.852
22371,320,248,11.055
22372,320,255,11.389
22373,310,247,11.130
22374,320,256,11.333
22375,320,246,11.704
22376,315,254,11.222
22377,320,252,11.445
22378,320,261,11.277
22379,307,253,11.000
22380,320,269,11.055
22381,320,263,11.222
22382,304,260,10.462
22383,320,268,10.852
22384,320,247,11.037
22385,311,263,10.537
22386,320,279,12.130
22387,320,257,10.833
22388,310,266,10.648
22389,320,260,11.111
22390,320,268,10.962
22391,312,250,11.444
22392,320,272,11.426
22393,320,258,10.889
22394,309,258,10.722
22395,320,259,11.963
22396,320,260,11.241
22397,305,252,10.685
22398,320,256,11.074
22399,320,266,10.815
22400,306,234,10.870
22401,320,246,11.518
22402,320,252,10.685
22403,296,224,10.463
22404,320,261,10.463
22405,320,259,10.371
22406,295,243,10.018
22407,320,246,10.260
22408,320,263,10.093
22409,293,223,9.648
22410,320,248,10.259
22411,320,262,9.870
22412,289,220,10.963
22413,320,257,9.963
22414,320,248,10.130
22415,292,232,9.537
22416,320,256,9.815
22417,320,224,11.278
22418,299,222,10.648
22419,320,260,10.260
22420,320,227,10.445
22421,294,243,9.648
22422,320,265,10.000
22423,320,240,10.222
22424,296,219,10.129
22425,320,231,10.537
22426,320,252,10.000
22427,284,228,9.315
22428,320,248,10.056
22429,320,249,10.018
22430,286,233,9.185
22431,320,252,9.611
22432,320,259,9.278
22433,272,213,8.741
22434,320,243,9.926
22435,320,234,9.704
22436,270,193,9.037
22437,320,207,9.796
22438,320,210,9.648
22439,265,185,8.759
22440,320,234,9.055
22441,320,206,9.426
22442,266,186,8.666
22443,320,236,9.093
22444,320,221,9.223
22445,255,199,7.926
22446,320,236,9.018
22447,320,242,8.815
22448,264,201,7.981
22449,320,239,9.019
22450,320,240,8.852
22451,271,197,8.518
22452,320,239,9.388
22453,320,231,9.462
22454,273,193,8.778
22455,320,249,9.444
22456,320,208,9.593
22457,266,200,8.500
22458,320,252,9.463
22459,320,255,8.759
22460,262,200,8.315
22461,320,231,9.148
22462,320,244,8.629
22463,248,175,7.870
22464,320,234,8.740
22465,320,236,8.648
22466,253,169,7.852
22467,320,216,9.296
22468,320,238,8.815
22469,260,184,8.018
22470,320,221,9.185
22471,320,241,8.852
22472,263,201,8.111
22473,320,253,8.852
22474,320,243,9.185
22475,267,207,8.185
22476,320,253,8.907
22477,320,248,8.926
22478,277,224,8.352
22479,320,250,9.297
22480,320,260,9.093
22481,280,217,8.704
22482,320,253,9.204
22483,320,251,9.648
22484,276,199,8.963
22485,320,252,9.333
22486,320,247,9.055
22487,274,223,8.592
22488,320,247,9.241
22489,320,242,9.111
22490,266,199,8.445
22491,320,245,9.037
22492,320,233,9.092
22493,265,201,8.241
22494,320,241,9.093
22495,320,247,8.778
22496,267,201,8.149
22497,320,219,9.352
22498,320,240,9.055
22499,274,201,8.556
22500,320,239,9.703
22501,320,251,9.000
22502,274,212,8.592
22503,320,257,9.148
22504,320,232,9.278
22505,282,228,8.667
22506,320,244,9.555
22507,320,257,9.259
22508,282,233,8.777
22509,320,255,9.370
22510,320,256,9.426
22511,282,221,8.907
22512,320,243,9.519
22513,320,249,9.388
22514,282,227,8.814
22515,320,265,9.093
22516,320,258,9.334
22517,287,230,9.463
22518,320,255,9.685
22519,320,229,9.834
22520,281,222,9.000
22521,320,227,9.852
22522,320,249,9.556
22523,284,193,9.334
22524,320,242,9.666
22525,320,250,9.389
22526,276,196,8.889
22527,320,236,9.611
22528,320,248,9.259
22529,271,217,8.352
22530,320,237,9.407
22531,320,240,9.111
22532,281,221,8.482
22533,320,237,9.500
22534,320,237,9.760
22535,288,224,9.018
22536,320,264,10.074
22537,320,245,9.722
22538,289,224,9.297
22539,320,230,10.148
22540,320,247,10.130
22541,297,239,9.500
22542,320,239,9.852
22543,320,260,9.926
22544,289,214,9.499
22545,320,245,9.926
22546,320,251,9.759
22547,284,219,9.222
22548,320,253,9.611
22549,320,241,9.703
22550,282,204,9.000
22551,320,237,9.556
22552,320,244,9.352
22553,278,207,9.259
22554,320,226,9.685
22555,320,244,9.722
22556,280,194,8.889
22557,320,212,9.778
22558,320,227,9.722
22559,277,199,8.870
22560,320,228,9.611
22561,320,226,9.648
22562,279,191,9.148
22563,320,228,9.648
22564,320,242,9.426
22565,279,214,8.814
22566,320,239,9.445
22567,320,230,9.741
22568,278,216,8.740
22569,320,247,9.259
22570,320,243,9.722
22571,289,222,9.056
22572,320,222,9.925
22573,320,237,10.074
22574,296,168,10.333
22575,320,229,10.370
22576,320,261,9.907
22577,285,193,9.648
22578,320,230,10.185
22579,320,213,10.408
22580,297,201,10.222
22581,320,221,10.240
22582,320,230,10.315
22583,279,217,9.463
22584,320,232,9.981
22585,320,226,9.796
22586,277,196,9.315
22587,320,210,23.981
22588,320,217,10.741
22589,277,197,9.371
22590,320,216,9.759
22591,320,222,9.722
22592,278,173,9.425
22593,320,212,9.796
22594,320,215,9.908
22595,284,196,9.370
22596,320,216,10.111
22597,320,205,10.092
22598,294,206,9.704
22599,320,218,10.407
22600,320,225,10.444
22601,297,200,10.129
22602,320,211,10.759
22603,320,228,10.444
22604,293,214,9.852
22605,320,242,10.092
22606,320,225,10.519
22607,292,199,10.055
22608,320,230,10.315
22609,320,243,9.999
22610,296,182,10.185
22611,320,214,11.963
22612,320,209,10.555
22613,298,235,10.204
22614,320,208,10.778
22615,320,225,10.685
22616,290,225,9.963
22617,320,211,10.444
22618,320,170,11.037
22619,300,194,10.370
22620,320,222,10.556
22621,320,218,10.277
22622,280,180,9.871
22623,320,214,10.370
22624,320,209,10.222
22625,279,187,9.537
22626,320,197,9.926
22627,320,203,10.259
22628,301,159,10.166
22629,320,214,10.630
22630,320,192,10.667
22631,290,194,10.333
22632,320,236,11.130
22633,320,194,10.963
22634,298,200,10.518
22635,320,200,10.778
22636,320,219,10.759
22637,299,199,10.259
22638,320,209,10.574
22639,320,178,11.463
22640,307,211,10.759
22641,320,178,11.240
22642,320,227,11.389
22643,297,217,10.667
22644,320,208,11.000
22645,320,189,11.260
22646,303,218,10.519
22647,320,232,10.908
22648,320,227,10.500
22649,295,195,10.315
22650,320,211,10.741
22651,320,193,11.074
22652,301,195,10.741
22653,320,203,10.963
22654,320,209,10.907
22655,287,204,11.259
22656,320,182,11.222
22657,320,214,10.500
22658,289,176,9.963
22659,320,206,10.555
22660,320,164,10.926
22661,293,182,10.259
22662,320,200,10.463
22663,320,219,10.240
22664,279,194,9.537
22665,320,212,10.426
22666,320,213,9.999
22667,294,166,9.833
22668,320,242,10.333
22669,320,207,10.352
22670,287,182,9.852
22671,320,204,10.463
22672,320,220,10.703
22673,293,197,10.296
22674,320,226,10.593
22675,320,222,10.296
22676,293,200,10.000
22677,320,219,10.593
22678,320,189,10.334
22679,291,181,10.092
22680,320,167,11.130
22681,320,211,11.037
22682,299,208,10.260
22683,320,214,10.741
22684,320,221,10.703
22685,293,214,10.129
22686,320,229,10.555
22687,320,222,10.241
22688,280,178,9.686
22689,320,202,10.223
22690,320,193,10.222
22691,279,188,9.518
22692,320,210,10.092
22693,320,201,10.148
22694,276,167,9.593
22695,320,215,9.926
22696,320,191,9.870
22697,275,188,9.130
22698,320,213,9.648
22699,320,203,9.889
22700,287,179,9.389
22701,320,199,10.185
22702,320,223,9.778
22703,279,181,9.296
22704,320,228,9.963
22705,320,213,10.074
22706,280,202,9.482
22707,320,225,9.870
22708,320,212,9.648
22709,278,209,8.981
22710,320,211,10.463
22711,320,200,9.926
22712,292,180,9.926
22713,320,246,9.852
22714,320,210,10.093
22715,285,227,9.222
22716,320,235,10.093
22717,320,234,9.981
22718,277,185,9.333
22719,320,213,9.796
22720,320,227,9.481
22721,267,193,8.778
22722,320,217,9.445
22723,320,216,9.408
22724,272,196,8.592
22725,320,229,9.296
22726,320,230,9.185
22727,273,188,8.611
22728,320,189,9.889
22729,320,228,9.629
22730,279,182,9.000
22731,320,245,9.556
22732,320,212,9.796
22733,277,195,9.240
22734,320,221,9.741
22735,320,214,9.851
22736,273,197,8.908
22737,320,248,9.296
22738,320,238,9.518
22739,282,221,8.759
22740,320,243,9.407
22741,320,218,9.519
22742,283,179,9.223
22743,320,242,9.648
22744,320,247,9.519
22745,274,213,8.759
22746,320,244,9.556
22747,320,233,9.777
22748,270,183,9.018
22749,320,215,9.703
22750,320,229,9.500
22751,261,187,8.407
22752,320,230,9.407
22753,320,222,9.037
22754,243,173,7.741
22755,320,200,8.963
22756,320,225,8.889
22757,246,173,7.500
22758,320,246,8.352
22759,320,218,8.741
22760,260,182,7.870
22761,320,213,9.445
22762,320,220,9.259
22763,269,209,8.278
22764,320,231,9.334
22765,320,258,9.111
22766,269,187,8.500
22767,320,241,9.074
22768,320,250,8.963
22769,261,199,8.092
22770,320,251,8.889
22771,320,259,8.704
22772,265,202,8.148
22773,320,253,8.723
22774,320,237,9.241
22775,245,185,7.574
22776,320,237,8.685
22777,320,239,8.759
22778,246,170,7.796
22779,320,234,8.482
22780,320,235,9.018
22781,244,184,7.315
22782,320,231,8.574
22783,320,251,8.444
22784,247,197,7.037
22785,320,238,8.722
22786,320,260,8.407
22787,253,193,7.574
22788,320,259,8.444
22789,320,234,8.444
22790,266,230,7.722
22791,320,255,8.889
22792,320,246,8.833
22793,254,204,7.815
22794,320,259,8.555
22795,320,252,8.425
22796,259,194,7.871
22797,320,254,8.648
22798,320,253,8.611
22799,246,187,7.426
22800,320,245,8.537
22801,320,244,8.222
22802,228,164,7.074
22803,320,228,8.315
22804,320,248,8.111
22805,235,180,6.907
22806,320,246,8.111
22807,320,260,8.018
22808,241,176,7.166
22809,320,243,8.278
22810,320,259,8.203
22811,248,197,7.389
22812,320,266,8.185
22813,320,273,8.203
22814,252,212,7.333
22815,320,255,8.259
22816,320,250,8.352
22817,251,206,7.389
22818,320,259,8.407
22819,320,250,8.315
22820,251,200,7.463
22821,320,235,8.704
22822,320,213,8.963
22823,233,182,7.129
22824,320,250,8.130
22825,320,229,8.278
22826,223,169,6.481
22827,320,251,7.888
22828,320,262,7.870
22829,218,169,6.315
22830,320,248,8.537
22831,320,244,8.093
22832,243,187,6.870
22833,320,248,8.296
22834,320,250,8.092
22835,244,204,7.222
22836,320,256,8.408
22837,320,230,8.463
22838,235,186,6.760
22839,320,260,8.037
22840,320,262,7.945
22841,237,193,6.852
22842,320,231,8.296
22843,320,245,8.259
22844,220,139,6.777
22845,320,234,8.019
22846,320,234,7.871
22847,196,158,5.870
22848,320,243,7.518
22849,320,236,7.519
22850,206,166,5.797
22851,320,233,7.852
22852,320,251,7.741
22853,221,163,6.445
22854,320,254,8.018
22855,320,261,7.870
22856,226,173,6.704
22857,320,243,8.000
22858,320,251,7.833
22859,224,166,6.537
22860,320,256,7.667
22861,320,250,14.926
22862,204,145,6.611
22863,320,238,7.777
22864,320,226,7.685
22865,180,123,5.703
22866,320,226,7.704
22867,320,233,7.500
22868,192,153,5.593
22869,320,246,7.500
22870,320,251,7.630
22871,205,163,5.907
22872,320,266,7.407
22873,320,250,7.630
22874,211,168,6.167
22875,320,244,7.760
22876,320,249,7.537
22877,205,173,5.741
22878,320,246,7.629
22879,320,245,7.555
22880,170,136,5.259
22881,320,232,7.315
22882,320,222,7.333
22883,163,122,4.963
22884,320,235,7.574
22885,320,239,7.481
22886,191,142,5.648
22887,320,260,7.240
22888,320,260,7.389
22889,207,177,5.741
22890,320,245,7.703
22891,320,239,7.722
22892,196,159,5.723
22893,320,271,7.130
22894,320,244,7.519
22895,200,159,5.889
22896,320,230,7.648
22897,320,230,7.481
22898,162,118,5.166
22899,320,231,7.260
22900,320,251,6.945
22901,167,132,5.000
22902,320,248,7.389
22903,320,255,7.334
22904,193,156,5.574
22905,320,266,7.166
22906,320,251,7.481
22907,203,161,5.963
22908,320,250,7.482
22909,320,265,7.167
22910,191,161,5.426
22911,320,250,7.259
22912,320,226,7.426
22913,141,97,4.777
22914,320,221,7.222
22915,320,230,7.259
22916,152,124,4.611
22917,320,257,7.000
22918,320,264,6.963
22919,178,144,5.203
22920,320,271,7.037
22921,320,251,7.482
22922,191,154,5.519
22923,320,251,7.277
22924,320,260,7.167
22925,191,162,5.462
22926,320,244,7.556
22927,320,237,7.333
22928,135,112,4.389
22929,320,231,7.018
22930,320,236,6.852
22931,139,112,4.407
22932,320,253,7.204
22933,320,259,7.093
22934,174,137,5.166
22935,320,270,6.944
22936,320,261,7.352
22937,179,147,5.259
22938,320,250,7.204
22939,320,268,7.018
22940,182,136,5.463
22941,320,256,7.389
22942,320,259,6.870
22943,121,95,4.148
22944,320,234,6.833
22945,320,254,6.574
22946,137,108,4.537
22947,320,263,6.888
22948,320,265,6.870
22949,180,146,5.241
22950,320,265,7.315
22951,320,270,7.000
22952,171,145,5.092
22953,320,272,6.926
22954,320,255,7.074
22955,151,113,5.019
22956,320,238,7.037
22957,320,234,6.870
22958,114,82,4.111
22959,320,260,6.574
22960,320,262,6.666
22961,150,123,4.592
22962,320,255,7.037
22963,320,265,7.037
22964,179,145,5.296
22965,320,256,7.370
22966,320,276,6.778
22967,167,145,4.852
22968,320,259,6.982
22969,320,251,7.037
22970,114,94,3.926
22971,320,241,6.778
22972,320,264,6.352
22973,115,97,3.963
22974,320,270,6.630
22975,320,268,6.796
22976,160,136,4.703
22977,320,273,6.889
22978,320,272,6.982
22979,159,132,4.870
22980,320,280,6.611
22981,320,278,6.722
22982,147,121,4.703
22983,320,253,6.796
22984,320,250,6.630
22985,88,70,3.611
22986,320,263,6.592
22987,320,256,6.833
22988,152,129,4.574
22989,320,277,6.685
22990,320,275,6.925
22991,167,141,5.075
22992,320,275,6.778
22993,320,283,6.574
22994,149,125,4.648
22995,320,267,6.704
22996,320,254,6.870
22997,88,73,3.537
22998,320,262,6.315
22999,320,281,6.296
23000,122,101,4.111
23001,320,275,6.722
23002,320,276,6.537
23003,161,141,4.759
23004,320,277,6.778
23005,320,278,6.629
23006,145,121,4.463
23007,320,275,6.648
23008,320,256,7.019
23009,107,84,3.888
23010,320,261,6.463
23011,320,268,6.426
23012,106,88,3.796
23013,320,273,6.611
23014,320,280,6.760
23015,157,141,4.611
23016,320,276,6.833
23017,320,272,6.926
23018,138,119,4.315
23019,320,276,6.574
23020,320,277,6.833
23021,122,99,4.148
23022,320,256,6.519
23023,320,264,6.463
23024,86,70,3.481
23025,320,284,6.500
23026,320,285,6.500
23027,146,127,4.388
23028,320,280,6.574
23029,320,275,6.759
23030,137,124,4.333
23031,320,282,6.333
23032,320,278,6.685
23033,119,96,4.129
23034,320,258,6.629
23035,320,254,6.519
23036,85,74,3.445
23037,320,281,6.519
23038,320,284,6.444
23039,136,123,4.204
23040,320,283,6.556
23041,320,272,6.833
23042,144,124,4.482
23043,320,286,6.482
23044,320,280,6.629
23045,132,105,4.408
23046,320,251,6.796
23047,320,257,6.556
23048,83,70,3.407
23049,320,290,6.092
23050,320,283,6.444
23051,135,113,4.315
23052,320,274,6.777
23053,320,276,6.815
23054,159,136,4.833
23055,320,277,6.611
23056,320,280,6.593
23057,145,130,4.481
23058,320,272,6.797
23059,320,261,6.481
23060,68,55,3.148
23061,320,273,6.148
23062,320,278,6.408
23063,132,109,4.334
23064,320,291,6.407
23065,320,278,6.704
23066,158,137,4.778
23067,320,278,6.833
23068,320,284,6.555
23069,135,117,4.315
23070,320,257,6.759
23071,320,251,6.852
23072,75,59,3.333
23073,320,277,6.111
23074,320,283,6.296
23075,118,97,4.019
23076,320,280,6.481
23077,320,292,6.445
23078,147,130,4.500
23079,320,272,6.593
23080,320,271,6.574
23081,144,123,4.500
23082,320,266,6.907
23083,320,245,6.907
23084,81,66,3.352
23085,320,270,6.315
23086,320,288,6.222
23087,111,97,3.889
23088,320,291,6.389
23089,320,289,6.500
23090,151,122,4.686
23091,320,276,6.740
23092,320,281,6.407
23093,136,122,4.222
23094,320,276,6.629
23095,320,259,6.667
23096,75,58,3.259
23097,320,271,6.278
23098,320,274,6.259
23099,107,93,3.815
23100,320,295,6.241
23101,320,285,6.389
23102,148,126,4.593
23103,320,273,6.833
23104,320,280,6.519
23105,131,113,4.166
23106,320,273,6.703
23107,320,259,6.704
23108,65,48,3.185
23109,320,258,6.278
23110,320,270,6.426
23111,112,96,3.852
23112,320,282,6.537
23113,320,295,6.241
23114,142,126,4.408
23115,320,279,6.722
23116,320,291,6.315
23117,124,112,4.018
23118,320,283,6.556
23119,320,258,6.629
23120,61,50,2.963
23121,320,275,6.074
23122,320,284,6.259
23123,113,101,3.814
23124,320,293,6.352
23125,320,289,6.482
23126,142,125,4.445
23127,320,290,6.500
23128,320,281,6.351
23129,131,119,4.111
23130,320,284,6.444
23131,320,266,6.463
23132,57,51,2.852
23133,320,277,6.074
23134,320,283,6.092
23135,115,103,3.907
23136,320,283,6.537
23137,320,296,6.333
23138,140,127,4.388
23139,320,288,6.389
23140,320,277,6.444
23141,131,117,4.241
23142,320,272,6.685
23143,320,257,6.371
23144,50,47,2.759
23145,320,273,6.130
23146,320,285,6.278
23147,115,101,3.926
23148,320,287,6.481
23149,320,280,6.630
23150,134,116,4.277
23151,320,290,6.222
23152,320,284,6.444
23153,122,107,4.019
23154,320,263,6.555
23155,320,269,6.241
23156,50,47,2.852
23157,320,282,6.241
23158,320,279,6.352
23159,126,115,4.019
23160,320,290,6.426
23161,320,287,6.426
23162,128,118,4.000
23163,320,283,6.296
23164,320,290,6.278
23165,118,103,4.018
23166,320,259,6.648
23167,320,276,6.148
23168,57,52,2.944
23169,320,279,6.167
23170,320,278,6.482
23171,133,124,4.111
23172,320,287,6.370
23173,320,280,6.666
23174,126,110,4.056
23175,320,282,6.334
23176,320,277,6.426
23177,109,90,3.981
23178,320,255,6.574
23179,320,289,5.963
23180,60,51,3.074
23181,320,285,6.278
23182,320,292,6.222
23183,130,120,4.056
23184,320,276,6.740
23185,320,281,6.407
23186,116,105,3.852
23187,320,284,6.259
23188,320,273,6.463
23189,79,68,3.334
23190,320,284,6.056
23191,320,291,5.907
23192,75,69,3.297
23193,320,292,6.223
23194,320,295,6.315
23195,133,118,4.259
23196,320,287,6.500
23197,320,293,6.167
23198,106,92,3.796
23199,320,282,6.315
23200,320,251,6.759
23201,72,55,3.148
23202,320,273,6.203
23203,320,279,6.203
23204,108,100,3.740
23205,320,288,6.445
23206,320,285,6.500
23207,140,112,4.537
23208,320,278,6.629
23209,320,283,6.315
23210,111,104,3.740
23211,320,285,6.351
23212,320,257,6.555
23213,52,46,2.852
23214,320,271,6.222
23215,320,282,6.389
23216,108,97,3.759
23217,320,301,6.204
23218,320,282,6.481
23219,119,110,3.871
23220,320,285,6.222
23221,320,283,6.240
23222,109,95,3.834
23223,320,243,6.630
23224,320,274,10.704
23225,51,46,3.093
23226,320,288,6.074
23227,320,293,6.148
23228,124,114,3.981
23229,320,284,6.741
23230,320,283,6.593
23231,113,99,3.796
23232,320,287,6.240
23233,320,281,6.259
23234,92,77,3.611
23235,320,262,6.370
23236,320,285,5.963
23237,66,60,3.259
23238,320,290,6.185
23239,320,296,6.222
23240,129,116,4.204
23241,320,287,6.500
23242,320,281,6.333
23243,104,91,3.722
23244,320,283,6.351
23245,320,252,6.667
23246,63,49,3.129
23247,320,268,6.204
23248,320,286,6.037
23249,93,75,3.611
23250,320,278,6.463
23251,320,277,6.463
23252,126,110,4.203
23253,320,279,6.370
23254,320,281,6.278
23255,97,86,3.630
23256,320,273,6.463
23257,320,271,6.129
23258,46,36,2.759
23259,320,293,5.833
23260,320,286,6.333
23261,111,97,3.852
23262,320,298,6.334
23263,320,287,6.389
23264,118,108,3.870
23265,320,287,6.204
23266,320,276,6.314
23267,91,81,3.518
23268,320,264,6.370
23269,320,276,6.000
23270,57,48,3.074
23271,320,279,6.333
23272,320,280,6.370
23273,125,115,4.148
23274,320,279,6.611
23275,320,276,6.482
23276,104,96,3.592
23277,320,290,6.407
23278,320,259,6.389
23279,52,47,2.907
23280,320,274,6.056
23281,320,274,6.408
23282,83,73,3.445
23283,320,277,6.352
23284,320,289,6.315
23285,120,108,4.000
23286,320,286,6.241
23287,320,275,6.259
23288,94,84,3.667
23289,320,263,6.518
23290,320,272,6.185
23291,42,34,2.704
23292,320,289,5.889
23293,320,279,6.296
23294,110,100,3.815
23295,320,289,6.500
23296,320,278,6.629
23297,114,98,3.796
23298,320,280,6.315
23299,320,281,6.296
23300,74,59,3.315
23301,320,258,6.241
23302,320,270,6.056
23303,67,64,3.092
23304,320,287,6.259
23305,320,291,6.166
23306,115,99,3.945
23307,320,269,6.630
23308,320,287,6.278
23309,94,79,3.574
23310,320,275,6.371
23311,320,263,6.352
23312,45,37,2.926
23313,320,280,6.223
23314,320,282,6.167
23315,89,75,3.555
23316,320,282,6.482
23317,320,273,6.778
23318,105,93,3.889
23319,320,279,6.296
23320,320,271,6.648
23321,81,68,3.648
23322,320,262,6.648
23323,320,267,6.463
23324,51,42,3.222
23325,320,277,6.593
23326,320,294,6.796
23327,119,101,4.167
23328,320,290,7.129
23329,320,279,6.852
23330,91,71,3.871
23331,320,275,6.648
23332,320,267,6.982
23333,52,45,3.203
23334,320,279,6.741
23335,320,284,6.333
23336,78,69,3.426
23337,320,291,6.315
23338,320,274,6.870
23339,113,96,4.093
23340,320,286,6.482
23341,320,264,6.518
23342,80,69,3.482
23343,320,260,6.629
23344,320,272,6.241
23345,40,36,2.981
23346,320,284,6.500
23347,320,283,6.370
23348,110,96,4.056
23349,320,280,9.518
23350,320,294,6.833
23351,86,76,3.722
23352,320,281,6.963
23353,320,264,6.963
23354,38,31,2.889
23355,320,285,6.500
23356,320,274,8.463
23357,72,61,4.371
23358,320,290,6.926
23359,320,286,6.963
23360,106,90,4.241
23361,320,286,6.871
23362,320,272,6.704
23363,79,67,3.851
23364,320,264,7.000
23365,320,272,6.740
23366,42,34,3.240
23367,320,275,7.222
23368,320,280,6.907
23369,113,104,4.037
23370,320,282,7.185
23371,320,278,6.833
23372,92,73,4.019
23373,320,271,6.833
23374,320,253,6.796
23375,37,30,3.296
23376,320,272,6.740
23377,320,288,6.648
23378,70,59,4.000
23379,320,297,6.723
23380,320,275,6.537
23381,87,80,3.685
23382,320,288,6.982
23383,320,267,6.778
23384,60,49,3.389
23385,320,256,7.315
23386,320,274,6.612
23387,41,36,3.018
23388,320,271,6.370
23389,320,279,7.240
23390,109,92,4.241
23391,320,283,6.796
23392,320,274,6.814
23393,76,64,3.833
23394,320,251,6.870
23395,320,256,7.019
23396,40,32,2.907
23397,320,261,6.574
23398,320,283,6.722
23399,78,73,3.500
23400,320,284,6.352
23401,320,279,6.611
23402,102,92,3.741
23403,320,287,6.371
23404,320,270,6.704
23405,35,26,2.778
23406,320,261,6.315
23407,320,266,6.482
23408,63,51,3.241
23409,320,275,6.519
23410,320,283,6.371
23411,107,92,4.037
23412,320,285,6.611
23413,320,267,6.555
23414,73,55,3.482
23415,320,252,6.722
23416,320,270,6.185
23417,30,29,2.833
23418,320,270,6.426
23419,320,276,6.555
23420,95,81,3.797
23421,320,271,6.722
23422,320,282,6.463
23423,97,82,3.740
23424,320,278,6.370
23425,320,252,6.815
23426,34,31,2.630
23427,320,273,6.278
23428,320,273,6.371
23429,64,50,3.203
23430,320,265,6.482
23431,320,276,6.500
23432,101,86,3.815
23433,320,273,6.333
23434,320,264,6.463
23435,64,54,3.203
23436,320,241,6.630
23437,320,268,6.018
23438,32,24,2.833
23439,320,272,7.167
23440,320,274,6.666
23441,89,75,3.703
23442,320,267,6.685
23443,320,278,6.444
23444,70,59,3.278
23445,320,253,6.722
23446,320,258,6.463
23447,27,23,2.704
23448,320,277,6.037
23449,320,278,6.518
23450,76,67,3.296
23451,320,282,6.574
23452,320,271,6.852
23453,91,82,3.537
23454,320,264,6.407
23455,320,246,6.482
23456,37,29,2.759
23457,320,265,6.444
23458,320,281,6.278
23459,51,45,3.056
23460,320,281,6.223
23461,320,283,6.500
23462,85,69,3.629
23463,320,278,6.314
23464,320,265,6.407
23465,53,47,2.926
23466,320,233,6.611
23467,320,266,6.426
23468,37,30,2.814
23469,320,270,6.370
23470,320,281,6.408
23471,88,81,3.500
23472,320,265,6.555
23473,320,269,6.629
23474,67,59,3.778
23475,320,264,6.704
23476,320,265,6.185
23477,17,15,2.426
23478,320,272,6.074
23479,320,281,6.241
23480,79,67,3.408
23481,320,277,6.426
23482,320,276,6.426
23483,85,75,3.370
23484,320,263,6.463
23485,320,238,6.815
23486,42,37,2.685
23487,320,257,6.259
23488,320,254,6.463
23489,63,53,3.130
23490,320,272,6.389
23491,320,266,6.519
23492,93,80,3.759
23493,320,271,6.389
23494,320,252,6.630
23495,55,43,2.908
23496,320,234,6.518
23497,320,266,6.093
23498,36,24,2.833
23499,320,260,6.426
23500,320,268,6.333
23501,95,79,3.630
23502,320,267,6.463
23503,320,262,6.555
23504,80,64,3.518
23505,320,239,7.018
23506,320,243,6.296
23507,23,23,2.519
23508,320,266,6.333
23509,320,269,6.426
23510,70,60,3.241
23511,320,268,6.426
23512,320,258,6.686
23513,88,69,3.518
23514,320,269,6.481
23515,320,246,6.537
23516,26,18,2.500
23517,320,262,6.296
23518,320,275,6.093
23519,48,36,2.963
23520,320,272,6.241
23521,320,275,6.370
23522,82,70,3.407
23523,320,274,6.314
23524,320,259,6.463
23525,39,30,2.740
23526,320,259,6.222
23527,320,264,6.277
23528,34,28,2.704
23529,320,262,6.555
23530,320,265,6.444
23531,94,72,3.778
23532,320,263,6.556
23533,320,272,6.389
23534,56,40,3.129
23535,320,253,6.444
23536,320,247,6.259
23537,12,11,2.519
23538,320,271,6.482
23539,320,279,6.259
23540,76,63,3.408
23541,320,253,6.630
23542,320,269,6.481
23543,75,59,3.370
23544,320,246,7.037
23545,320,255,6.277
23546,22,17,2.481
23547,320,253,6.760
23548,320,264,6.203
23549,59,47,3.130
23550,320,271,6.666
23551,320,269,6.482
23552,74,60,3.407
23553,320,269,6.389
23554,320,239,6.556
23555,12,7,2.463
23556,320,249,6.260
23557,320,264,6.982
23558,47,38,2.945
23559,320,274,6.445
23560,320,271,6.593
23561,76,61,3.315
23562,320,262,6.408
23563,320,241,6.537
23564,17,13,2.334
23565,320,257,6.351
23566,320,266,6.223
23567,36,27,2.777
23568,320,275,6.166
23569,320,256,6.574
23570,82,66,3.500
23571,320,273,6.537
23572,320,260,6.371
23573,37,27,2.667
23574,320,250,6.315
23575,320,246,6.482
23576,37,31,2.796
23577,320,262,6.500
23578,320,273,6.648
23579,72,60,3.352
23580,320,247,6.611
23581,320,266,6.333
23582,46,40,2.778
23583,320,223,6.611
23584,320,248,6.389
23585,17,11,2.574
23586,320,269,6.185
23587,320,285,6.185
23588,66,53,3.296
23589,320,274,6.334
23590,320,261,6.593
23591,55,42,3.222
23592,320,256,6.352
23593,320,255,6.426
23594,320,265,6.185
23595,320,269,6.129
23596,76,67,3.333
23597,320,255,6.722
23598,320,270,6.555
23599,60,48,3.074
23600,320,253,6.444
23601,320,249,6.260
23602,6,5,2.296
23603,320,263,7.945
23604,320,271,6.815
23605,56,52,3.612
23606,320,261,7.167
23607,320,258,6.760
23608,59,43,4.018
23609,320,229,7.074
23610,320,238,6.777
23611,23,15,2.592
23612,320,248,6.760
23613,320,256,6.815
23614,40,32,2.889
23615,320,273,6.370
23616,320,263,6.555
23617,66,49,3.204
23618,320,241,6.815
23619,320,222,6.741
23620,17,13,2.630
23621,320,253,6.297
23622,320,244,6.722
23623,37,33,2.889
23624,320,262,6.648
23625,320,245,6.722
23626,70,60,3.185
23627,320,254,6.407
23628,320,215,7.000
23629,21,15,2.518
23630,320,257,6.222
23631,320,243,6.759
23632,33,27,2.852
23633,320,273,6.185
23634,320,259,7.056
23635,71,56,3.389
23636,320,258,6.630
23637,320,220,7.259
23638,28,20,2.574
23639,320,225,6.889
23640,320,235,6.611
23641,36,28,2.796
23642,320,274,6.203
23643,320,255,7.093
23644,61,41,3.352
23645,320,256,6.630
23646,320,235,7.000
23647,21,13,2.463
23648,320,232,7.130
23649,320,241,6.537
23650,26,19,2.648
23651,320,255,6.704
23652,320,264,6.351
23653,64,49,3.518
23654,320,261,6.686
23655,320,241,6.908
23656,28,25,2.574
23657,320,248,6.685
23658,320,259,6.981
23659,3,3,2.315
23660,320,247,6.314
23661,320,274,6.223
23662,54,41,3.148
23663,320,270,6.926
23664,320,243,6.629
23665,15,9,2.334
23666,320,234,6.463
23667,320,234,7.315
23668,14,9,2.463
23669,320,251,6.630
23670,320,257,6.445
23671,62,45,3.667
23672,320,254,7.037
23673,320,252,7.315
23674,30,23,3.407
23675,320,236,7.778
23676,320,236,8.018
23677,4,4,3.851
23678,320,257,8.870
23679,320,273,8.277
23680,46,37,5.760
23681,320,256,8.222
23682,320,246,9.241
23683,37,31,3.611
23684,320,226,7.944
23685,320,255,9.222
23686,8,8,3.611
23687,320,265,7.685
23688,320,273,8.537
23689,51,40,4.056
23690,320,262,8.444
23691,320,251,7.889
23692,9,6,3.814
23693,320,230,7.759
23694,320,245,8.333
23695,4,3,2.963
23696,320,251,6.740
23697,320,268,7.499
23698,49,41,3.704
23699,320,272,7.037
23700,320,245,7.648
23701,3,2,2.408
23702,320,234,8.000
23703,320,239,6.981
23704,1,1,2.481
23705,320,268,6.667
23706,320,270,6.222
23707,38,30,2.852
23708,320,270,6.167
23709,320,247,6.556
23710,16,8,2.481
23711,320,243,7.556
23712,320,255,6.963
23713,20,14,2.537
23714,320,263,6.667
23715,320,264,6.685
23716,54,45,3.555
23717,320,260,6.445
23718,320,238,6.926
23719,28,20,2.592
23720,320,239,6.944
23721,320,242,7.685
23722,17,13,2.518
23723,320,264,6.241
23724,320,260,6.518
23725,61,48,3.389
23726,320,269,6.389
23727,320,235,6.611
23728,26,23,2.463
23729,320,239,6.630
23730,320,242,6.630
23731,16,14,2.407
23732,320,246,7.760
23733,320,257,6.815
23734,64,50,3.389
23735,320,248,7.185
23736,320,236,8.167
23737,31,21,2.630
23738,320,255,6.833
23739,320,243,7.111
23740,22,19,2.870
23741,320,239,6.889
23742,320,269,7.389
23743,41,35,3.296
23744,320,263,9.870
23745,320,251,7.408
23746,25,16,2.981
23747,320,220,6.667
23748,312,254,6.074
23749,320,260,6.426
23750,320,264,7.186
23751,51,42,2.982
23752,320,247,6.704
23753,320,238,6.648
23754,4,2,2.111
23755,320,235,6.574
23756,320,223,6.519
23757,6,6,2.241
23758,320,228,6.944
23759,320,257,6.630
23760,72,50,3.463
23761,320,246,6.778
23762,320,238,6.519
23763,22,14,2.500
23764,320,231,7.037
23765,320,235,6.389
23766,19,17,2.407
23767,320,252,6.852
23768,320,255,6.315
23769,77,61,5.240
23770,320,238,7.463
23771,320,253,6.648
23772,63,36,4.130
23773,320,212,7.019
23774,320,229,6.945
23775,39,27,2.778
23776,320,233,6.574
23777,320,241,6.574
23778,80,66,3.426
23779,320,255,6.741
23780,320,242,6.778
23781,94,72,3.685
23782,320,232,6.871
23783,320,225,7.204
23784,58,42,3.055
23785,320,217,7.185
23786,320,243,6.629
23787,44,33,2.926
23788,320,248,6.519
23789,320,246,6.889
23790,106,88,4.037
23791,320,229,6.981
23792,320,216,7.074
23793,78,50,3.777
23794,320,233,6.815
23795,320,217,6.815
23796,74,49,3.482
23797,320,228,7.148
23798,320,245,6.519
23799,88,71,3.888
23800,320,243,6.926
23801,320,236,7.074
23802,106,83,3.926
23803,320,246,6.852
23804,320,215,7.075
23805,70,52,3.240
23806,320,226,6.871
23807,320,219,7.111
23808,55,41,3.093
23809,320,237,6.963
23810,320,258,6.500
23811,91,65,3.870
23812,320,250,6.593
23813,320,246,7.074
23814,99,58,4.000
23815,320,234,6.926
23816,320,241,6.815
23817,64,52,3.130
23818,320,237,6.518
23819,320,253,6.519
23820,90,75,3.611
23821,320,255,6.852
23822,320,246,7.370
23823,111,85,3.982
23824,320,227,6.926
23825,320,191,7.463
23826,32,20,2.741
23827,320,210,6.870
23828,320,228,6.926
23829,53,36,3.222
23830,320,231,6.889
23831,320,249,7.297
23832,77,51,3.481
23833,320,225,6.926
23834,320,179,7.352
23835,39,26,2.796
23836,320,219,7.204
23837,320,200,7.537
23838,41,25,3.407
23839,320,195,7.148
23840,320,224,7.315
23841,36,25,3.000
23842,320,207,7.444
23843,320,184,7.204
23844,50,31,3.166
23845,320,226,6.963
23846,320,183,7.518
23847,16,11,2.426
23848,320,190,7.074
23849,320,241,6.593
23850,30,19,2.704
23851,320,238,6.926
23852,320,207,7.222
23853,52,26,3.296
23854,320,173,7.722
23855,283,150,6.760
23856,320,190,6.741
23857,320,236,6.889
23858,53,32,3.204
23859,320,192,7.130
23860,316,172,7.185
23861,320,126,7.111
23862,277,152,6.222
23863,320,225,6.907
23864,320,195,7.334
23865,20,11,2.389
23866,320,173,7.259
23867,239,70,5.666
23868,320,155,7.297
23869,286,181,6.481
23870,320,178,7.611
23871,292,135,7.055
23872,320,83,6.630
23873,224,81,5.074
23874,320,139,7.093
23875,258,138,6.000
23876,320,82,6.796
23877,205,76,5.037
23878,320,160,6.796
23879,247,110,5.778
23880,320,130,6.833
23881,234,70,5.815
23882,320,96,6.740
23883,237,125,5.593
23884,320,133,7.148
23885,260,85,5.833
23886,320,96,6.593
23887,224,85,5.148
23888,320,143,7.018
23889,314,154,7.111
23890,320,150,7.130
23891,304,123,6.852
23892,320,112,6.889
23893,266,137,6.037
23894,320,130,7.148
23895,262,119,6.166
23896,320,100,6.926
23897,224,56,4.945
23898,320,140,6.685
23899,301,124,6.778
23900,320,99,6.945
23901,227,81,5.000
23902,320,105,6.426
23903,279,136,6.351
23904,320,115,6.777
23905,254,65,5.611
23906,320,126,6.944
23907,263,94,5.926
23908,320,134,6.981
23909,269,111,5.926
23910,320,82,6.685
23911,261,97,5.833
23912,320,123,6.852
23913,270,111,5.981
23914,320,136,6.926
23915,277,112,6.167
23916,320,111,6.833
23917,276,108,6.796
23918,320,151,7.111
23919,310,144,7.167
23920,320,132,7.018
23921,264,84,5.797
23922,320,110,6.981
23923,298,121,6.593
23924,320,149,7.000
23925,306,125,7.148
23926,320,98,6.815
23927,266,101,5.907
23928,320,142,6.982
23929,320,134,7.129
23930,3,2,2.278
23931,320,163,7.778
23932,302,90,6.537
23933,320,119,6.463
23934,292,137,6.500
23935,320,140,6.814
23936,320,143,6.907
23937,12,6,2.518
23938,320,102,7.130
23939,276,98,5.982
23940,320,119,6.777
23941,302,147,6.870
23942,320,167,7.315
23943,320,138,7.167
23944,7,3,2.241
23945,320,104,6.574
23946,289,121,6.593
23947,320,152,7.018
23948,320,145,7.241
23949,3,2,2.185
23950,320,162,6.852
23951,289,85,6.278
23952,320,109,6.870
23953,300,129,6.574
23954,320,146,7.148
23955,320,143,7.037
23956,9,4,2.648
23957,320,87,6.760
23958,277,80,5.759
23959,320,127,6.796
23960,287,123,6.444
23961,320,154,6.796
23962,303,97,27.740
23963,320,94,6.871
23964,270,99,5.704
23965,320,133,6.926
23966,306,118,6.556
23967,320,150,7.203
23968,288,74,6.314
23969,320,107,6.537
23970,281,131,6.111
23971,320,129,6.944
23972,272,100,5.889
23973,320,88,6.592
23974,252,87,5.482
23975,320,140,6.944
23976,313,118,6.723
23977,320,124,6.648
23978,270,86,5.888
23979,320,91,6.648
23980,305,137,7.019
23981,320,99,6.908
23982,283,107,6.056
23983,320,74,6.315
23984,240,74,5.222
23985,320,135,6.611
23986,306,102,6.481
23987,320,117,7.407
23988,250,37,4.944
23989,320,93,6.370
23990,280,111,6.148
23991,320,117,6.963
23992,269,76,5.629
23993,320,50,6.519
23994,253,69,6.351
23995,320,101,7.186
23996,282,103,6.185
23997,320,97,7.519
23998,244,20,4.740
23999,320,105,6.445
24000,290,95,6.333
24001,320,141,6.667
24002,267,68,5.537
24003,320,47,6.259
24004,262,77,5.278
24005,320,89,6.667
24006,300,118,6.482
24007,320,45,6.093
24008,244,33,4.722
24009,320,109,6.445
24010,276,76,5.649
24011,320,118,6.778
24012,250,27,5.074
24013,320,58,5.815
24014,274,89,5.833
24015,320,84,6.815
24016,281,95,5.740
24017,320,24,5.778
24018,244,57,5.167
24019,320,81,6.278
24020,261,64,5.277
24021,320,69,6.129
24022,249,26,4.852
24023,320,71,5.908
24024,272,59,5.371
24025,320,67,6.000
24026,269,62,5.556
24027,320,37,5.759
24028,251,46,4.963
24029,320,79,6.074
24030,270,66,5.463
24031,320,61,6.167
24032,257,34,5.000
24033,320,54,5.777
24034,268,59,5.797
24035,320,70,6.352
24036,268,41,5.630
24037,320,37,5.871
24038,262,45,5.166
24039,320,70,6.000
24040,307,55,5.796
24041,320,52,6.223
24042,259,21,4.963
24043,320,64,6.315
24044,286,61,5.648
24045,320,74,6.167
24046,291,54,5.851
24047,320,50,6.408
24048,265,40,5.334
24049,320,56,6.592
24050,261,58,5.223
24051,320,44,5.982
24052,279,43,5.500
24053,320,46,5.833
24054,304,54,5.611
24055,320,69,6.351
24056,289,47,5.629
24057,320,56,5.981
24058,307,69,5.944
24059,320,84,6.185
24060,320,64,6.259
24061,10,0,2.260
24062,320,91,6.426
24063,320,62,6.592
24064,16,1,2.278
24065,320,46,6.055
24066,320,76,6.296
24067,7,1,2.407
24068,320,85,6.278
24069,320,67,6.500
24070,13,3,2.370
24071,320,104,6.833
24072,320,37,6.630
24073,42,8,2.648
24074,320,48,6.166
24075,320,83,6.426
24076,18,5,2.555
24077,320,76,6.296
24078,320,64,6.259
24079,8,5,2.315
24080,320,116,6.629
24081,320,46,6.185
24082,42,10,2.778
24083,320,58,6.407
24084,320,74,6.149
24085,6,0,2.222
24086,320,98,6.703
24087,320,64,6.296
24088,56,18,3.111
24089,320,94,6.778
24090,320,69,6.203
24091,34,8,2.685
24092,320,62,6.148
24093,320,59,6.537
24094,52,12,3.056
24095,320,95,6.648
24096,320,103,6.870
24097,65,18,3.259
24098,320,105,6.907
24099,320,108,6.870
24100,73,19,3.426
24101,320,85,6.555
24102,320,106,6.722
24103,63,18,3.185
24104,320,107,6.722
24105,320,112,7.111
24106,85,32,3.723
24107,320,107,6.796
24108,320,119,6.760
24109,74,27,3.482
24110,320,99,7.241
24111,320,102,7.093
24112,109,37,4.129
24113,320,122,7.185
24114,320,116,7.019
24115,81,26,3.556
24116,320,126,7.019
24117,320,121,7.333
24118,126,43,4.463
24119,320,136,7.500
24120,320,141,7.297
24121,103,46,4.111
24122,320,101,7.407
24123,320,127,7.167
24124,117,29,4.260
24125,320,127,7.296
24126,320,96,7.166
24127,99,47,4.149
24128,320,129,7.426
24129,320,137,7.833
24130,145,48,5.111
24131,320,121,7.685
24132,320,143,7.500
24133,121,60,4.389
24134,320,139,7.444
24135,320,143,7.370
24136,134,63,4.833
24137,320,150,7.833
24138,320,152,7.889
24139,167,73,5.277
24140,320,124,8.278
24141,320,152,7.889
24142,135,66,4.981
24143,320,145,7.704
24144,320,156,7.833
24145,145,82,4.888
24146,320,127,8.000
24147,320,157,7.908
24148,171,88,5.648
24149,320,165,8.037
24150,320,163,7.926
24151,145,70,4.945
24152,320,174,7.852
24153,320,169,7.704
24154,183,99,5.982
24155,320,172,8.315
24156,320,194,8.444
24157,192,109,6.093
24158,320,168,8.518
24159,320,161,8.148
24160,166,94,5.630
24161,320,194,8.074
24162,320,187,7.944
24163,208,104,6.314
24164,320,183,9.056
24165,320,180,8.537
24166,213,119,6.982
24167,320,182,8.889
24168,320,189,8.296
24169,181,110,5.981
24170,320,191,8.352
24171,320,191,8.037
24172,204,108,7.000
24173,320,183,8.315
24174,320,173,8.667
24175,220,120,6.926
24176,320,181,8.648
24177,320,193,8.481
24178,218,131,7.296
24179,320,180,9.166
24180,320,187,8.315
24181,203,127,7.075
24182,320,190,8.185
24183,320,189,8.260
24184,220,135,6.926
24185,320,179,9.074
24186,320,176,8.648
24187,237,129,7.519
24188,320,197,9.222
24189,320,196,8.926
24190,215,130,6.908
24191,320,168,8.722
24192,320,194,8.389
24193,210,115,6.797
24194,320,193,8.592
24195,320,207,8.870
24196,226,129,7.093
24197,320,179,9.093
24198,320,196,8.796
24199,244,129,7.574
24200,320,198,8.870
24201,320,204,8.519
24202,217,123,7.018
24203,320,179,8.871
24204,320,175,10.611
24205,217,136,6.871
24206,320,181,8.537
24207,320,203,8.574
24208,241,140,7.612
24209,320,191,9.074
24210,320,184,9.055
24211,253,145,7.926
24212,320,188,9.407
24213,320,200,9.204
24214,238,150,8.037
24215,320,175,9.555
24216,320,196,8.945
24217,229,141,7.444
24218,320,210,8.796
24219,320,186,8.926
24220,242,154,7.556
24221,320,187,8.852
24222,320,188,9.203
24223,260,162,8.500
24224,320,166,9.629
24225,320,168,9.722
24226,255,154,8.408
24227,320,212,9.278
24228,320,183,9.352
24229,244,137,7.945
24230,320,223,8.703
24231,320,213,9.203
24232,237,152,7.630
24233,320,216,9.111
24234,320,203,8.852
24235,258,154,8.092
24236,320,193,9.167
24237,320,185,9.723
24238,283,140,9.278
24239,320,192,10.260
24240,320,197,9.519
24241,246,156,8.648
24242,320,212,9.315
24243,320,198,9.370
24244,243,149,7.759
24245,320,203,9.611
24246,320,205,9.629
24247,242,149,11.111
24248,320,189,11.852
24249,320,199,9.889
24250,256,139,8.315
24251,320,189,9.074
24252,320,168,9.593
24253,275,172,9.629
24254,320,179,10.315
24255,320,188,9.852
24256,262,163,8.889
24257,320,183,9.981
24258,320,202,9.167
24259,238,166,7.685
24260,320,200,10.408
24261,320,194,8.685
24262,253,156,7.907
24263,320,177,9.278
24264,320,196,9.166
24265,264,145,8.629
24266,320,144,9.649
24267,320,171,9.963
24268,280,169,9.000
24269,320,172,10.352
24270,320,184,10.278
24271,262,164,9.259
24272,320,197,9.944
24273,320,194,9.704
24274,259,172,8.167
24275,320,198,9.389
24276,320,187,9.481
24277,241,132,7.796
24278,320,209,8.926
24279,320,193,8.944
24280,259,140,8.241
24281,320,176,9.352
24282,320,149,9.667
24283,275,151,8.907
24284,320,178,10.352
24285,320,192,9.945
24286,262,145,8.981
24287,320,175,10.000
24288,320,219,9.926
24289,248,139,8.444
24290,320,196,9.648
24291,320,187,9.556
24292,258,151,8.352
24293,320,187,9.481
24294,320,192,9.740
24295,264,160,8.982
24296,320,164,9.759
24297,320,167,10.111
24298,285,153,9.500
24299,320,183,9.925
24300,320,171,32.834
24301,273,155,10.111
24302,320,192,10.297
24303,320,196,10.111
24304,255,135,9.092
24305,320,218,9.204
24306,320,179,10.185
24307,261,150,8.852
24308,320,188,9.648
24309,320,188,9.556
24310,267,159,8.815
24311,320,195,9.871
24312,320,188,10.018
24313,286,153,10.203
24314,320,187,10.389
24315,320,154,10.315
24316,278,172,9.352
24317,320,186,10.834
24318,320,193,10.000
24319,259,159,8.907
24320,320,186,10.166
24321,320,176,10.056
24322,264,174,8.981
24323,320,202,9.537
24324,320,203,9.741
24325,269,161,8.834
24326,320,187,10.740
24327,320,178,9.944
24328,283,159,9.370
24329,320,191,10.334
24330,320,189,10.574
24331,287,161,10.222
24332,320,186,10.722
24333,320,197,10.370
24334,278,174,13.259
24335,320,185,12.760
24336,320,215,10.260
24337,268,175,9.352
24338,320,210,10.074
24339,320,207,9.963
24340,280,164,9.500
24341,320,195,10.019
24342,320,197,10.037
24343,273,173,9.463
24344,320,169,10.426
24345,320,201,10.519
24346,294,173,10.408
24347,320,175,10.574
24348,320,181,10.741
24349,294,179,10.389
24350,320,184,10.759
24351,320,170,11.000
24352,301,167,11.389
24353,320,203,11.519
24354,320,189,11.518
24355,284,168,11.445
24356,320,206,11.093
24357,320,210,10.796
24358,276,166,9.796
24359,320,207,13.055
24360,320,207,13.871
24361,281,172,9.741
24362,320,192,10.666
24363,320,186,10.593
24364,289,166,9.760
24365,320,171,10.908
24366,320,191,10.852
24367,299,166,10.222
24368,320,175,11.611
24369,320,161,11.982
24370,304,158,17.592
24371,320,176,13.593
24372,320,182,12.444
24373,297,181,11.315
24374,320,191,11.982
24375,320,213,12.926
24376,290,164,12.722
24377,320,199,12.056
24378,320,211,11.277
24379,282,175,11.111
24380,320,200,10.629
24381,320,205,10.352
24382,285,184,9.834
24383,320,203,10.371
24384,320,205,10.556
24385,289,170,10.000
24386,320,188,10.556
24387,320,188,11.426
24388,306,173,11.685
24389,320,168,12.018
24390,320,187,11.778
24391,312,171,12.130
24392,320,156,12.314
24393,320,217,12.203
24394,302,185,11.629
24395,320,193,11.759
24396,320,192,12.093
24397,294,192,11.074
24398,320,199,11.759
24399,320,204,11.278
24400,291,173,10.963
24401,320,204,10.852
24402,320,199,10.722
24403,300,188,11.148
24404,320,199,11.944
24405,320,216,10.889
24406,297,202,10.296
24407,320,187,11.019
24408,320,180,11.315
24409,320,163,11.870
24410,1,0,6.963
24411,320,172,11.778
24412,320,212,11.723
24413,320,182,12.352
24414,1,1,7.444
24415,320,175,12.259
24416,320,192,12.352
24417,320,179,13.111
24418,3,2,8.444
24419,320,197,12.907
24420,320,163,13.666
24421,320,189,13.815
24422,7,4,8.926
24423,320,230,13.204
24424,320,208,13.445
24425,308,206,12.834
24426,320,202,15.592
24427,320,218,12.760
24428,311,197,12.408
24429,320,223,12.000
24430,320,228,11.648
24431,314,225,12.130
24432,320,197,12.093
24433,320,184,12.203
24434,320,179,12.500
24435,8,6,7.889
24436,320,230,12.444
24437,320,200,13.537
24438,320,199,12.963
24439,5,3,8.334
24440,320,203,13.000
24441,320,214,13.611
24442,320,203,13.759
24443,10,8,9.111
24444,320,230,13.833
24445,320,202,13.889
24446,320,186,14.148
24447,18,12,10.741
24448,320,213,14.093
24449,320,200,14.445
24450,320,198,16.166
24451,17,10,10.944
24452,320,175,16.888
24453,320,221,17.166
24454,320,192,17.963
24455,31,15,15.722
24456,320,198,17.185
24457,320,212,18.093
24458,320,187,18.445
24459,23,16,13.333
24460,320,195,17.685
24461,320,203,18.167
24462,320,208,18.074
24463,18,6,12.463
24464,320,191,19.389
24465,320,206,19.685
24466,320,197,21.500
24467,25,20,15.592
24468,320,225,20.870
24469,320,224,20.722
24470,320,220,17.148
24471,7,6,11.018
24472,320,202,16.241
24473,320,217,15.629
24474,320,189,16.871
24475,22,8,11.462
24476,320,168,16.185
24477,320,210,16.426
24478,320,187,16.204
24479,19,15,11.704
24480,320,219,15.778
24481,320,229,20.148
24482,320,203,16.796
24483,14,7,11.333
24484,320,227,15.611
24485,320,226,16.741
24486,320,221,15.556
24487,14,10,11.814
24488,320,210,16.445
24489,320,184,15.685
24490,320,189,15.759
24491,20,17,11.704
24492,320,216,15.593
24493,320,222,14.851
24494,320,189,15.463
24495,20,14,10.833
24496,320,214,15.130
24497,320,186,15.148
24498,320,207,16.092
24499,28,15,11.593
24500,320,178,16.111
24501,320,186,16.389
24502,320,204,16.500
24503,31,24,12.741
24504,320,208,17.018
24505,320,195,16.981
24506,320,200,17.334
24507,26,14,15.315
24508,320,198,17.630
24509,320,181,17.815
24510,320,197,17.741
24511,30,16,13.556
24512,320,173,18.593
24513,320,176,18.778
24514,320,219,18.833
24515,38,30,14.703
24516,320,207,19.518
24517,320,197,19.019
24518,320,210,19.426
24519,37,18,15.926
24520,320,185,19.482
24521,320,200,19.666
24522,320,207,20.463
24523,30,18,16.074
24524,320,171,19.963
24525,320,162,20.333
24526,320,188,20.574
24527,38,26,16.796
24528,320,183,20.741
24529,320,140,21.130
24530,320,192,21.722
24531,66,46,17.870
24532,320,187,47.259
24533,320,229,22.851
24534,320,227,25.240
24535,27,16,17.296
24536,320,199,22.037
24537,320,216,21.130
24538,320,223,20.445
24539,27,24,15.556
24540,320,185,20.944
24541,320,226,19.870
24542,320,229,20.722
24543,25,20,15.204
24544,320,232,19.222
24545,320,256,18.926
24546,320,207,19.000
24547,20,13,15.537
24548,320,180,18.685
24549,320,200,17.981
24550,320,226,17.296
24551,21,17,12.444
24552,320,212,16.777
24553,320,182,17.611
24554,320,184,17.556
24555,27,19,12.685
24556,320,180,17.370
24557,320,224,17.278
24558,320,197,16.963
24559,19,12,12.611
24560,320,178,16.963
24561,320,150,17.315
24562,320,151,17.371
24563,46,15,13.629
24564,320,222,18.388
24565,320,179,17.833
24566,320,192,17.889
24567,20,8,14.037
24568,320,208,17.704
24569,320,191,19.499
24570,320,146,19.092
24571,37,21,15.444
24572,320,163,22.797
24573,320,207,21.240
24574,320,188,24.833
24575,34,15,19.481
24576,320,158,19.648
24577,320,192,19.685
24578,320,175,19.333
24579,28,22,16.999
24580,320,179,20.926
24581,320,188,20.777
24582,320,199,20.296
24583,31,19,14.722
24584,320,165,19.778
24585,320,183,20.000
24586,320,193,19.629
24587,27,14,14.981
24588,320,205,19.352
24589,320,159,20.278
24590,320,154,20.352
24591,29,18,15.871
24592,320,184,19.963
24593,320,194,19.259
24594,320,199,19.351
24595,18,9,13.704
24596,320,148,18.555
24597,320,186,18.759
24598,320,198,18.092
24599,19,14,13.092
24600,320,164,17.685
24601,320,154,17.629
24602,320,190,18.167
24603,24,16,12.574
24604,320,211,17.204
24605,320,194,23.240
24606,320,191,18.555
24607,11,1,11.833
24608,320,172,17.630
24609,320,191,16.389
24610,320,173,21.389
24611,17,7,11.852
24612,320,228,16.741
24613,320,164,15.666
24614,320,179,16.093
24615,10,3,11.019
24616,320,189,17.018
24617,320,154,15.685
24618,320,205,16.722
24619,16,10,10.778
24620,320,172,16.740
24621,320,208,15.685
24622,320,171,15.723
24623,19,7,11.296
24624,320,186,15.740
24625,320,214,15.315
24626,320,176,16.148
24627,14,4,11.240
24628,320,173,16.259
24629,320,175,17.241
24630,320,179,16.888
24631,29,22,13.574
24632,320,200,18.019
24633,320,204,17.370
24634,320,184,16.833
24635,17,8,12.685
24636,320,171,16.648
24637,320,145,17.407
24638,320,142,18.277
24639,39,27,15.870
24640,320,204,17.852
24641,320,182,20.111
24642,320,195,20.056
24643,16,11,12.945
24644,320,187,18.186
24645,320,200,17.648
24646,320,194,17.611
24647,21,10,12.741
24648,320,185,17.222
24649,320,197,17.111
24650,320,218,17.167
24651,16,11,12.259
24652,320,209,17.407
24653,320,221,16.778
24654,320,221,16.630
24655,13,12,11.019
24656,320,188,16.778
24657,320,207,16.408
24658,320,199,16.074
24659,22,11,11.537
24660,320,195,16.519
24661,320,229,15.722
24662,320,241,15.481
24663,13,8,11.167
24664,320,196,15.537
24665,320,220,16.296
24666,320,242,15.129
24667,18,17,10.815
24668,320,216,15.408
24669,320,207,15.796
24670,320,181,16.537
24671,31,16,12.278
24672,320,230,16.203
24673,320,234,15.963
24674,320,194,16.222
24675,17,11,11.778
24676,320,206,15.945
24677,320,238,15.852
24678,320,240,15.518
24679,15,11,11.741
24680,320,222,15.611
24681,320,213,16.148
24682,320,217,16.167
24683,28,17,12.185
24684,320,160,17.055
24685,320,185,17.481
24686,320,238,17.093
24687,27,17,12.611
24688,320,231,17.574
24689,320,191,18.593
24690,320,183,17.222
24691,39,25,12.981
24692,320,193,18.334
24693,320,222,17.667
24694,320,211,17.277
24695,22,14,13.852
24696,320,205,17.389
24697,320,199,17.686
24698,320,236,17.407
24699,26,17,13.778
24700,320,204,18.481
24701,320,179,18.407
24702,320,180,18.592
24703,41,20,14.815
24704,320,211,19.241
24705,320,208,18.889
24706,320,201,18.241
24707,29,20,14.352
24708,320,191,18.703
24709,320,192,18.999
24710,320,224,18.907
24711,21,13,13.666
24712,320,230,18.204
24713,320,219,18.426
24714,320,219,18.185
24715,23,16,18.445
24716,320,236,18.019
24717,320,225,17.926
24718,320,220,18.111
24719,15,12,12.555
24720,320,224,17.259
24721,320,201,16.703
24722,320,211,16.630
24723,21,16,12.018
24724,320,233,16.296
24725,320,215,15.666
24726,320,224,20.556
24727,20,15,11.481
24728,320,214,16.018
24729,320,187,16.408
24730,320,228,16.074
24731,28,17,11.834
24732,320,221,16.463
24733,320,250,15.667
24734,320,195,16.278
24735,20,15,12.000
24736,320,231,16.296
24737,320,234,15.889
24738,320,223,16.056
24739,17,13,11.518
24740,320,224,16.000
24741,320,214,16.370
24742,320,209,16.352
24743,23,14,12.259
24744,320,225,16.241
24745,320,209,16.019
24746,320,222,16.333
24747,22,18,11.797
24748,320,209,16.537
24749,320,211,15.999
24750,320,223,18.389
24751,24,13,12.129
24752,320,173,17.055
24753,320,189,17.092
24754,320,171,17.592
24755,35,27,13.278
24756,320,200,18.037
24757,320,207,17.555
24758,320,201,17.777
24759,27,10,13.556
24760,320,202,18.074
24761,320,206,17.889
24762,320,205,18.277
24763,27,19,13.852
24764,320,222,18.092
24765,320,187,18.777
24766,320,201,18.315
24767,27,16,14.204
24768,320,209,18.556
24769,320,219,18.222
24770,320,210,18.333
24771,24,11,14.055
24772,320,199,18.519
24773,320,225,17.685
24774,320,218,17.389
24775,15,12,12.629
24776,320,204,20.704
24777,320,216,16.888
24778,320,217,16.148
24779,13,7,11.667
24780,320,206,16.352
24781,320,206,16.203
24782,320,208,15.703
24783,17,13,11.093
24784,320,212,15.611
24785,320,210,15.685
24786,320,189,15.408
24787,13,12,10.796
24788,320,230,15.111
24789,320,210,14.926
24790,320,230,15.074
24791,16,9,10.648
24792,320,202,15.444
24793,320,222,14.944
24794,320,205,15.481
24795,16,14,10.741
24796,320,220,15.019
24797,320,205,15.556
24798,320,216,15.667
24799,16,10,11.000
24800,320,215,15.241
24801,320,215,15.333
24802,320,206,15.445
24803,19,12,10.648
24804,320,171,15.611
24805,320,210,16.037
24806,320,199,16.056
24807,17,10,11.500
24808,320,179,15.851
24809,320,195,16.185
24810,320,201,18.185
24811,18,14,11.093
24812,320,200,16.037
24813,320,182,18.148
24814,320,174,17.278
24815,23,14,12.037
24816,320,173,17.074
24817,320,196,16.481
24818,320,183,16.278
24819,11,3,11.278
24820,320,191,15.851
24821,320,187,16.092
24822,320,177,16.370
24823,14,8,11.019
24824,320,160,15.963
24825,320,193,15.241
24826,320,182,15.278
24827,8,4,10.166
24828,320,156,15.296
24829,320,182,14.982
24830,320,194,14.667
24831,320,200,14.333
24832,320,169,14.241
24833,320,182,14.759
24834,2,1,8.648
24835,320,187,13.852
24836,320,184,13.889
24837,320,153,13.648
24838,1,1,8.500
24839,320,168,13.722
24840,320,169,13.277
24841,320,166,13.574
24842,4,0,8.518
24843,320,177,13.944
24844,320,175,13.685
24845,314,151,13.463
24846,320,179,13.407
24847,320,174,13.648
24848,320,163,13.722
24849,3,2,8.444
24850,320,159,13.722
24851,320,149,13.759
24852,320,159,13.981
24853,15,5,9.778
24854,320,148,13.648
24855,320,186,14.185
24856,320,147,14.223
24857,6,3,9.704
24858,320,165,14.537
24859,320,154,14.519
24860,320,157,14.611
24861,1,1,9.333
24862,320,169,14.333
24863,320,158,14.500
24864,313,154,14.185
24865,320,150,15.167
24866,320,149,13.629
24867,309,137,12.500
24868,320,138,12.852
24869,320,156,12.944
24870,310,146,12.278
24871,320,154,12.519
24872,320,153,12.463
24873,311,147,12.704
24874,320,162,12.648
24875,320,145,12.500
24876,306,142,12.166
24877,320,154,12.296
24878,320,152,12.445
24879,311,143,12.482
24880,320,158,12.389
24881,320,153,12.556
24882,320,132,13.352
24883,18,11,8.314
24884,320,137,13.500
24885,320,171,13.370
24886,310,141,13.296
24887,320,167,13.500
24888,320,142,13.463
24889,320,168,13.981
24890,320,142,13.629
24891,320,151,13.481
24892,310,142,12.963
24893,320,161,13.130
24894,320,144,12.981
24895,305,124,12.426
24896,320,154,12.111
24897,320,131,12.000
24898,306,141,11.963
24899,320,159,12.203
24900,320,144,11.722
24901,292,133,11.389
24902,320,132,11.630
24903,320,133,11.500
24904,312,142,11.371
24905,320,131,11.741
24906,320,140,12.204
24907,314,134,12.037
24908,320,131,12.370
24909,320,145,12.723
24910,315,139,12.519
24911,320,137,12.797
24912,320,145,13.166
24913,311,129,12.741
24914,320,117,12.537
24915,320,136,12.926
24916,299,126,11.944
24917,320,148,12.259
24918,320,142,11.963
24919,304,114,11.500
24920,320,144,11.666
24921,320,133,11.833
24922,295,134,11.093
24923,320,137,11.537
24924,320,150,11.611
24925,298,131,10.963
24926,320,147,11.315
24927,320,167,11.759
24928,305,122,11.444
24929,320,131,11.945
24930,320,137,11.944
24931,305,115,11.555
24932,320,134,12.112
24933,320,133,11.888
24934,310,138,12.314
24935,320,147,11.981
24936,320,140,12.204
24937,306,137,11.963
24938,320,163,12.352
24939,320,151,12.203
24940,305,139,11.889
24941,320,170,11.907
24942,320,151,12.037
24943,302,134,11.630
24944,320,160,11.796
24945,320,133,11.944
24946,307,146,11.500
24947,320,166,11.926
24948,320,165,12.056
24949,305,141,23.426
24950,320,154,12.667
24951,320,132,12.074
24952,305,152,12.018
24953,320,150,11.982
24954,320,149,12.056
24955,309,163,12.074
24956,320,164,12.093
24957,320,154,12.685
24958,320,130,12.629
24959,4,2,7.685
24960,320,164,13.130
24961,320,167,12.611
24962,301,144,12.315
24963,320,167,12.352
24964,320,163,12.500
24965,310,153,12.241
24966,320,133,12.444
24967,320,159,12.314
24968,312,156,12.092
24969,320,141,12.463
24970,320,163,12.370
24971,304,145,12.241
24972,320,156,12.203
24973,320,154,12.055
24974,307,152,12.056
24975,320,160,12.167
24976,320,170,12.203
24977,310,145,11.907
24978,320,164,11.925
24979,320,138,12.296
24980,315,167,12.315
24981,320,170,12.556
24982,320,161,12.370
24983,308,148,12.092
24984,320,144,12.574
24985,320,162,12.407
24986,320,154,12.926
24987,4,1,7.537
24988,320,152,13.019
24989,320,164,12.704
24990,309,159,12.556
24991,320,162,12.778
24992,320,173,12.648
24993,308,160,12.500
24994,320,175,12.129
24995,320,170,12.203
24996,307,144,11.963
24997,320,168,12.241
24998,320,147,11.852
24999,305,135,11.760
25000,320,152,12.352
25001,320,165,11.871
25002,310,162,11.852
25003,320,146,12.259
25004,320,158,11.926
25005,305,156,11.722
25006,320,167,12.388
25007,320,162,12.000
25008,303,149,11.574
25009,320,154,12.093
25010,320,154,12.037
25011,311,162,11.723
25012,320,165,12.241
25013,320,163,11.870
25014,310,167,11.981
25015,320,157,12.037
25016,320,154,12.722
25017,311,151,13.149
25018,320,200,12.963
25019,320,169,12.981
25020,305,156,12.130
25021,320,159,13.092
25022,320,165,12.389
25023,308,157,11.815
25024,320,158,12.870
25025,320,177,12.166
25026,312,162,12.148
25027,320,169,12.445
25028,320,178,12.278
25029,311,170,11.852
25030,320,172,12.130
25031,320,186,12.519
25032,314,173,12.092
25033,320,182,12.240
25034,320,175,12.426
25035,315,177,12.759
25036,320,183,12.648
25037,320,175,13.093
25038,308,171,12.315
25039,320,188,12.796
25040,320,179,12.649
25041,317,176,12.296
25042,320,178,12.371
25043,320,176,12.445
25044,312,185,12.278
25045,320,197,13.371
25046,320,197,12.722
25047,316,186,13.222
25048,320,181,12.778
25049,320,186,12.666
25050,311,180,12.333
25051,320,169,12.649
25052,320,190,12.426
25053,314,163,12.722
25054,320,177,13.148
25055,320,190,12.407
25056,320,159,12.537
25057,320,170,13.093
25058,320,199,12.537
25059,302,169,12.315
25060,320,195,11.963
25061,320,177,12.111
25062,311,172,11.833
25063,320,184,12.352
25064,320,194,12.056
25065,310,165,11.889
25066,320,185,12.630
25067,320,179,12.055
25068,311,174,12.000
25069,320,188,12.426
25070,320,188,12.760
25071,315,185,11.963
25072,320,197,12.111
25073,320,221,12.481
25074,320,222,12.055
25075,1,1,7.685
25076,320,215,12.537
25077,320,182,12.444
25078,320,184,12.685
25079,320,180,13.000
25080,320,202,13.037
25081,309,172,12.629
25082,320,205,12.740
25083,320,191,12.815
25084,312,212,12.130
25085,320,200,12.111
25086,320,236,12.074
25087,320,241,11.945
25088,9,6,7.870
25089,320,225,12.037
25090,320,222,12.148
25091,320,194,12.908
25092,12,10,8.685
25093,320,213,13.204
25094,320,210,13.149
25095,320,212,13.444
25096,2,1,9.519
25097,320,215,13.444
25098,320,196,13.277
25099,318,204,13.019
25100,320,194,13.444
25101,320,193,13.315
25102,307,168,12.592
25103,320,186,12.556
25104,320,175,12.334
25105,303,179,12.148
25106,320,183,11.908
25107,320,214,11.574
25108,312,210,11.611
25109,320,236,11.426
25110,320,221,11.537
25111,319,208,11.982
25112,320,236,11.741
25113,320,223,12.130
25114,319,198,12.055
25115,320,215,12.388
25116,320,188,12.500
25117,313,194,12.388
25118,320,206,12.981
25119,320,185,12.759
25120,310,169,12.278
25121,320,182,12.056
25122,320,205,11.815
25123,309,210,11.648
25124,320,211,11.833
25125,320,232,11.481
25126,317,212,11.741
25127,320,201,12.148
25128,320,205,12.222
25129,315,199,11.759
25130,320,206,11.852
25131,320,201,12.130
25132,309,181,12.055
25133,320,204,12.019
25134,320,216,11.815
25135,316,206,11.870
25136,320,211,12.055
25137,320,209,11.908
25138,316,211,11.852
25139,320,215,11.833
25140,320,199,12.278
25141,314,190,12.111
25142,320,219,12.277
25143,320,228,12.185
25144,313,214,11.963
25145,320,224,12.148
25146,320,228,12.148
25147,320,228,12.037
25148,320,215,12.092
25149,320,213,12.000
25150,320,218,12.611
25151,4,3,8.611
25152,320,226,12.296
25153,320,210,12.777
25154,320,220,12.907
25155,8,7,8.315
25156,320,220,13.556
25157,320,225,12.685
25158,320,217,12.686
25159,6,5,8.519
25160,320,211,13.166
25161,320,223,13.112
25162,320,217,13.037
25163,3,1,8.907
25164,320,222,12.741
25165,320,230,12.889
25166,320,220,12.944
25167,2,2,8.167
25168,320,227,12.889
25169,320,218,12.925
25170,320,212,13.074
25171,320,207,12.704
25172,320,198,13.167
25173,317,204,13.167
25174,320,212,13.296
25175,320,216,12.944
25176,316,217,13.352
25177,320,209,13.240
25178,320,206,13.074
25179,303,198,12.370
25180,320,190,12.981
25181,320,180,12.223
25182,295,145,11.352
25183,320,192,11.722
25184,320,183,11.408
25185,294,165,11.685
25186,320,191,11.314
25187,320,182,11.222
25188,299,163,10.926
25189,320,189,11.519
25190,320,194,22.611
25191,306,165,12.148
25192,320,173,11.963
25193,320,213,11.185
25194,306,175,12.148
25195,320,199,12.222
25196,320,205,11.778
25197,295,176,11.371
25198,320,208,11.148
25199,320,206,12.130
25200,305,215,11.260
25201,320,201,11.815
25202,320,215,11.759
25203,314,197,11.759
25204,320,221,11.704
25205,320,204,12.277
25206,306,200,11.592
25207,320,204,12.352
25208,320,214,12.037
25209,305,203,12.056
25210,320,201,11.814
25211,320,198,13.315
25212,305,176,11.759
25213,320,190,11.574
25214,320,199,12.926
25215,310,214,11.481
25216,320,207,12.167
25217,320,220,12.074
25218,313,212,12.167
25219,320,208,12.833
25220,320,232,12.389
25221,320,232,13.370
25222,6,6,8.018
25223,320,231,12.407
25224,320,239,12.648
25225,320,229,13.593
25226,3,3,8.223
25227,320,217,12.741
25228,320,241,13.130
25229,320,236,12.926
25230,9,8,9.000
25231,320,239,12.797
25232,320,244,13.185
25233,320,240,12.889
25234,10,8,8.537
25235,320,239,13.555
25236,320,226,15.296
25237,320,245,13.185
25238,9,6,9.333
25239,320,236,13.834
25240,320,231,13.593
25241,320,235,13.407
25242,13,10,9.297
25243,320,214,13.760
25244,320,224,13.722
25245,320,226,13.907
25246,15,9,9.797
25247,320,205,14.500
25248,320,218,14.037
25249,320,197,14.907
25250,20,11,10.056
25251,320,239,15.889
25252,320,223,16.351
25253,320,223,15.333
25254,12,7,14.834
25255,320,208,17.426
25256,320,227,15.685
25257,320,202,15.074
25258,16,11,10.852
25259,320,223,16.463
25260,320,215,23.426
25261,320,219,20.407
25262,20,13,10.092
25263,320,216,15.000
25264,320,173,15.111
25265,320,197,15.389
25266,5,2,9.592
25267,320,204,14.630
25268,320,201,14.889
25269,309,180,14.129
25270,320,183,13.889
25271,320,153,13.871
25272,309,176,12.425
25273,320,196,12.056
25274,320,175,12.037
25275,307,158,12.129
25276,320,191,11.722
25277,320,188,12.296
25278,307,182,12.518
25279,320,200,12.056
25280,320,172,12.389
25281,313,180,12.223
25282,320,192,11.889
25283,320,171,12.833
25284,317,181,12.649
25285,320,177,12.704
25286,320,170,12.963
25287,318,180,12.352
25288,320,199,12.759
25289,320,193,12.481
25290,312,182,12.241
25291,320,186,12.630
25292,320,203,12.167
25293,310,170,12.462
25294,320,179,12.241
25295,320,194,11.963
25296,311,182,12.019
25297,320,202,12.426
25298,320,194,11.537
25299,301,181,11.297
25300,320,196,11.519
25301,320,187,11.741
25302,307,193,11.462
25303,320,211,12.000
25304,320,195,11.389
25305,316,200,11.834
25306,320,175,11.759
25307,320,195,11.926
25308,317,179,12.500
25309,320,170,12.870
25310,320,198,12.278
25311,316,162,12.611
25312,320,183,12.945
25313,320,198,12.481
25314,310,174,12.166
25315,320,167,13.704
25316,320,182,12.667
25317,318,197,12.555
25318,320,185,12.481
25319,320,187,12.351
25320,307,191,12.074
25321,320,210,12.129
25322,320,205,12.055
25323,313,215,11.796
25324,320,206,11.944
25325,320,197,11.833
25326,305,184,11.648
25327,320,199,11.815
25328,320,201,11.704
25329,315,190,11.759
25330,320,188,12.000
25331,320,180,12.185
25332,320,191,12.074
25333,320,200,13.833
25334,320,211,12.592
25335,320,176,13.000
25336,9,6,8.426
25337,320,195,13.018
25338,320,207,12.852
25339,320,189,12.778
25340,4,2,8.537
25341,320,195,13.611
25342,320,202,13.519
25343,320,208,13.704
25344,9,7,8.759
25345,320,220,13.167
25346,320,166,14.000
25347,320,212,14.185
25348,9,7,9.130
25349,320,209,13.870
25350,320,191,13.777
25351,320,203,13.833
25352,2,2,8.667
25353,320,199,13.648
25354,320,207,13.463
25355,320,203,13.518
25356,320,217,13.444
25357,320,200,13.315
25358,320,216,12.907
25359,5,4,8.555
25360,320,206,13.037
25361,320,219,12.797
25362,320,231,12.629
25363,320,228,12.556
25364,320,181,13.204
25365,320,228,14.074
25366,5,4,8.408
25367,320,209,12.944
25368,320,202,12.907
25369,320,192,13.018
25370,2,0,8.222
25371,320,180,12.963
25372,320,204,13.297
25373,320,192,13.592
25374,14,5,8.797
25375,320,218,12.944
25376,320,198,13.722
25377,320,206,13.296
25378,2,2,8.593
25379,320,219,13.055
25380,320,203,13.815
25381,320,182,14.018
25382,13,7,9.408
25383,320,213,13.945
25384,320,196,13.352
25385,320,197,13.759
25386,8,6,8.704
25387,320,182,13.611
25388,320,219,13.852
25389,320,185,13.611
25390,14,8,9.555
25391,320,225,13.889
25392,320,213,14.241
25393,320,213,14.093
25394,4,3,9.130
25395,320,221,13.612
25396,320,210,13.740
25397,320,210,13.889
25398,8,4,9.111
25399,320,230,13.500
25400,320,211,13.703
25401,320,224,13.277
25402,320,240,12.722
25403,320,218,12.777
25404,320,220,13.185
25405,8,3,9.777
25406,320,229,13.019
25407,320,218,13.315
25408,320,202,13.537
25409,11,6,8.851
25410,320,206,13.241
25411,320,180,13.908
25412,320,220,13.593
25413,8,5,8.981
25414,320,210,13.963
25415,320,213,13.556
25416,320,208,13.722
25417,11,9,9.574
25418,320,207,13.889
25419,320,214,13.833
25420,320,171,14.315
25421,20,13,9.834
25422,320,188,14.889
25423,320,197,14.722
25424,320,168,15.148
25425,9,7,9.518
25426,320,213,14.259
25427,320,204,14.630
25428,320,173,14.963
25429,14,8,10.148
25430,320,222,29.019
25431,320,196,15.000
25432,320,205,15.185
25433,17,8,10.611
25434,320,216,14.796
25435,320,207,14.519
25436,320,204,14.296
25437,9,5,9.741
25438,320,200,14.926
25439,320,228,14.260
25440,320,202,14.037
25441,6,4,9.241
25442,320,211,14.037
25443,320,219,14.037
25444,320,233,13.500
25445,6,3,8.759
25446,320,213,13.667
25447,320,214,13.241
25448,320,194,13.982
25449,18,10,9.852
25450,320,220,13.889
25451,320,210,13.666
25452,320,227,13.612
25453,7,5,9.408
25454,320,222,13.907
25455,320,224,14.129
25456,320,206,14.277
25457,17,9,9.871
25458,320,237,14.334
25459,320,207,14.759
25460,320,247,14.444
25461,18,14,10.426
25462,320,207,14.499
25463,320,190,15.241
25464,320,206,15.315
25465,36,22,10.833
25466,320,217,15.019
25467,320,186,16.037
25468,320,221,16.056
25469,20,15,11.037
25470,320,215,15.222
25471,320,207,15.852
25472,320,214,16.426
25473,31,12,12.611
25474,320,234,15.759
25475,320,206,15.963
25476,320,230,16.130
25477,21,16,12.611
25478,320,216,16.500
25479,320,209,16.482
25480,320,205,15.871
25481,21,17,11.277
25482,320,226,15.611
25483,320,226,15.592
25484,320,207,15.815
25485,14,12,11.186
25486,320,209,15.408
25487,320,188,16.167
25488,320,153,17.536
25489,41,26,15.704
25490,320,230,17.203
25491,320,232,15.536
25492,320,219,15.797
25493,13,6,11.649
25494,320,208,17.611
25495,320,211,16.611
25496,320,226,17.722
25497,14,11,20.333
25498,320,231,17.667
25499,320,231,16.574
25500,320,229,15.296
25501,13,12,11.129
25502,320,233,15.296
25503,320,216,15.908
25504,320,236,15.333
25505,15,11,10.722
25506,320,212,16.667
25507,320,233,14.814
25508,320,182,15.722
25509,25,15,11.445
25510,320,219,17.537
25511,320,177,16.389
25512,320,197,16.500
25513,27,15,11.019
25514,320,220,15.907
25515,320,246,15.037
25516,320,217,16.036
25517,21,20,11.574
25518,320,211,16.407
25519,320,234,15.945
25520,320,197,17.037
25521,37,26,13.574
25522,320,238,18.777
25523,320,212,27.574
25524,320,177,18.185
25525,36,23,14.129
25526,320,193,19.129
25527,320,174,19.370
25528,320,231,19.092
25529,45,28,20.574
25530,320,202,25.018
25531,320,168,21.630
25532,320,242,21.777
25533,37,24,19.537
25534,320,183,24.555
25535,320,186,25.592
25536,320,174,24.741
25537,49,25,17.759
25538,320,212,22.519
25539,320,223,22.241
25540,320,232,21.203
25541,24,23,16.037
25542,320,212,21.278
25543,320,223,19.556
25544,320,194,21.371
25545,33,16,16.018
25546,320,237,20.352
25547,320,192,20.444
25548,320,226,21.297
25549,22,17,17.185
25550,320,199,18.408
25551,320,229,19.037
25552,320,181,18.888
25553,34,20,14.537
25554,320,188,19.296
25555,320,209,19.556
25556,320,227,24.297
25557,23,22,13.778
25558,320,191,18.444
25559,320,217,18.537
25560,320,215,18.703
25561,20,10,14.204
25562,320,199,18.241
25563,320,211,19.574
25564,320,243,16.833
25565,19,12,12.148
25566,320,225,16.981
25567,320,207,16.500
25568,320,209,16.482
25569,24,18,12.370
25570,320,226,16.556
25571,320,209,16.055
25572,320,214,15.851
25573,14,9,10.852
25574,320,212,15.296
25575,320,231,15.222
25576,320,209,15.055
25577,16,13,10.963
25578,320,200,15.833
25579,320,206,15.574
25580,320,213,22.574
25581,24,14,10.851
25582,320,178,16.667
25583,320,145,16.445
25584,320,164,16.611
25585,37,29,11.945
25586,320,221,16.129
25587,320,212,16.277
25588,320,150,17.074
25589,31,17,12.167
25590,320,193,16.852
25591,320,213,17.648
25592,320,195,18.148
25593,20,12,12.555
25594,320,125,18.481
25595,320,181,18.389
25596,320,186,18.334
25597,38,29,13.333
25598,320,153,18.426
25599,320,189,18.130
25600,320,166,19.148
25601,34,21,14.407
25602,320,215,18.907
25603,320,197,18.408
25604,320,169,18.667
25605,31,26,13.778
25606,320,198,19.222
25607,320,211,17.815
25608,320,194,18.204
25609,23,14,13.500
25610,320,196,18.408
25611,320,178,17.870
25612,320,204,18.333
25613,31,15,13.926
25614,320,217,17.704
25615,320,227,16.871
25616,320,208,17.648
25617,11,7,12.203
25618,320,215,16.759
25619,320,164,22.556
25620,320,210,17.130
25621,24,14,12.278
25622,320,195,16.944
25623,320,220,16.592
25624,320,216,16.370
25625,19,13,11.796
25626,320,188,16.944
25627,320,244,16.222
25628,320,185,16.815
25629,19,9,11.537
25630,320,201,37.685
25631,320,207,17.111
25632,320,138,16.685
25633,34,18,12.240
25634,320,213,17.000
25635,320,226,16.574
25636,320,206,16.018
25637,12,11,11.074
25638,320,156,16.389
25639,320,117,16.815
25640,320,204,16.907
25641,46,20,12.740
25642,320,199,17.741
25643,320,196,17.833
25644,320,192,16.704
25645,20,16,12.852
25646,320,210,17.130
25647,320,154,25.334
25648,320,210,17.703
25649,21,14,12.629
25650,320,144,17.185
25651,320,141,17.444
25652,320,197,19.092
25653,33,23,12.759
25654,320,233,17.129
25655,320,172,17.500
25656,320,188,17.556
25657,20,11,12.797
25658,320,148,18.611
25659,320,136,17.778
25660,320,181,17.425
25661,38,23,13.222
25662,320,167,17.426
25663,320,119,18.185
25664,320,216,18.463
25665,52,33,14.019
25666,320,197,17.925
25667,320,244,17.259
25668,320,196,17.000
25669,19,10,12.519
25670,320,212,17.019
25671,320,193,17.425
25672,320,182,16.926
25673,27,11,12.907
25674,320,187,18.037
25675,320,171,16.926
25676,320,203,16.871
25677,24,12,12.371
25678,320,206,16.703
25679,320,225,15.926
25680,320,233,17.482
25681,10,7,10.852
25682,320,199,15.333
25683,320,221,15.611
25684,320,249,15.296
25685,8,6,10.129
25686,320,220,15.129
25687,320,222,14.740
25688,320,197,14.722
25689,18,9,10.463
25690,320,168,14.703
25691,320,186,15.129
25692,320,159,15.037
25693,25,15,10.722
25694,320,227,14.611
25695,320,189,15.260
25696,320,194,15.371
25697,15,7,10.796
25698,320,184,15.685
25699,320,146,15.963
25700,320,194,15.482
25701,23,9,12.463
25702,320,124,17.315
25703,320,198,16.982
25704,320,155,16.722
25705,42,26,12.407
25706,320,198,17.370
25707,320,203,17.944
25708,320,199,16.685
25709,18,12,12.185
25710,320,177,16.481
25711,320,188,16.648
25712,320,191,16.852
25713,14,9,12.204
25714,320,199,16.259
25715,320,200,16.704
25716,320,166,15.944
25717,22,10,11.944
25718,320,177,16.648
25719,320,210,15.537
25720,320,203,15.203
25721,14,10,10.648
25722,320,163,15.463
25723,320,204,15.315
25724,320,160,15.593
25725,22,7,10.833
25726,320,213,16.204
25727,320,221,15.000
25728,320,236,15.278
25729,2,0,10.537
25730,320,199,15.259
25731,320,182,15.556
25732,320,188,14.630
25733,17,9,10.389
25734,320,172,14.796
25735,320,187,18.833
25736,320,223,14.870
25737,13,9,10.019
25738,320,215,14.537
25739,320,178,14.371
25740,320,174,14.778
25741,17,10,10.203
25742,320,220,14.240
25743,320,188,15.148
25744,320,156,15.129
25745,19,5,11.259
25746,320,192,15.481
25747,320,233,14.482
25748,316,213,14.556
25749,320,202,14.111
25750,320,172,14.148
25751,320,207,14.741
25752,10,9,9.426
25753,320,210,13.963
25754,320,198,14.463
25755,320,198,14.129
25756,10,7,9.278
25757,320,179,14.019
25758,320,135,13.833
25759,320,191,14.407
25760,16,9,9.722
25761,320,199,14.259
25762,320,172,14.648
25763,320,212,14.055
25764,2,2,9.352
25765,320,224,13.611
25766,320,170,14.407
25767,320,200,14.408
25768,2,2,9.019
25769,320,206,13.981
25770,320,160,14.056
25771,320,214,13.481
25772,3,3,8.592
25773,320,217,13.129
25774,320,207,13.167
25775,318,210,12.889
25776,320,216,13.130
25777,320,188,13.667
25778,317,223,12.685
25779,320,181,16.371
25780,320,190,13.407
25781,320,237,12.537
25782,320,199,12.796
25783,320,206,12.926
25784,320,178,13.462
25785,1,0,8.240
25786,320,194,12.908
25787,320,184,13.315
25788,320,206,13.166
25789,2,1,8.352
25790,320,210,12.778
25791,320,174,13.556
25792,320,172,13.259
25793,2,0,8.630
25794,320,153,13.648
25795,320,168,13.630
25796,320,222,13.389
25797,3,1,8.481
25798,320,175,13.408
25799,320,181,13.703
25800,320,184,13.944
25801,4,2,8.537
25802,320,211,13.185
25803,320,216,13.259
25804,306,211,12.870
25805,320,174,13.166
25806,320,213,12.537
25807,311,191,13.055
25808,320,211,12.185
25809,320,211,12.074
25810,307,181,11.796
25811,320,223,12.334
25812,320,207,11.722
25813,307,191,11.666
25814,320,209,11.686
25815,320,175,14.482
25816,303,199,11.518
25817,320,204,11.889
25818,320,206,12.204
25819,320,138,12.259
25820,320,193,12.612
25821,320,203,12.333
25822,308,203,12.074
25823,320,199,12.129
25824,320,166,12.093
25825,315,190,12.463
25826,320,194,12.741
25827,320,197,12.611
25828,313,185,12.296
25829,320,209,12.278
25830,320,203,12.278
25831,295,203,11.556
25832,320,216,11.667
25833,320,195,11.592
25834,304,206,11.055
25835,320,213,11.297
25836,320,196,11.370
25837,301,194,10.852
25838,320,202,11.352
25839,320,163,11.685
25840,314,198,12.037
25841,320,203,13.186
25842,320,179,12.500
25843,307,201,11.463
25844,320,204,11.592
25845,320,174,12.093
25846,308,184,12.018
25847,320,134,12.519
25848,320,215,11.944
25849,309,182,12.148
25850,320,200,12.148
25851,320,188,12.111
25852,308,182,20.815
25853,320,168,13.315
25854,320,191,11.982
25855,295,195,11.389
25856,320,225,11.463
25857,320,216,11.148
25858,287,182,10.537
25859,320,185,11.222
25860,320,195,10.815
25861,283,171,10.018
25862,320,196,10.556
25863,320,166,10.482
25864,281,163,9.870
25865,320,168,10.278
25866,320,173,10.759
25867,290,132,10.334
25868,320,142,11.166
25869,320,188,10.852
25870,288,186,10.148
25871,320,199,10.741
25872,320,199,10.556
25873,276,165,9.648
25874,320,222,10.000
25875,320,179,9.925
25876,259,172,8.870
25877,320,187,9.833
25878,320,203,9.389
25879,265,170,8.908
25880,320,170,9.852
25881,320,202,9.778
25882,273,159,9.111
25883,320,222,9.592
25884,320,192,10.074
25885,282,186,9.222
25886,320,225,9.759
25887,320,224,9.908
25888,280,198,9.241
25889,320,240,9.667
25890,320,240,9.685
25891,287,215,9.259
25892,320,248,9.722
25893,320,242,9.685
25894,294,234,9.389
25895,320,259,9.741
25896,320,237,10.148
25897,302,241,9.797
25898,320,216,10.722
25899,320,251,10.334
25900,313,217,10.759
25901,320,230,12.037
25902,320,212,11.389
25903,305,206,11.148
25904,320,227,11.407
25905,320,227,11.334
25906,300,227,10.611
25907,320,232,10.907
25908,320,205,11.204
25909,313,194,11.537
25910,320,225,11.389
25911,320,239,10.982
25912,292,221,10.407
25913,320,242,10.833
25914,320,226,10.741
25915,297,232,10.223
25916,320,241,10.315
25917,320,223,10.370
25918,303,220,10.278
25919,320,221,10.685
25920,320,222,10.111
25921,298,204,10.445
25922,320,214,11.722
25923,320,217,11.537
25924,300,215,11.093
25925,320,196,11.629
25926,320,245,12.278
25927,305,183,11.722
25928,320,236,11.518
25929,320,227,11.407
25930,300,160,11.500
25931,320,180,12.148
25932,320,213,11.777
25933,296,207,11.371
25934,320,212,11.703
25935,320,215,10.907
25936,296,185,10.556
25937,320,232,11.018
25938,320,205,10.797
25939,298,191,10.796
25940,320,248,11.445
25941,320,223,10.889
25942,289,193,11.055
25943,320,188,11.908
25944,320,216,11.000
25945,299,187,11.148
25946,320,192,13.056
25947,320,187,11.759
25948,306,176,12.592
25949,320,198,12.426
25950,320,207,11.889
25951,289,193,11.259
25952,320,164,11.888
25953,320,204,12.185
25954,317,195,12.482
25955,320,211,11.889
25956,320,205,11.778
25957,297,163,11.222
25958,320,218,11.223
25959,320,223,11.148
25960,292,189,10.611
25961,320,215,10.962
25962,320,201,11.130
25963,292,187,10.833
25964,320,205,10.482
25965,320,198,10.667
25966,294,171,11.111
25967,320,193,11.186
25968,320,197,11.149
25969,316,151,14.074
25970,320,149,14.889
25971,320,214,12.130
25972,319,145,11.611
25973,320,184,12.333
25974,320,191,12.129
25975,300,189,11.815
25976,320,177,12.407
25977,320,207,12.055
25978,302,184,11.407
25979,320,216,11.500
25980,320,197,11.296
25981,298,175,10.704
25982,320,167,11.778
25983,320,198,11.519
25984,291,198,10.648
25985,320,210,10.907
25986,320,164,10.907
25987,301,160,10.815
25988,320,166,11.074
25989,320,174,11.130
25990,295,162,10.796
25991,320,187,11.407
25992,320,173,11.371
25993,290,132,10.981
25994,320,156,12.037
25995,320,167,11.092
25996,296,138,10.760
25997,320,177,11.037
25998,320,170,10.870
25999,275,150,10.222
26000,320,157,10.592
26001,320,191,10.352
26002,272,152,9.407
26003,320,166,10.445
26004,320,182,9.889
26005,269,118,9.167
26006,320,189,9.722
26007,320,166,10.260
26008,282,123,9.667
26009,320,151,10.500
26010,320,175,10.723
26011,270,175,9.575
26012,320,152,10.222
26013,320,177,10.500
26014,275,144,9.463
26015,320,174,9.982
26016,320,173,9.833
26017,271,150,9.445
26018,320,192,9.889
26019,320,176,10.019
26020,270,166,9.037
26021,320,193,9.778
26022,320,154,9.759
26023,267,153,8.907
26024,320,186,10.074
26025,320,173,9.722
26026,273,150,9.111
26027,320,160,10.574
26028,320,183,9.944
26029,254,142,8.852
26030,320,150,9.685
26031,320,169,9.815
26032,261,155,8.537
26033,320,211,9.259
26034,320,206,10.407
26035,264,142,8.667
26036,320,201,9.277
26037,320,198,9.315
26038,268,157,8.778
26039,320,187,9.833
26040,320,208,9.852
26041,264,166,8.796
26042,320,193,10.481
26043,320,183,10.018
26044,280,150,9.222
26045,320,184,10.203
26046,320,215,9.629
26047,270,161,9.241
26048,320,202,9.907
26049,320,232,9.445
26050,264,173,8.686
26051,320,222,9.426
26052,320,194,9.519
26053,270,178,8.685
26054,320,199,9.630
26055,320,203,9.722
26056,271,183,8.963
26057,320,209,9.518
26058,320,187,9.722
26059,275,174,9.222
26060,320,178,10.111
26061,320,201,10.074
26062,288,173,9.667
26063,320,220,10.111
26064,320,227,9.926
26065,271,163,9.278
26066,320,213,9.815
26067,320,219,9.556
26068,269,182,8.666
26069,320,204,9.723
26070,320,190,9.741
26071,268,174,8.833
26072,320,209,9.870
26073,320,195,9.574
26074,282,171,9.315
26075,320,190,10.149
26076,320,164,10.167
26077,275,172,9.592
26078,320,198,10.037
26079,320,204,9.945
26080,262,152,8.815
26081,320,181,10.000
26082,320,167,9.797
26083,238,162,7.778
26084,320,184,9.000
26085,320,170,9.259
26086,243,166,7.611
26087,320,180,9.056
26088,320,172,9.278
26089,256,131,8.241
26090,320,176,9.240
26091,320,150,9.722
26092,261,123,8.759
26093,320,156,9.315
26094,320,179,9.426
26095,231,122,7.296
26096,320,183,8.871
26097,320,174,8.722
26098,217,102,7.092
26099,320,168,8.518
26100,320,162,8.852
26101,225,111,7.333
26102,320,165,8.889
26103,320,155,8.685
26104,230,121,6.982
26105,320,153,8.518
26106,320,154,8.686
26107,215,109,6.907
26108,320,159,8.648
26109,320,145,8.611
26110,193,100,6.241
26111,320,150,8.296
26112,320,157,8.482
26113,224,132,7.037
26114,320,160,8.722
26115,320,162,8.685
26116,212,101,6.815
26117,320,166,8.593
26118,320,156,8.203
26119,197,89,6.315
26120,320,181,8.222
26121,320,179,8.167
26122,200,97,6.445
26123,320,163,8.240
26124,320,170,8.592
26125,202,110,6.463
26126,320,149,8.407
26127,320,168,8.445
26128,212,109,6.611
26129,320,174,8.592
26130,320,175,8.185
26131,189,94,6.000
26132,320,176,8.259
26133,320,140,8.185
26134,199,93,6.407
26135,320,183,8.389
26136,320,162,20.870
26137,207,100,7.351
26138,320,178,8.926
26139,320,179,8.166
26140,181,88,5.815
26141,320,186,8.075
26142,320,171,7.982
26143,202,102,6.166
26144,320,161,8.667
26145,320,156,8.444
26146,192,94,6.297
26147,320,188,8.167
26148,320,178,8.315
26149,177,91,5.815
26150,320,181,8.056
26151,320,164,8.092
26152,174,95,5.833
26153,320,161,8.352
26154,320,172,8.037
26155,185,93,5.852
26156,320,172,8.111
26157,320,175,8.259
26158,181,100,5.963
26159,320,165,8.130
26160,320,173,7.889
26161,171,92,5.611
26162,320,152,8.092
26163,320,180,8.277
26164,182,87,5.907
26165,320,165,8.000
26166,320,167,8.018
26167,176,89,5.704
26168,320,171,7.962
26169,320,153,8.055
26170,181,98,5.889
26171,320,167,8.111
26172,320,153,8.074
26173,172,102,5.629
26174,320,183,7.908
26175,320,156,7.908
26176,144,83,4.963
26177,320,153,8.000
26178,320,159,8.074
26179,154,81,5.166
26180,320,181,7.797
26181,320,154,7.797
26182,143,75,4.982
26183,320,163,7.722
26184,320,159,7.740
26185,123,62,4.592
26186,320,165,7.445
26187,320,191,7.518
26188,126,64,4.574
26189,320,176,7.703
26190,320,179,7.278
26191,105,57,4.111
26192,320,157,7.649
26193,320,183,7.445
26194,106,57,4.260
26195,320,179,7.555
26196,320,177,7.778
26197,95,41,3.907
26198,320,191,7.296
26199,320,180,7.259
26200,81,44,3.722
26201,320,180,7.445
26202,320,171,7.241
26203,62,29,3.296
26204,320,176,7.204
26205,320,165,7.259
26206,61,31,3.370
26207,320,172,7.222
26208,320,152,7.389
26209,40,21,2.777
26210,320,178,7.111
26211,320,149,7.370
26212,32,15,2.760
26213,320,148,7.315
26214,320,175,7.074
26215,19,8,2.575
26216,320,146,7.148
26217,305,135,6.833
26218,320,159,6.982
26219,289,112,6.592
26220,320,160,7.240
26221,239,87,5.740
26222,320,117,6.723
26223,231,82,5.333
26224,320,111,6.518
26225,185,64,4.444
26226,320,88,6.186
26227,137,35,3.482
26228,320,72,6.297
26229,109,26,3.203
26230,320,54,6.111
26231,70,12,2.555
26232,320,55,5.648
26233,28,2,1.982
26234,320,43,5.612
26235,27,3,1.963
26236,292,2,4.648
26237,261,2,4.370
26238,275,4,4.537
26239,270,10,4.500
26240,252,3,4.111
26241,221,0,3.704
26242,243,5,4.093
26243,241,0,3.833
26244,245,4,4.074
26245,246,0,3.926
26246,256,15,4.574
26247,320,82,6.111
26248,47,21,2.315
26249,320,130,6.500
26250,130,72,3.796
26251,320,156,6.963
26252,231,127,5.907
26253,320,174,7.259
26254,274,155,6.055
26255,320,171,7.167
26256,305,157,6.963
26257,320,196,7.333
26258,296,166,7.426
26259,320,185,7.555
26260,293,170,6.796
26261,320,182,7.333
26262,303,135,7.055
26263,320,181,7.759
26264,280,155,6.370
26265,320,150,7.037
26266,247,110,6.018
26267,320,155,7.222
26268,260,108,6.167
26269,320,120,7.000
26270,240,90,5.574
26271,320,140,6.925
26272,218,68,4.796
26273,320,91,6.555
26274,196,49,4.426
26275,320,113,6.444
26276,231,74,5.166
26277,320,133,6.963
26278,284,122,6.259
26279,320,115,6.537
26280,255,91,5.629
26281,320,144,6.944
26282,255,80,5.611
26283,320,124,6.593
26284,249,97,5.593
26285,320,112,6.704
26286,215,79,4.945
26287,320,93,6.222
26288,186,48,4.111
26289,320,70,6.204
26290,151,34,3.722
26291,320,41,5.593
26292,151,41,3.667
26293,320,56,6.148
26294,105,15,2.981
26295,320,42,5.407
26296,117,13,3.056
26297,320,32,5.630
26298,86,10,2.703
26299,320,41,5.370
26300,75,16,2.611
26301,320,20,5.223
26302,35,7,2.056
26303,320,53,5.611
26304,56,4,2.296
26305,320,17,5.259
26306,15,1,1.760
26307,320,24,5.241
26308,24,4,1.926
26309,320,66,5.852
26310,65,18,2.575
26311,320,71,5.981
26312,101,27,3.000
26313,320,82,5.778
26314,97,27,2.982
26315,320,85,5.852
26316,118,36,3.370
26317,320,73,5.908
26318,124,35,3.315
26319,320,86,5.963
26320,161,47,3.926
26321,320,109,6.407
26322,190,48,4.296
26323,320,103,6.334
26324,192,52,4.277
26325,320,95,6.259
26326,215,57,4.518
26327,320,62,5.963
26328,205,74,4.593
26329,320,85,6.074
26330,231,65,4.889
26331,320,73,5.889
26332,213,66,4.630
26333,320,72,5.741
26334,215,63,4.648
26335,320,91,6.426
26336,203,69,4.574
26337,320,88,6.074
26338,196,43,4.166
26339,320,72,5.778
26340,156,17,3.482
26341,320,49,5.500
26342,161,35,3.759
26343,320,53,5.778
26344,94,19,2.815
26345,320,46,5.537
26346,78,16,2.685
26347,320,59,6.037
26348,88,11,2.667
26349,320,42,5.315
26350,58,8,2.370
26351,320,44,5.592
26352,44,8,2.315
26353,320,40,5.408
26354,16,3,1.777
26355,320,30,5.389
26356,7,1,1.685
26357,310,29,5.186
26358,320,37,5.407
26359,8,1,1.722
26360,320,15,5.260
26361,1,0,1.648
26362,258,17,4.500
26363,320,51,5.556
26364,11,5,1.852
26365,320,21,5.278
26366,32,3,2.000
26367,320,22,5.259
26368,34,3,2.056
26369,320,14,5.037
26370,39,0,2.092
26371,320,48,5.537
26372,28,2,2.037
26373,320,42,5.426
26374,100,22,3.019
26375,320,61,5.703
26376,147,46,3.834
26377,320,103,6.186
26378,192,75,4.537
26379,320,114,6.500
26380,208,66,4.593
26381,320,124,6.481
26382,182,72,4.389
26383,320,153,6.741
26384,193,81,4.704
26385,90,36,3.148
