slice_idx,end_ts_us,slice_events,tracker_us,ttc_us,slice_total_us,filter_buffer,ttc_history,valid,danger,sector,ttc_value,expanding,growth_rate,relative_growth
0,10086,460,4.000,1.592,5.592,287,1,1,0,1,-1.000,0,0.000,0.000
1,20086,569,3.667,0.130,3.797,156,2,1,0,1,-1.000,0,7700.000,0.062
2,30086,467,3.093,0.240,3.333,208,3,1,0,1,-1.000,0,3850.000,0.062
3,40086,431,2.722,0.074,2.796,189,4,1,0,1,-1.000,0,2000.000,0.049
4,50086,527,3.759,0.407,4.166,229,5,1,0,1,-1.000,0,1500.000,0.049
5,60086,395,3.982,0.185,4.167,219,6,1,0,1,-1.000,0,1200.000,0.049
6,70086,539,3.444,0.056,3.500,189,7,1,0,1,-1.000,0,-266.667,-0.013
7,80086,472,2.908,0.129,3.037,221,7,1,0,1,-1.000,0,983.333,0.045
8,90086,488,3.000,0.074,3.074,186,7,1,0,1,-1.000,0,-283.333,-0.013
9,100086,561,3.408,0.074,3.482,251,7,1,0,1,-1.000,0,1266.667,0.059
10,110086,435,2.685,0.056,2.741,197,7,1,0,1,-1.000,0,-1533.333,-0.071
11,120086,590,3.944,0.056,4.000,203,7,1,0,1,-1.000,0,1266.667,0.059
12,130086,473,2.963,0.074,3.037,265,7,1,0,1,-1.000,0,2533.333,0.125
13,140086,565,3.481,0.056,3.537,194,7,1,0,1,-1.000,0,0.000,0.000
14,150086,545,3.333,0.074,3.407,242,7,1,0,1,-1.000,0,1266.667,0.059
15,160086,461,2.982,0.055,3.037,199,7,1,0,1,-1.000,0,0.000,0.000
16,170086,598,3.666,0.074,3.740,178,7,1,0,1,-1.000,0,2800.000,0.140
17,180086,453,2.815,0.074,2.889,222,7,1,0,1,-1.000,0,0.000,0.000
18,190086,587,5.055,0.074,5.129,203,7,1,0,1,-1.000,0,-1266.667,-0.056
19,200086,596,4.277,0.463,4.740,271,7,1,0,1,-1.000,0,0.000,0.000
20,210086,523,3.703,0.667,4.370,222,7,1,0,1,-1.000,0,0.000,0.000
21,220086,634,4.333,0.074,4.407,247,7,1,0,1,-1.000,0,0.000,0.000
22,230086,493,3.889,0.574,4.463,241,7,1,0,1,-1.000,0,0.000,0.000
23,240086,656,4.000,0.315,4.315,225,7,1,0,1,-1.000,0,0.000,0.000
24,250086,562,3.463,0.074,3.537,275,7,1,0,1,-1.000,0,2533.333,0.118
25,260086,592,4.148,0.074,4.222,203,7,1,0,1,-1.000,0,0.000,0.000
26,270086,615,3.777,0.074,3.851,264,7,1,0,1,-1.000,0,0.000,0.000
27,280086,548,3.574,0.074,3.648,238,7,1,0,1,-1.000,0,0.000,0.000
28,290086,721,4.981,0.056,5.037,195,7,1,0,1,-1.000,0,1266.667,0.056
29,300086,569,3.556,0.055,3.611,293,7,1,0,1,-1.000,0,950.000,0.042
30,310086,657,8.389,2.296,10.685,202,7,1,0,1,-1.000,0,1266.667,0.053
31,320086,635,3.982,1.667,5.649,307,7,1,0,1,-1.000,0,2533.333,0.111
32,330086,600,4.944,0.611,5.555,235,7,1,0,1,-1.000,0,2200.000,0.096
33,340086,723,6.000,0.333,6.333,299,7,1,0,1,-1.000,0,2866.667,0.126
34,350086,633,6.759,3.278,10.037,270,7,1,0,1,-1.000,0,1600.000,0.066
35,360086,766,6.944,0.685,7.629,206,7,1,0,1,-1.000,0,1916.667,0.081
36,370086,680,4.722,0.574,5.296,331,7,1,0,1,-1.000,0,333.333,0.013
37,380086,698,4.703,0.482,5.185,243,7,1,0,1,-1.000,0,333.333,0.013
38,390086,780,4.778,1.481,6.259,297,7,1,0,1,-1.000,0,666.667,0.027
39,400086,690,4.240,0.686,4.926,262,7,1,0,1,-1.000,0,2200.000,0.086
40,410086,842,7.371,0.333,7.704,289,7,1,0,1,-1.000,0,0.000,0.000
41,420086,658,5.759,0.445,6.204,321,7,1,0,1,-1.000,0,933.333,0.036
42,430086,773,5.425,0.093,5.518,224,7,1,0,1,-1.000,0,-333.333,-0.013
43,440086,788,5.278,0.500,5.778,315,7,1,0,1,-1.000,0,1283.333,0.050
44,450086,746,5.223,0.074,5.297,278,7,1,0,1,-1.000,0,3850.000,0.150
45,460086,843,5.277,0.075,5.352,313,7,1,0,1,-1.000,0,0.000,0.000
46,470086,680,6.129,0.074,6.203,318,7,1,0,1,-1.000,0,933.333,0.036
47,480086,856,5.926,0.074,6.000,236,7,1,0,1,-1.000,0,-1266.667,-0.048
48,490086,789,4.815,0.092,4.907,343,7,1,0,1,-1.000,0,2533.333,0.100
49,500086,809,5.555,0.556,6.111,302,7,1,0,1,-1.000,0,916.667,0.034
50,510086,894,6.241,0.074,6.315,349,7,1,0,1,-1.000,0,-1650.000,-0.056
51,520086,725,5.055,0.074,5.129,300,7,1,0,1,-1.000,0,-1266.667,-0.045
52,530086,956,6.500,0.074,6.574,341,7,1,0,1,-1.000,0,1266.667,0.048
53,540086,739,5.186,0.092,5.278,334,7,1,0,1,-1.000,0,2533.333,0.100
54,550086,898,7.481,0.500,7.981,281,7,1,0,1,-1.000,0,366.667,0.013
55,560086,910,6.149,0.074,6.223,345,7,1,0,1,-1.000,0,1650.000,0.059
56,570086,790,4.852,0.074,4.926,295,7,1,0,1,-1.000,0,366.667,0.013
57,580086,1002,7.333,0.092,7.425,320,7,1,0,1,-1.000,0,1633.333,0.061
58,590086,777,5.574,0.055,5.629,351,7,1,0,1,-1.000,0,0.000,0.000
59,600086,1011,6.537,0.055,6.592,312,7,1,0,1,-1.000,0,366.667,0.013
60,610086,921,6.426,0.500,6.926,419,7,1,0,1,-1.000,0,0.000,0.000
61,620086,862,6.111,0.056,6.167,262,7,1,0,1,-1.000,0,-1283.333,-0.043
62,630086,971,6.445,0.074,6.519,371,7,1,0,1,-1.000,0,0.000,0.000
63,640086,833,5.130,1.389,6.519,321,7,1,0,1,-1.000,0,1283.333,0.045
64,650086,1059,6.815,0.074,6.889,275,7,1,0,1,-1.000,0,1650.000,0.059
65,660086,866,6.333,0.241,6.574,418,7,1,0,1,-1.000,0,1283.333,0.045
66,670086,996,6.167,0.074,6.241,284,7,1,0,1,-1.000,0,1283.333,0.045
67,680086,999,7.537,0.722,8.259,365,7,1,0,1,-1.000,0,1283.333,0.045
68,690086,937,6.945,0.055,7.000,352,7,1,0,1,-1.000,0,1283.333,0.045
69,700086,1107,7.259,0.148,7.407,376,7,1,0,1,-1.000,0,0.000,0.000
70,710086,910,6.259,1.667,7.926,411,7,1,0,1,-1.000,0,1283.333,0.043
71,720086,1143,6.963,0.074,7.037,331,7,1,0,1,-1.000,0,0.000,0.000
72,730086,1018,12.130,1.351,13.481,459,7,1,0,1,-1.000,0,2566.667,0.087
73,740086,995,7.351,0.500,7.851,367,7,1,0,1,-1.000,0,1283.333,0.043
74,750086,1148,8.944,0.074,9.018,387,7,1,0,1,-1.000,0,1283.333,0.043
75,760086,972,6.592,0.797,7.389,350,7,1,0,1,-1.000,0,2566.667,0.087
76,770086,1184,7.611,0.093,7.704,303,7,1,0,1,-1.000,0,0.000,0.000
77,780086,981,6.111,0.074,6.185,425,7,1,0,1,-1.000,0,2566.667,0.087
78,790086,1122,6.963,0.130,7.093,305,7,1,0,1,-1.000,0,0.000,0.000
79,800086,1156,7.871,0.092,7.963,436,7,1,0,1,-1.000,0,2566.667,0.083
80,810086,1055,7.759,0.389,8.148,343,7,1,0,1,-1.000,0,3400.000,0.110
81,820086,1264,9.851,0.315,10.166,419,7,1,0,1,-1.000,0,1283.333,0.040
82,830086,976,6.315,0.333,6.648,432,7,1,0,1,-1.000,0,3400.000,0.110
83,840086,1251,8.518,0.334,8.852,336,7,1,0,1,-1.000,0,1283.333,0.040
84,850086,1154,7.778,0.074,7.852,469,7,1,0,1,-1.000,0,2566.667,0.080
85,860086,1105,7.444,0.074,7.518,324,7,1,0,1,-1.000,0,0.000,0.000
86,870086,1259,8.352,0.074,8.426,446,7,1,0,1,-1.000,0,-833.333,-0.024
87,880086,1064,6.611,0.074,6.685,396,7,1,0,1,-1.000,0,1283.333,0.038
88,890086,1294,8.222,0.444,8.666,424,7,1,0,1,-1.000,0,0.000,0.000
89,900086,1137,7.500,0.055,7.555,496,7,1,0,1,-1.000,0,1283.333,0.038
90,910086,1257,7.666,0.074,7.740,342,7,1,0,1,-1.000,0,-450.000,-0.013
91,920086,1287,8.629,0.741,9.370,466,7,1,0,1,-1.000,0,833.333,0.025
92,930086,1107,7.314,0.074,7.388,391,7,1,0,1,-1.000,0,833.333,0.025
93,940086,1370,9.722,0.741,10.463,462,7,1,0,1,-1.000,0,-1716.667,-0.050
94,950086,1130,6.907,0.074,6.981,471,7,1,0,1,-1.000,0,0.000,0.000
95,960086,1398,8.963,1.296,10.259,419,7,1,0,1,-1.000,0,-450.000,-0.013
96,970086,1272,7.740,0.093,7.833,464,7,1,0,1,-1.000,0,1266.667,0.037
97,980086,1158,7.463,0.074,7.537,320,7,1,0,1,-1.000,0,0.000,0.000
98,990086,1387,16.315,1.833,18.148,487,7,1,0,1,-1.000,0,0.000,0.000
99,1000086,1197,7.648,0.074,7.722,478,7,1,0,1,-1.000,0,1266.667,0.038
100,1010086,1462,9.222,0.074,9.296,467,7,1,0,1,-1.000,0,-1266.667,-0.037
101,1020086,1253,7.759,0.093,7.852,555,7,1,0,1,-1.000,0,1266.667,0.037
102,1030086,1352,8.296,0.778,9.074,346,7,1,0,1,-1.000,0,0.000,0.000
103,1040086,1343,8.685,0.259,8.944,510,7,1,0,1,-1.000,0,0.000,0.000
104,1050086,1221,7.796,0.074,7.870,363,7,1,0,1,-1.000,0,0.000,0.000
105,1060086,1514,9.870,0.093,9.963,496,7,1,0,1,-1.000,0,0.000,0.000
106,1070086,1237,7.777,0.075,7.852,498,7,1,0,1,-1.000,0,1266.667,0.038
107,1080086,1486,9.222,0.074,9.296,437,7,1,0,1,-1.000,0,-1266.667,-0.036
108,1090086,1335,8.556,0.092,8.648,553,7,1,0,1,-1.000,0,-2533.333,-0.071
109,1100086,1274,8.481,0.093,8.574,380,7,1,0,1,-1.000,0,0.000,0.000
110,1110086,1544,9.370,0.056,9.426,521,7,1,0,1,-1.000,0,450.000,0.013
111,1120086,1258,7.777,0.167,7.944,449,7,1,0,1,-1.000,0,0.000,0.000
112,1130086,1573,10.000,0.055,10.055,461,7,1,0,1,-1.000,0,450.000,0.013
113,1140086,1237,7.518,0.074,7.592,553,7,1,0,1,-1.000,0,0.000,0.000
114,1150086,1462,9.408,0.074,9.482,368,7,1,0,1,-1.000,0,1716.667,0.052
115,1160086,1457,9.037,0.074,9.111,545,7,1,0,1,-1.000,0,450.000,0.013
116,1170086,1314,8.945,0.055,9.000,419,7,1,0,1,-1.000,0,1283.333,0.037
117,1180086,1600,11.074,0.074,11.148,524,7,1,0,1,-1.000,0,1733.333,0.051
118,1190086,1246,8.241,0.056,8.297,553,7,1,0,1,-1.000,0,-450.000,-0.013
119,1200086,1590,10.222,0.056,10.278,346,7,1,0,1,-1.000,0,450.000,0.013
120,1210086,1385,8.778,0.074,8.852,586,7,1,0,1,-1.000,0,-1283.333,-0.037
121,1220086,1329,10.277,0.723,11.000,379,7,1,0,1,-1.000,0,-450.000,-0.013
122,1230086,1546,11.963,0.555,12.518,545,7,1,0,1,-1.000,0,-1733.333,-0.048
123,1240086,1298,10.186,0.370,10.556,540,7,1,0,1,-1.000,0,-1733.333,-0.048
124,1250086,1658,12.315,0.074,12.389,453,7,1,0,1,-1.000,0,0.000,0.000
125,1260086,1313,11.611,1.519,13.130,606,7,1,0,1,-1.000,0,-450.000,-0.013
126,1270086,1488,10.759,0.445,11.204,382,7,1,0,1,-1.000,0,2100.000,0.063
127,1280086,1518,10.537,1.038,11.575,544,7,1,0,1,-1.000,0,1266.667,0.037
128,1290086,1313,10.537,0.296,10.833,432,7,1,0,1,-1.000,0,0.000,0.000
129,1300086,1677,11.963,0.055,12.018,584,7,1,0,1,-1.000,0,-1266.667,-0.037
130,1310086,1256,10.000,0.074,10.074,533,7,1,0,1,-1.000,0,0.000,0.000
131,1320086,1611,12.130,0.426,12.556,365,7,1,0,1,-1.000,0,0.000,0.000
132,1330086,1434,11.518,0.408,11.926,611,7,1,0,1,-1.000,0,-1266.667,-0.036
133,1340086,1385,11.315,0.056,11.371,374,7,1,0,1,-1.000,0,-1266.667,-0.036
134,1350086,1634,11.778,1.203,12.981,569,7,1,0,1,-1.000,0,1266.667,0.037
135,1360086,1333,8.537,0.574,9.111,470,7,1,0,1,-1.000,0,2533.333,0.077
136,1370086,1724,11.296,0.055,11.351,533,7,1,0,1,-1.000,0,1266.667,0.037
137,1380086,1365,8.333,0.055,8.388,600,7,1,0,1,-1.000,0,1266.667,0.037
138,1390086,1529,9.333,0.055,9.388,355,7,1,0,1,-1.000,0,1266.667,0.037
139,1400086,1550,9.500,0.833,10.333,571,7,1,0,1,-1.000,0,1266.667,0.037
140,1410086,1380,10.037,0.519,10.556,465,7,1,0,1,-1.000,0,0.000,0.000
141,1420086,1767,12.204,0.055,12.259,595,7,1,0,1,-1.000,0,0.000,0.000
142,1430086,1326,9.629,0.334,9.963,537,7,1,0,1,-1.000,0,0.000,0.000
143,1440086,1694,13.630,0.074,13.704,415,7,1,0,1,-1.000,0,0.000,0.000
144,1450086,1491,10.074,0.445,10.519,579,7,1,0,1,-1.000,0,-1266.667,-0.036
145,1460086,1474,10.055,0.482,10.537,412,7,1,0,1,-1.000,0,0.000,0.000
146,1470086,1743,13.296,0.926,14.222,623,7,1,0,1,-1.000,0,0.000,0.000
147,1480086,1395,9.630,1.796,11.426,513,7,1,0,1,-1.000,0,1266.667,0.036
148,1490086,1763,11.981,0.130,12.111,492,7,1,0,1,-1.000,0,0.000,0.000
149,1500086,1427,8.944,0.075,9.019,629,7,1,0,1,-1.000,0,-1266.667,-0.036
150,1510086,1597,9.722,0.074,9.796,425,7,1,0,1,-1.000,0,1266.667,0.037
151,1520086,1649,9.981,0.074,10.055,580,7,1,0,1,-1.000,0,-1266.667,-0.036
152,1530086,1420,8.796,0.148,8.944,495,7,1,0,1,-1.000,0,0.000,0.000
153,1540086,1806,11.056,0.074,11.130,579,7,1,0,1,-1.000,0,-1266.667,-0.034
154,1550086,1385,8.389,0.055,8.444,557,7,1,0,1,-1.000,0,0.000,0.000
155,1560086,1763,10.815,0.167,10.982,446,7,1,0,1,-1.000,0,1266.667,0.037
156,1570086,1575,9.815,0.074,9.889,621,7,1,0,1,-1.000,0,-1266.667,-0.036
157,1580086,1527,9.370,0.056,9.426,418,7,1,0,1,-1.000,0,1266.667,0.037
158,1590086,1807,11.000,0.074,11.074,612,7,1,0,1,-1.000,0,0.000,0.000
159,1600086,1426,8.815,0.500,9.315,551,7,1,0,1,-1.000,0,0.000,0.000
160,1610086,1829,11.166,0.185,11.351,472,7,1,0,1,-1.000,0,0.000,0.000
161,1620086,1511,9.203,0.075,9.278,641,7,1,0,1,-1.000,0,-1266.667,-0.036
162,1630086,1625,9.833,0.056,9.889,423,7,1,0,1,-1.000,0,1266.667,0.037
163,1640086,1707,10.352,0.130,10.482,623,7,1,0,1,-1.000,0,0.000,0.000
164,1650086,1461,8.926,0.074,9.000,534,7,1,0,1,-1.000,0,0.000,0.000
165,1660086,1854,11.278,0.055,11.333,518,7,1,0,1,-1.000,0,0.000,0.000
166,1670086,1474,8.981,0.315,9.296,583,7,1,0,1,-1.000,0,0.000,0.000
167,1680086,1800,10.945,0.055,11.000,459,7,1,0,1,-1.000,0,1266.667,0.037
168,1690086,1647,10.056,0.074,10.130,642,7,1,0,1,-1.000,0,-1266.667,-0.036
169,1700086,1550,9.407,0.074,9.481,468,7,1,0,1,-1.000,0,0.000,0.000
170,1710086,1839,11.185,0.055,11.240,641,7,1,0,1,-1.000,0,0.000,0.000
171,1720086,1469,8.944,0.056,9.000,559,7,1,0,1,-1.000,0,0.000,0.000
172,1730086,1838,11.278,0.074,11.352,507,7,1,0,1,-1.000,0,0.000,0.000
173,1740086,1569,9.537,0.074,9.611,650,7,1,0,1,-1.000,0,-1266.667,-0.036
174,1750086,1687,10.445,0.370,10.815,460,7,1,0,1,-1.000,0,1266.667,0.037
175,1760086,1787,10.870,0.056,10.926,637,7,1,0,1,-1.000,0,-1266.667,-0.036
176,1770086,1537,9.333,0.074,9.407,532,7,1,0,1,-1.000,0,0.000,0.000
177,1780086,1916,11.592,0.074,11.666,593,7,1,0,1,-1.000,0,0.000,0.000
178,1790086,1514,9.222,0.056,9.278,634,7,1,0,1,-1.000,0,1266.667,0.036
179,1800086,1808,11.111,0.056,11.167,478,7,1,0,1,-1.000,0,1266.667,0.037
180,1810086,1713,10.351,0.074,10.425,706,7,1,0,1,-1.000,0,-1266.667,-0.036
181,1820086,1651,10.037,0.056,10.093,501,7,1,0,1,-1.000,0,1266.667,0.037
182,1830086,1874,28.962,0.074,29.036,669,7,1,0,1,-1.000,0,0.000,0.000
183,1840086,1514,9.222,0.074,9.296,555,7,1,0,1,-1.000,0,1266.667,0.036
184,1850086,1888,11.463,0.056,11.519,463,7,1,0,1,-1.000,0,-1266.667,-0.034
185,1860086,1584,9.648,0.074,9.722,682,7,1,0,1,-1.000,0,-1266.667,-0.036
186,1870086,1716,10.945,0.055,11.000,463,7,1,0,1,-1.000,0,1266.667,0.037
187,1880086,1829,11.111,0.074,11.185,644,7,1,0,1,-1.000,0,0.000,0.000
188,1890086,1567,9.556,0.055,9.611,533,7,1,0,1,-1.000,0,0.000,0.000
189,1900086,1972,11.963,0.167,12.130,604,7,1,0,1,-1.000,0,-2533.333,-0.069
190,1910086,1542,9.389,0.055,9.444,628,7,1,0,1,-1.000,0,-1266.667,-0.036
191,1920086,1821,11.074,0.370,11.444,468,7,1,0,1,-1.000,0,0.000,0.000
192,1930086,1771,10.722,0.074,10.796,662,7,1,0,1,-1.000,0,-1266.667,-0.036
193,1940086,1669,10.112,0.055,10.167,487,7,1,0,1,-1.000,0,0.000,0.000
194,1950086,1932,11.852,0.074,11.926,653,7,1,0,1,-1.000,0,0.000,0.000
195,1960086,1542,9.537,0.074,9.611,579,7,1,0,1,-1.000,0,1266.667,0.037
196,1970086,1896,11.519,0.092,11.611,484,7,1,0,1,-1.000,0,0.000,0.000
197,1980086,1704,10.815,0.055,10.870,672,7,1,0,1,-1.000,0,1266.667,0.037
198,1990086,1730,10.833,0.185,11.018,470,7,1,0,1,-1.000,0,1266.667,0.037
199,2000086,1864,11.334,0.074,11.408,669,7,1,0,1,-1.000,0,-1266.667,-0.036
200,2010086,1577,9.592,0.148,9.740,550,7,1,0,1,-1.000,0,-1266.667,-0.036
201,2020086,1963,140.463,0.425,140.888,579,7,1,0,1,-1.000,0,-1266.667,-0.036
202,2030086,1622,9.888,0.186,10.074,643,7,1,0,1,-1.000,0,0.000,0.000
203,2040086,1878,11.518,0.075,11.593,492,7,1,0,1,-1.000,0,-1266.667,-0.036
204,2050086,1804,11.018,0.074,11.092,685,7,1,0,1,-1.000,0,466.667,0.013
205,2060086,1714,10.445,0.074,10.519,506,7,1,0,1,-1.000,0,450.000,0.013
206,2070086,2000,12.167,0.074,12.241,697,7,1,0,1,-1.000,0,450.000,0.013
207,2080086,1588,9.630,0.055,9.685,626,7,1,0,1,-1.000,0,450.000,0.013
208,2090086,1970,11.981,0.056,12.037,518,7,1,0,1,-1.000,0,450.000,0.013
209,2100086,1744,10.666,0.075,10.741,693,7,1,0,1,-1.000,0,450.000,0.013
210,2110086,1759,10.722,0.055,10.777,494,7,1,0,1,-1.000,0,-1733.333,-0.048
211,2120086,1940,1101.570,0.315,1101.885,710,7,1,0,1,-1.000,0,-450.000,-0.013
212,2130086,1671,10.333,0.167,10.500,570,7,1,0,1,-1.000,0,-450.000,-0.013
213,2140086,2040,12.352,0.074,12.426,596,7,1,0,1,-1.000,0,-450.000,-0.013
214,2150086,1686,10.260,0.055,10.315,657,7,1,0,1,-1.000,0,816.667,0.024
215,2160086,1895,11.537,0.093,11.630,514,7,1,0,1,-1.000,0,-450.000,-0.013
216,2170086,1835,11.186,0.074,11.260,680,7,1,0,1,-1.000,0,1266.667,0.037
217,2180086,1740,10.593,0.056,10.649,522,7,1,0,1,-1.000,0,0.000,0.000
218,2190086,2049,12.408,0.074,12.482,674,7,1,0,1,-1.000,0,1266.667,0.037
219,2200086,1642,10.019,0.074,10.093,634,7,1,0,1,-1.000,0,1266.667,0.037
220,2210086,1965,11.889,0.056,11.945,531,7,1,0,1,-1.000,0,0.000,0.000
221,2220086,1763,10.870,0.260,11.130,710,7,1,0,1,-1.000,0,1266.667,0.037
222,2230086,1850,11.260,0.092,11.352,537,7,1,0,1,-1.000,0,0.000,0.000
223,2240086,1993,12.093,0.481,12.574,713,7,1,0,1,-1.000,0,1266.667,0.037
224,2250086,1726,10.611,0.093,10.704,595,7,1,0,1,-1.000,0,0.000,0.000
225,2260086,2066,12.611,0.148,12.759,614,7,1,0,1,-1.000,0,0.000,0.000
226,2270086,1718,10.555,0.074,10.629,643,7,1,0,1,-1.000,0,0.000,0.000
227,2280086,1951,11.815,0.148,11.963,538,7,1,0,1,-1.000,0,0.000,0.000
228,2290086,1887,11.463,0.074,11.537,697,7,1,0,1,-1.000,0,0.000,0.000
229,2300086,1806,11.463,0.149,11.612,538,7,1,0,1,-1.000,0,0.000,0.000
230,2310086,2064,12.518,0.556,13.074,606,7,1,0,1,-1.000,0,0.000,0.000
231,2320086,1656,10.370,0.259,10.629,610,7,1,0,1,-1.000,0,0.000,0.000
232,2330086,1989,12.278,0.129,12.407,525,7,1,0,1,-1.000,0,0.000,0.000
233,2340086,1789,10.925,0.093,11.018,705,7,1,0,1,-1.000,0,0.000,0.000
234,2350086,1863,11.370,0.075,11.445,532,7,1,0,1,-1.000,0,1266.667,0.036
235,2360086,2034,12.296,0.056,12.352,728,7,1,0,1,-1.000,0,1266.667,0.036
236,2370086,1684,10.222,0.074,10.296,594,7,1,0,1,-1.000,0,1266.667,0.036
237,2380086,2046,12.592,0.111,12.703,593,7,1,0,1,-1.000,0,0.000,0.000
238,2390086,1749,10.648,0.074,10.722,649,7,1,0,1,-1.000,0,1266.667,0.036
239,2400086,1988,29.297,0.259,29.556,551,7,1,0,1,-1.000,0,1266.667,0.036
240,2410086,1897,12.055,0.260,12.315,766,7,1,0,1,-1.000,0,-1266.667,-0.034
241,2420086,1790,11.019,0.222,11.241,530,7,1,0,1,-1.000,0,-1266.667,-0.034
242,2430086,2081,12.667,0.074,12.741,649,7,1,0,1,-1.000,0,-1266.667,-0.034
243,2440086,1737,10.667,0.074,10.741,668,7,1,0,1,-1.000,0,0.000,0.000
244,2450086,2045,12.500,0.074,12.574,563,7,1,0,1,-1.000,0,-1266.667,-0.034
245,2460086,1858,11.259,0.055,11.314,722,7,1,0,1,-1.000,0,-1266.667,-0.034
246,2470086,1915,12.056,0.055,12.111,551,7,1,0,1,-1.000,0,0.000,0.000
247,2480086,2026,12.315,0.314,12.629,729,7,1,0,1,-1.000,0,0.000,0.000
248,2490086,1755,10.759,0.185,10.944,597,7,1,0,1,-1.000,0,1266.667,0.036
249,2500086,2080,12.945,0.722,13.667,556,7,1,0,1,-1.000,0,1266.667,0.036
250,2510086,1803,10.982,0.074,11.056,665,7,1,0,1,-1.000,0,0.000,0.000
251,2520086,1991,12.130,0.074,12.204,565,7,1,0,1,-1.000,0,0.000,0.000
252,2530086,1940,11.833,0.167,12.000,753,7,1,0,1,-1.000,0,0.000,0.000
253,2540086,1853,11.426,0.074,11.500,583,7,1,0,1,-1.000,0,0.000,0.000
254,2550086,2119,12.963,0.055,13.018,689,7,1,0,1,-1.000,0,-1266.667,-0.034
255,2560086,1753,10.888,0.556,11.444,640,7,1,0,1,-1.000,0,-1266.667,-0.034
256,2570086,2059,12.796,0.241,13.037,599,7,1,0,1,-1.000,0,1266.667,0.036
257,2580086,1891,11.463,0.056,11.519,722,7,1,0,1,-1.000,0,0.000,0.000
258,2590086,1942,11.796,0.056,11.852,582,7,1,0,1,-1.000,0,1266.667,0.036
259,2600086,2090,12.686,0.092,12.778,730,7,1,0,1,-1.000,0,1266.667,0.036
260,2610086,1809,11.093,0.055,11.148,594,7,1,0,1,-1.000,0,1266.667,0.036
261,2620086,2116,13.611,0.556,14.167,580,7,1,0,1,-1.000,0,1266.667,0.036
262,2630086,1832,11.111,0.500,11.611,714,7,1,0,1,-1.000,0,-1266.667,-0.034
263,2640086,2024,12.277,0.056,12.333,588,7,1,0,1,-1.000,0,0.000,0.000
264,2650086,1965,11.908,0.055,11.963,751,7,1,0,1,-1.000,0,-1266.667,-0.034
265,2660086,1893,15.889,0.093,15.982,590,7,1,0,1,-1.000,0,0.000,0.000
266,2670086,2128,13.259,0.056,13.315,628,7,1,0,1,-1.000,0,0.000,0.000
267,2680086,1788,10.926,0.056,10.982,648,7,1,0,1,-1.000,0,-1266.667,-0.034
268,2690086,2093,12.685,0.055,12.740,574,7,1,0,1,-1.000,0,0.000,0.000
269,2700086,1935,11.778,0.055,11.833,727,7,1,0,1,-1.000,0,466.667,0.013
270,2710086,1963,11.926,0.092,12.018,591,7,1,0,1,-1.000,0,466.667,0.013
271,2720086,2120,12.833,0.056,12.889,734,7,1,0,1,-1.000,0,-800.000,-0.022
272,2730086,1825,11.056,0.074,11.130,628,7,1,0,1,-1.000,0,-800.000,-0.022
273,2740086,2118,13.111,0.074,13.185,614,7,1,0,1,-1.000,0,466.667,0.013
274,2750086,1868,11.351,0.056,11.407,685,7,1,0,1,-1.000,0,466.667,0.013
275,2760086,2071,12.797,0.055,12.852,594,7,1,0,1,-1.000,0,0.000,0.000
276,2770086,2028,12.315,0.055,12.370,736,7,1,0,1,-1.000,0,-466.667,-0.013
277,2780086,1912,11.611,0.056,11.667,603,7,1,0,1,-1.000,0,0.000,0.000
278,2790086,2151,13.000,0.055,13.055,631,7,1,0,1,-1.000,0,-466.667,-0.013
279,2800086,1826,11.074,0.056,11.130,662,7,1,0,1,-1.000,0,-466.667,-0.013
280,2810086,2111,12.852,0.056,12.908,609,7,1,0,1,-1.000,0,-466.667,-0.013
281,2820086,1963,11.963,0.148,12.111,729,7,1,0,1,-1.000,0,-466.667,-0.013
282,2830086,1950,11.815,0.074,11.889,610,7,1,0,1,-1.000,0,0.000,0.000
283,2840086,2079,12.574,0.074,12.648,738,7,1,0,1,-1.000,0,-466.667,-0.013
284,2850086,1869,11.315,0.055,11.370,620,7,1,0,1,-1.000,0,0.000,0.000
285,2860086,2155,13.075,0.055,13.130,639,7,1,0,1,-1.000,0,0.000,0.000
286,2870086,1874,11.389,0.055,11.444,677,7,1,0,1,-1.000,0,0.000,0.000
287,2880086,2086,12.611,0.519,13.130,605,7,1,0,1,-1.000,0,0.000,0.000
288,2890086,2022,12.259,0.074,12.333,750,7,1,0,1,-1.000,0,0.000,0.000
289,2900086,1889,11.463,0.074,11.537,587,7,1,0,1,-1.000,0,0.000,0.000
290,2910086,2187,13.259,0.074,13.333,641,7,1,0,1,-1.000,0,0.000,0.000
291,2920086,1870,11.333,0.093,11.426,653,7,1,0,1,-1.000,0,0.000,0.000
292,2930086,2087,12.667,0.055,12.722,594,7,1,0,1,-1.000,0,0.000,0.000
293,2940086,1975,11.982,0.074,12.056,733,7,1,0,1,-1.000,0,0.000,0.000
294,2950086,2021,12.222,0.315,12.537,587,7,1,0,1,-1.000,0,0.000,0.000
295,2960086,2141,13.000,0.055,13.055,739,7,1,0,1,-1.000,0,0.000,0.000
296,2970086,1886,11.444,0.074,11.518,651,7,1,0,1,-1.000,0,0.000,0.000
297,2980086,2154,13.111,0.056,13.167,647,7,1,0,1,-1.000,0,0.000,0.000
298,2990086,1951,11.852,0.074,11.926,708,7,1,0,1,-1.000,0,0.000,0.000
299,3000086,2131,12.907,0.074,12.981,655,7,1,0,1,-1.000,0,0.000,0.000
300,3010086,2050,12.518,0.149,12.667,760,7,1,0,1,-1.000,0,0.000,0.000
301,3020086,1943,11.871,0.092,11.963,601,7,1,0,1,-1.000,0,0.000,0.000
302,3030086,2199,13.314,0.074,13.388,720,7,1,0,1,-1.000,0,0.000,0.000
303,3040086,1853,11.222,0.074,11.296,705,7,1,0,1,-1.000,0,0.000,0.000
304,3050086,2132,12.926,0.167,13.093,598,7,1,0,1,-1.000,0,0.000,0.000
305,3060086,2007,12.186,0.074,12.260,728,7,1,0,1,-1.000,0,0.000,0.000
306,3070086,2040,12.500,0.074,12.574,616,7,1,0,1,-1.000,0,0.000,0.000
307,3080086,2188,13.260,0.055,13.315,751,7,1,0,1,-1.000,0,0.000,0.000
308,3090086,1912,11.666,0.056,11.722,649,7,1,0,1,-1.000,0,0.000,0.000
309,3100086,2168,13.204,0.074,13.278,595,7,1,0,1,-1.000,0,0.000,0.000
310,3110086,1967,11.982,0.055,12.037,705,7,1,0,1,-1.000,0,0.000,0.000
311,3120086,2125,12.889,0.074,12.963,639,7,1,0,1,-1.000,0,466.667,0.013
312,3130086,2074,12.593,38.037,50.630,754,7,1,1,1,0.079,1,114933.336,3.241
313,3140086,1984,12.148,2.019,14.167,617,7,1,1,1,0.078,1,116533.336,3.286
314,3150086,2226,13.444,0.111,13.555,679,7,1,0,1,-1.000,0,0.000,0.000
315,3160086,1916,11.556,0.074,11.630,713,7,1,0,1,-1.000,0,466.667,0.013
316,3170086,2158,13.129,0.074,13.203,607,7,1,0,1,-1.000,0,466.667,0.013
317,3180086,2044,12.352,0.074,12.426,761,7,1,0,1,-1.000,0,0.000,0.000
318,3190086,2058,12.537,0.074,12.611,648,7,1,0,1,-1.000,0,-114466.672,-0.761
319,3200086,2155,13.055,0.130,13.185,751,7,1,0,1,-1.000,0,-116533.336,-0.767
320,3210086,1921,11.686,0.055,11.741,644,7,1,0,1,-1.000,0,466.667,0.013
321,3220086,2173,13.185,0.056,13.241,675,7,1,0,1,-1.000,0,0.000,0.000
322,3230086,2017,12.259,0.074,12.333,712,7,1,0,1,-1.000,0,0.000,0.000
323,3240086,2100,12.796,0.093,12.889,613,7,1,0,1,-1.000,0,0.000,0.000
324,3250086,2102,12.778,0.074,12.852,777,7,1,0,1,-1.000,0,-466.667,-0.013
325,3260086,2029,12.333,0.056,12.389,665,7,1,0,1,-1.000,0,466.667,0.013
326,3270086,2222,13.500,0.167,13.667,748,7,1,0,1,-1.000,0,0.000,0.000
327,3280086,1980,12.056,0.074,12.130,706,7,1,0,1,-1.000,0,0.000,0.000
328,3290086,2124,12.852,0.055,12.907,633,7,1,0,1,-1.000,0,0.000,0.000
329,3300086,2022,12.278,0.074,12.352,715,7,1,0,1,-1.000,0,0.000,0.000
330,3310086,2064,12.537,0.055,12.592,635,7,1,0,1,-1.000,0,466.667,0.013
331,3320086,2218,13.612,0.055,13.667,776,7,1,0,1,-1.000,0,-466.667,-0.013
332,3330086,2096,13.556,0.166,13.722,702,7,1,0,1,-1.000,0,0.000,0.000
333,3340086,2382,20.259,0.093,20.352,716,7,1,0,1,-1.000,0,1283.333,0.036
334,3350086,2199,14.408,0.055,14.463,796,7,1,0,1,-1.000,0,1283.333,0.036
335,3360086,2334,15.185,0.055,15.240,729,7,1,0,1,-1.000,0,1283.333,0.036
336,3370086,2288,14.944,0.056,15.000,849,7,1,0,1,-1.000,0,-466.667,-0.013
337,3380086,2236,14.556,0.074,14.630,718,7,1,0,1,-1.000,0,1266.667,0.036
338,3390086,2426,15.685,0.056,15.741,772,7,1,0,1,-1.000,0,-466.667,-0.013
339,3400086,2137,13.908,0.055,13.963,769,7,1,0,1,-1.000,0,-1750.000,-0.047
340,3410086,2303,14.685,0.056,14.741,670,7,1,0,1,-1.000,0,-1283.333,-0.034
341,3420086,2175,13.722,0.075,13.797,791,7,1,0,1,-1.000,0,-816.667,-0.022
342,3430086,2177,13.815,0.074,13.889,721,7,1,0,1,-1.000,0,466.667,0.013
343,3440086,2401,15.648,0.093,15.741,869,7,1,0,1,-1.000,0,-800.000,-0.022
344,3450086,2221,14.852,0.074,14.926,777,7,1,0,1,-1.000,0,466.667,0.013
345,3460086,2397,15.537,0.074,15.611,732,7,1,0,1,-1.000,0,466.667,0.013
346,3470086,2216,14.611,0.055,14.666,815,7,1,0,1,-1.000,0,466.667,0.013
347,3480086,2350,15.389,0.055,15.444,726,7,1,0,1,-1.000,0,-466.667,-0.013
348,3490086,2367,15.482,0.074,15.556,866,7,1,0,1,-1.000,0,-466.667,-0.013
349,3500086,2268,15.074,0.075,15.149,785,7,1,0,1,-1.000,0,0.000,0.000
350,3510086,2531,17.204,0.074,17.278,876,7,1,0,1,-1.000,0,0.000,0.000
351,3520086,2273,15.723,0.148,15.871,866,7,1,0,1,-1.000,0,0.000,0.000
352,3530086,2493,17.000,0.093,17.093,749,7,1,0,1,-1.000,0,-466.667,-0.013
353,3540086,2474,17.204,0.148,17.352,901,7,1,0,1,-1.000,0,0.000,0.000
354,3550086,2519,17.667,0.277,17.944,821,7,1,0,1,-1.000,0,0.000,0.000
355,3560086,2672,18.908,0.074,18.982,980,7,1,0,1,-1.000,0,0.000,0.000
356,3570086,2385,16.852,0.185,17.037,862,7,1,0,1,-1.000,0,-466.667,-0.013
357,3580086,2684,19.092,0.074,19.166,850,7,1,0,1,-1.000,0,0.000,0.000
358,3590086,2545,18.314,0.260,18.574,937,7,1,0,1,-1.000,0,0.000,0.000
359,3600086,2774,20.389,0.093,20.482,898,7,1,0,1,-1.000,0,0.000,0.000
360,3610086,2902,22.018,0.056,22.074,1084,7,1,0,1,-1.000,0,0.000,0.000
361,3620086,2773,21.148,0.056,21.204,955,7,1,0,1,-1.000,0,0.000,0.000
362,3630086,3010,22.426,0.074,22.500,1059,7,1,0,1,-1.000,0,0.000,0.000
363,3640086,2794,22.352,0.056,22.408,1057,7,1,0,1,-1.000,0,-466.667,-0.013
364,3650086,2994,24.629,0.278,24.907,927,7,1,0,1,-1.000,0,-466.667,-0.013
365,3660086,2899,24.704,0.444,25.148,1033,7,1,0,1,-1.000,0,-466.667,-0.013
366,3670086,2942,28.092,0.056,28.148,992,7,1,0,1,-1.000,0,0.000,0.000
367,3680086,3077,25.148,0.519,25.667,1070,7,1,0,1,-1.000,0,0.000,0.000
368,3690086,2770,22.426,0.074,22.500,975,7,1,0,1,-1.000,0,466.667,0.013
369,3700086,2984,28.296,1.555,29.851,904,7,1,0,1,-1.000,0,0.000,0.000
370,3710086,2902,24.408,0.370,24.778,1043,7,1,0,1,-1.000,0,466.667,0.013
371,3720086,2981,25.148,0.574,25.722,991,7,1,0,1,-1.000,0,0.000,0.000
372,3730086,2940,24.500,1.019,25.519,1051,7,1,0,1,-1.000,0,466.667,0.013
373,3740086,2776,22.500,1.093,23.593,935,7,1,0,1,-1.000,0,-466.667,-0.013
374,3750086,3004,23.481,0.074,23.555,1009,7,1,0,1,-1.000,0,-466.667,-0.013
375,3760086,2771,22.685,0.056,22.741,981,7,1,0,1,-1.000,0,0.000,0.000
376,3770086,2712,19.518,0.056,19.574,814,7,1,0,1,-1.000,0,-466.667,-0.013
377,3780086,2512,17.278,0.055,17.333,960,7,1,0,1,-1.000,0,0.000,0.000
378,3790086,2517,17.389,0.148,17.537,865,7,1,0,1,-1.000,0,-466.667,-0.013
379,3800086,2674,18.500,0.056,18.556,996,7,1,0,1,-1.000,0,0.000,0.000
380,3810086,2419,16.982,0.074,17.056,934,7,1,0,1,-1.000,0,0.000,0.000
381,3820086,2546,17.482,0.074,17.556,847,7,1,0,1,-1.000,0,0.000,0.000
382,3830086,2468,17.056,0.055,17.111,970,7,1,0,1,-1.000,0,0.000,0.000
383,3840086,2507,17.185,0.574,17.759,863,7,1,0,1,-1.000,0,0.000,0.000
384,3850086,2344,15.408,0.166,15.574,900,7,1,0,1,-1.000,0,0.000,0.000
385,3860086,2153,13.722,0.056,13.778,808,7,1,0,1,-1.000,0,0.000,0.000
386,3870086,2295,14.425,0.260,14.685,777,7,1,0,1,-1.000,0,0.000,0.000
387,3880086,2092,13.425,0.075,13.500,793,7,1,0,1,-1.000,0,466.667,0.013
388,3890086,2243,13.982,0.074,14.056,709,7,1,0,1,-1.000,0,466.667,0.013
389,3900086,2194,13.611,0.074,13.685,855,7,1,0,1,-1.000,0,466.667,0.013
390,3910086,2158,13.500,0.204,13.704,773,7,1,0,1,-1.000,0,933.333,0.026
391,3920086,2348,14.611,0.148,14.759,898,7,1,0,1,-1.000,0,466.667,0.013
392,3930086,2086,13.074,0.093,13.167,815,7,1,0,1,-1.000,0,933.333,0.026
393,3940086,2307,14.314,0.056,14.370,742,7,1,0,1,-1.000,0,0.000,0.000
394,3950086,2150,13.334,0.055,13.389,839,7,1,0,1,-1.000,0,0.000,0.000
395,3960086,2215,13.815,0.074,13.889,740,7,1,0,1,-1.000,0,0.000,0.000
396,3970086,2272,14.148,0.056,14.204,868,7,1,0,1,-1.000,0,-933.333,-0.026
397,3980086,2048,12.649,0.055,12.704,719,7,1,0,1,-1.000,0,0.000,0.000
398,3990086,2281,13.945,0.074,14.019,746,7,1,0,1,-1.000,0,-933.333,-0.026
399,4000086,2054,12.666,0.056,12.722,742,7,1,0,1,-1.000,0,-466.667,-0.013
400,4010086,2172,13.185,0.074,13.259,661,7,1,0,1,-1.000,0,-466.667,-0.013
401,4020086,2161,13.148,0.056,13.204,775,7,1,0,1,-1.000,0,-466.667,-0.013
402,4030086,2095,12.778,0.056,12.834,697,7,1,0,1,-1.000,0,0.000,0.000
403,4040086,2293,13.963,0.056,14.019,738,7,1,0,1,-1.000,0,-466.667,-0.013
404,4050086,2004,12.203,0.074,12.277,724,7,1,0,1,-1.000,0,0.000,0.000
405,4060086,2187,13.315,0.074,13.389,622,7,1,0,1,-1.000,0,0.000,0.000
406,4070086,2052,12.519,0.055,12.574,725,7,1,0,1,-1.000,0,0.000,0.000
407,4080086,2184,13.241,0.074,13.315,676,7,1,0,1,-1.000,0,0.000,0.000
408,4090086,2224,13.500,0.074,13.574,796,7,1,0,1,-1.000,0,0.000,0.000
409,4100086,2009,12.203,0.056,12.259,675,7,1,0,1,-1.000,0,0.000,0.000
410,4110086,2201,13.445,0.241,13.686,673,7,1,0,1,-1.000,0,0.000,0.000
411,4120086,2049,12.444,0.056,12.500,739,7,1,0,1,-1.000,0,0.000,0.000
412,4130086,2167,13.185,0.074,13.259,650,7,1,0,1,-1.000,0,0.000,0.000
413,4140086,2171,16.000,0.666,16.666,783,7,1,0,1,-1.000,0,0.000,0.000
414,4150086,2040,13.685,0.370,14.055,663,7,1,0,1,-1.000,0,0.000,0.000
415,4160086,2262,14.388,1.241,15.629,741,7,1,0,1,-1.000,0,0.000,0.000
416,4170086,1991,12.759,0.315,13.074,728,7,1,0,1,-1.000,0,466.667,0.013
417,4180086,2204,14.370,0.463,14.833,596,7,1,0,1,-1.000,0,466.667,0.013
418,4190086,2096,13.537,0.074,13.611,761,7,1,0,1,-1.000,0,466.667,0.013
419,4200086,2142,14.315,0.055,14.370,665,7,1,0,1,-1.000,0,466.667,0.013
420,4210086,2234,15.759,0.389,16.148,779,7,1,0,1,-1.000,0,0.000,0.000
421,4220086,2009,14.111,0.574,14.685,678,7,1,0,1,-1.000,0,466.667,0.013
422,4230086,2220,14.407,0.519,14.926,654,7,1,0,1,-1.000,0,0.000,0.000
423,4240086,2051,14.130,0.074,14.204,724,7,1,0,1,-1.000,0,0.000,0.000
424,4250086,2198,16.500,0.056,16.556,691,7,1,0,1,-1.000,0,0.000,0.000
425,4260086,2206,15.629,0.204,15.833,797,7,1,0,1,-1.000,0,0.000,0.000
426,4270086,2036,12.815,0.074,12.889,637,7,1,0,1,-1.000,0,466.667,0.013
427,4280086,2262,15.074,0.055,15.129,713,7,1,0,1,-1.000,0,0.000,0.000
428,4290086,2046,12.741,0.315,13.056,733,7,1,0,1,-1.000,0,0.000,0.000
429,4300086,2199,13.870,0.167,14.037,651,7,1,0,1,-1.000,0,0.000,0.000
430,4310086,2193,15.556,0.314,15.870,785,7,1,0,1,-1.000,0,-466.667,-0.013
431,4320086,2129,13.352,0.055,13.407,699,7,1,0,1,-1.000,0,0.000,0.000
432,4330086,2264,13.741,0.074,13.815,781,7,1,0,1,-1.000,0,-466.667,-0.013
433,4340086,2006,12.222,0.055,12.277,689,7,1,0,1,-1.000,0,466.667,0.013
434,4350086,2272,13.982,0.407,14.389,667,7,1,0,1,-1.000,0,466.667,0.013
435,4360086,2120,12.963,0.074,13.037,754,7,1,0,1,-1.000,0,466.667,0.013
436,4370086,2183,13.518,0.593,14.111,688,7,1,0,1,-1.000,0,933.333,0.026
437,4380086,2206,14.055,0.315,14.370,823,7,1,0,1,-1.000,0,0.000,0.000
438,4390086,2082,12.852,0.056,12.908,711,7,1,0,1,-1.000,0,933.333,0.026
439,4400086,2354,14.630,0.592,15.222,689,7,1,0,1,-1.000,0,0.000,0.000
440,4410086,2107,13.092,0.074,13.166,751,7,1,0,1,-1.000,0,0.000,0.000
441,4420086,2224,13.667,0.074,13.741,651,7,1,0,1,-1.000,0,0.000,0.000
442,4430086,2187,13.408,0.055,13.463,798,7,1,0,1,-1.000,0,-466.667,-0.013
443,4440086,2179,13.426,0.074,13.500,728,7,1,0,1,-1.000,0,466.667,0.013
444,4450086,2331,14.371,0.074,14.445,725,7,1,0,1,-1.000,0,-933.333,-0.026
445,4460086,2076,21.871,0.185,22.056,712,7,1,0,1,-1.000,0,-466.667,-0.013
446,4470086,2247,13.852,0.074,13.926,663,7,1,0,1,-1.000,0,-466.667,-0.013
447,4480086,2153,13.278,0.352,13.630,773,7,1,0,1,-1.000,0,-466.667,-0.013
448,4490086,2227,13.777,0.056,13.833,708,7,1,0,1,-1.000,0,0.000,0.000
449,4500086,2302,14.203,19.537,33.740,849,7,1,1,1,0.297,1,9200.000,0.253
450,4510086,2153,13.278,1.777,15.055,732,7,1,1,1,0.282,1,10733.334,0.303
451,4520086,2356,14.537,1.334,15.871,726,7,1,1,1,0.268,1,11550.000,0.321
452,4530086,2131,13.037,1.185,14.222,783,7,1,1,1,0.259,1,11550.000,0.321
453,4540086,2299,14.481,1.204,15.685,719,7,1,1,1,0.254,1,11550.000,0.321
454,4550086,2292,14.093,2.666,16.759,838,7,1,1,1,0.266,1,9666.667,0.269
455,4560086,2191,13.370,0.111,13.481,741,7,1,0,1,0.159,0,3116.667,0.068
456,4570086,2426,14.889,0.092,14.981,843,7,1,0,1,0.096,0,0.000,0.000
457,4580086,2151,13.241,0.074,13.315,770,7,1,0,1,0.057,0,616.667,0.013
458,4590086,2398,14.703,0.093,14.796,701,7,1,0,1,-1.000,0,2466.667,0.052
459,4600086,2281,13.963,0.074,14.037,835,7,1,0,1,-1.000,0,-1283.333,-0.027
460,4610086,2351,14.519,2.092,16.611,825,7,1,1,1,0.267,1,13200.000,0.289
461,4620086,2473,15.148,0.092,15.240,887,7,1,0,1,0.160,0,-716.667,-0.015
462,4630086,2211,13.703,0.074,13.777,773,7,1,0,1,0.096,0,7200.000,0.156
463,4640086,2483,15.111,1.389,16.500,802,7,1,1,1,0.166,1,13700.000,0.285
464,4650086,2392,14.611,0.092,14.703,884,7,1,0,1,0.100,0,2850.000,0.057
465,4660086,2507,15.259,0.074,15.333,834,7,1,0,1,0.060,0,466.667,0.010
466,4670086,2488,15.092,0.074,15.166,917,7,1,0,1,-1.000,0,2400.000,0.041
467,4680086,2490,15.241,2.870,18.111,783,7,1,1,1,0.277,1,13250.000,0.276
468,4690086,2646,16.130,0.389,16.519,930,7,1,0,1,0.166,0,-4800.000,-0.090
469,4700086,2346,14.333,0.092,14.425,840,7,1,0,1,0.100,0,7800.000,0.126
470,4710086,2536,15.500,0.074,15.574,750,7,1,0,1,0.060,0,8400.000,0.159
471,4720086,2416,14.797,1.389,16.186,918,7,1,1,1,0.129,1,16333.334,0.350
472,4730086,2333,20.630,0.185,20.815,774,7,1,0,1,0.077,0,4200.000,0.069
473,4740086,2482,15.148,0.092,15.240,829,7,1,0,1,-1.000,0,-50.000,-0.001
474,4750086,2148,13.129,2.315,15.444,777,7,1,1,1,0.271,1,13800.000,0.284
475,4760086,2326,14.241,0.074,14.315,661,7,1,0,1,0.163,0,-8400.000,-0.121
476,4770086,2201,13.481,0.074,13.555,900,7,1,0,1,0.098,0,-1200.000,-0.020
477,4780086,2117,12.962,0.075,13.037,736,7,1,0,1,0.059,0,-2400.000,-0.038
478,4790086,2192,13.352,0.092,13.444,811,7,1,0,1,-1.000,0,-6000.000,-0.092
479,4800086,1822,11.130,0.592,11.722,624,7,1,0,1,-1.000,0,-10200.000,-0.167
480,4810086,2135,13.037,0.093,13.130,623,7,1,0,1,-1.000,0,-10483.334,-0.168
481,4820086,1747,10.871,0.185,11.056,760,7,1,0,1,-1.000,0,-9000.000,-0.147
482,4830086,1866,11.351,0.075,11.426,550,7,1,0,1,-1.000,0,-600.000,-0.010
483,4840086,1785,10.870,0.056,10.926,728,7,1,0,1,-1.000,0,-7200.000,-0.119
484,4850086,1544,9.463,0.055,9.518,541,7,1,0,1,-1.000,0,-5400.000,-0.091
485,4860086,1829,11.167,0.055,11.222,666,7,1,0,1,-1.000,0,1200.000,0.024
486,4870086,1332,8.129,0.130,8.259,591,7,1,0,1,-1.000,0,283.333,0.005
487,4880086,1658,10.130,0.074,10.204,516,7,1,0,1,-1.000,0,8466.667,0.162
488,4890086,1180,7.204,0.185,7.389,549,7,1,0,1,-1.000,0,-13200.000,-0.222
489,4900086,1422,8.722,0.056,8.778,343,7,1,0,1,-1.000,0,850.000,0.016
490,4910086,1300,7.963,0.056,8.019,638,7,1,0,1,-1.000,0,-8000.000,-0.148
491,4920086,1075,6.741,0.074,6.815,421,7,1,0,1,-1.000,0,5400.000,0.103
492,4930086,1363,8.297,0.074,8.371,598,7,1,0,1,-1.000,0,883.333,0.017
493,4940086,752,4.703,0.056,4.759,374,7,1,0,1,-1.000,0,-1266.667,-0.021
494,4950086,1291,7.945,5.000,12.945,377,7,1,1,1,0.270,1,13200.000,0.286
495,4960086,801,4.945,0.111,5.056,567,7,1,0,1,0.162,0,-3816.667,-0.070
496,4970086,1029,6.388,2.315,8.703,341,7,1,1,1,0.207,1,12800.000,0.278
497,4980086,952,5.852,0.092,5.944,535,7,1,0,1,0.124,0,2400.000,0.042
498,4990086,723,4.519,0.074,4.593,329,7,1,0,1,0.075,0,4883.333,0.092
499,5000086,1047,6.555,0.074,6.629,467,7,1,0,1,-1.000,0,-6000.000,-0.101
500,5010086,632,4.000,0.074,4.074,355,7,1,0,1,-1.000,0,-5400.000,-0.091
501,5020086,1003,6.185,0.093,6.278,325,7,1,0,1,-1.000,0,4166.667,0.083
502,5030086,778,4.851,0.074,4.925,440,7,1,0,1,-1.000,0,-6300.000,-0.107
503,5040086,749,4.686,1.889,6.575,326,7,1,1,1,0.146,1,42000.000,0.700
504,5050086,884,5.555,1.185,6.740,430,7,1,1,1,0.147,1,39566.668,0.683
505,5060086,753,4.778,1.167,5.945,475,7,1,1,1,0.140,1,46500.000,0.871
506,5070086,1039,6.481,1.148,7.629,427,7,1,1,1,0.129,1,62000.000,1.148
507,5080086,908,5.630,1.537,7.167,589,7,1,1,1,0.125,1,56066.668,1.027
508,5090086,971,6.093,1.278,7.371,452,7,1,1,1,0.115,1,75600.000,1.440
509,5100086,1041,6.444,1.649,8.093,541,7,1,1,1,0.152,1,41333.336,0.405
510,5110086,905,5.852,1.204,7.056,463,7,1,1,1,0.164,1,47950.000,0.492
511,5120086,1151,7.129,1.556,8.685,503,7,1,1,1,0.205,1,29250.000,0.293
512,5130086,942,5.982,0.129,6.111,576,7,1,0,1,0.123,0,24066.668,0.207
513,5140086,1199,7.500,2.426,9.926,531,7,1,1,1,0.141,1,60833.336,0.550
514,5150086,1145,7.186,0.074,7.260,634,7,1,0,1,0.085,0,13350.000,0.104
515,5160086,998,6.278,0.093,6.371,478,7,1,0,1,0.051,0,5766.667,0.040
516,5170086,1288,8.019,0.056,8.075,554,7,1,0,1,-1.000,0,4783.333,0.033
517,5180086,1094,6.926,0.092,7.018,579,7,1,0,1,-1.000,0,-59150.000,-0.458
518,5190086,1308,8.204,0.129,8.333,537,7,1,0,1,-1.000,0,-65816.672,-0.470
519,5200086,1184,7.371,0.074,7.445,666,7,1,0,1,-1.000,0,-29500.000,-0.172
520,5210086,1211,7.574,0.056,7.630,536,7,1,0,1,-1.000,0,4483.333,0.032
521,5220086,1344,8.426,0.092,8.518,583,7,1,0,1,-1.000,0,-75033.336,-0.503
522,5230086,1139,7.149,0.074,7.223,525,7,1,0,1,-1.000,0,-62266.668,-0.414
523,5240086,1408,8.796,1.556,10.352,561,7,1,1,1,0.208,1,28333.334,0.405
524,5250086,1264,7.852,0.074,7.926,633,7,1,0,1,0.125,0,18033.334,0.243
525,5260086,1403,8.740,0.130,8.870,536,7,1,0,1,0.075,0,-39150.000,-0.276
526,5270086,1374,8.574,0.074,8.648,662,7,1,0,1,-1.000,0,-45100.000,-0.309
527,5280086,1288,8.130,3.204,11.334,479,7,1,1,1,0.229,1,26233.334,0.354
528,5290086,1484,9.166,0.074,9.240,590,7,1,0,1,0.138,0,2133.333,0.024
529,5300086,1237,7.685,0.074,7.759,610,7,1,0,1,0.083,0,-400.000,-0.004
530,5310086,1530,9.445,0.092,9.537,665,7,1,0,1,-1.000,0,21116.668,0.229
531,5320086,1386,8.666,0.074,8.740,680,7,1,0,1,-1.000,0,-1150.000,-0.011
532,5330086,1479,9.148,0.093,9.241,523,7,1,0,1,-1.000,0,-2750.000,-0.027
533,5340086,1546,9.814,0.260,10.074,634,7,1,0,1,-1.000,0,6100.000,0.061
534,5350086,1382,8.555,2.778,11.333,594,7,1,1,1,0.264,1,26533.334,0.294
535,5360086,1650,10.222,0.093,10.315,647,7,1,0,1,0.158,0,4666.667,0.048
536,5370086,1474,9.111,0.056,9.167,717,7,1,0,1,0.095,0,6466.667,0.057
537,5380086,1743,10.741,0.093,10.834,558,7,1,0,1,0.057,0,7300.000,0.072
538,5390086,1554,9.593,0.130,9.723,721,7,1,0,1,-1.000,0,11916.667,0.121
539,5400086,1684,10.408,0.074,10.482,581,7,1,0,1,-1.000,0,7266.667,0.068
540,5410086,1788,11.018,0.074,11.092,842,7,1,0,1,-1.000,0,1733.333,0.015
541,5420086,1683,10.278,0.074,10.352,713,7,1,0,1,-1.000,0,23200.000,0.226
542,5430086,1956,11.982,0.074,12.056,815,7,1,0,1,-1.000,0,1466.667,0.012
543,5440086,1709,10.629,0.500,11.129,757,7,1,0,1,-1.000,0,14200.000,0.130
544,5450086,1932,11.871,0.074,11.945,685,7,1,0,1,-1.000,0,10533.334,0.096
545,5460086,1775,10.982,2.907,13.889,778,7,1,1,1,0.126,1,102966.672,0.906
546,5470086,1975,12.148,1.315,13.463,697,7,1,1,1,0.143,1,66400.000,0.561
547,5480086,2103,13.018,4.889,17.907,902,7,1,1,1,0.149,1,76733.336,0.610
548,5490086,1847,11.408,1.333,12.741,828,7,1,1,1,0.159,1,63466.668,0.523
549,5500086,2162,13.371,1.185,14.556,785,7,1,1,1,0.150,1,96133.336,0.780
550,5510086,1976,12.278,1.426,13.704,825,7,1,1,1,0.141,1,109033.336,0.905
551,5520086,2374,14.722,0.111,14.833,874,7,1,0,1,0.084,0,16966.668,0.078
552,5530086,2127,13.185,1.389,14.574,1001,7,1,1,1,0.151,1,58166.668,0.315
553,5540086,2293,14.241,1.537,15.778,812,7,1,1,1,0.206,1,53333.336,0.263
554,5550086,2333,14.371,1.222,15.593,973,7,1,1,1,0.204,1,78666.672,0.426
555,5560086,2273,14.093,2.481,16.574,879,7,1,1,1,0.238,1,57566.668,0.262
556,5570086,2472,15.278,0.093,15.371,967,7,1,0,1,0.143,0,47333.336,0.206
557,5580086,2341,14.649,0.074,14.723,920,7,1,0,1,0.086,0,50800.000,0.217
558,5590086,2590,16.204,0.092,16.296,967,7,1,0,1,0.051,0,-72133.336,-0.297
559,5600086,2369,14.703,0.056,14.759,1002,7,1,0,1,-1.000,0,52616.668,0.206
560,5610086,2504,15.685,0.074,15.759,938,7,1,0,1,-1.000,0,47333.336,0.180
561,5620086,2572,16.167,0.074,16.241,1016,7,1,0,1,-1.000,0,-95566.672,-0.345
562,5630086,2528,15.907,0.056,15.963,972,7,1,0,1,-1.000,0,53100.000,0.192
563,5640086,2677,16.945,2.759,19.704,1079,7,1,1,1,0.298,1,71600.000,0.252
564,5650086,2587,16.407,0.167,16.574,1043,7,1,0,1,0.179,0,29366.668,0.172
565,5660086,2832,18.037,0.759,18.796,1086,7,1,0,1,0.107,0,-100783.336,-0.327
566,5670086,2712,17.907,0.352,18.259,1133,7,1,0,1,0.064,0,-101550.000,-0.327
567,5680086,2872,18.389,0.204,18.593,1071,7,1,0,1,-1.000,0,37866.668,0.209
568,5690086,2913,18.574,0.093,18.667,1151,7,1,0,1,-1.000,0,-106900.000,-0.324
569,5700086,2911,18.722,0.111,18.833,1084,7,1,0,1,-1.000,0,-125000.000,-0.351
570,5710086,3007,19.240,0.074,19.314,1233,7,1,0,1,-1.000,0,38833.336,0.194
571,5720086,3082,19.926,0.074,20.000,1282,7,1,0,1,-1.000,0,41216.668,0.198
572,5730086,3205,20.685,0.056,20.741,1214,7,1,0,1,-1.000,0,46250.000,0.221
573,5740086,2856,18.593,0.074,18.667,1182,7,1,0,1,-1.000,0,42266.668,0.193
574,5750086,2978,19.556,0.055,19.611,1187,7,1,0,1,-1.000,0,40133.336,0.180
575,5760086,2965,19.463,0.260,19.723,1262,7,1,0,1,-1.000,0,37533.336,0.162
576,5770086,3012,19.925,0.056,19.981,1343,7,1,0,1,-1.000,0,33033.336,0.138
577,5780086,3291,21.574,0.055,21.629,1373,7,1,0,1,-1.000,0,30216.668,0.121
578,5790086,2952,19.611,0.056,19.667,1307,7,1,0,1,-1.000,0,27166.668,0.106
579,5800086,2852,18.944,0.074,19.018,1099,7,1,0,1,-1.000,0,22966.668,0.088
580,5810086,2829,19.074,0.074,19.148,1232,7,1,0,1,-1.000,0,26500.000,0.101
581,5820086,2891,19.389,0.111,19.500,1252,7,1,0,1,-1.000,0,24733.334,0.092
582,5830086,2991,20.148,0.223,20.371,1279,7,1,0,1,-1.000,0,22966.668,0.084
583,5840086,2831,18.945,0.055,19.000,1292,7,1,0,1,-1.000,0,22966.668,0.082
584,5850086,2903,19.241,0.074,19.315,1257,7,1,0,1,-1.000,0,26500.000,0.094
585,5860086,3006,19.907,0.056,19.963,1373,7,1,0,1,-1.000,0,30033.334,0.106
586,5870086,3217,21.278,0.074,21.352,1431,7,1,0,1,-1.000,0,30033.334,0.104
587,5880086,3288,21.593,0.111,21.704,1568,7,1,0,1,-1.000,0,31800.000,0.108
588,5890086,3263,21.666,0.093,21.759,1533,7,1,0,1,-1.000,0,35333.336,0.120
589,5900086,3305,22.056,0.074,22.130,1536,7,1,0,1,-1.000,0,33566.668,0.111
590,5910086,3241,21.834,0.074,21.908,1468,7,1,0,1,-1.000,0,33566.668,0.109
591,5920086,3435,23.241,0.074,23.315,1604,7,1,0,1,-1.000,0,33566.668,0.107
592,5930086,3511,23.278,0.185,23.463,1542,7,1,0,1,-1.000,0,37100.000,0.116
593,5940086,3388,22.870,0.056,22.926,1645,7,1,0,1,-1.000,0,31800.000,0.098
594,5950086,2919,20.074,0.074,20.148,1561,7,1,0,1,-1.000,0,28266.668,0.086
595,5960086,2713,18.870,0.074,18.944,1427,7,1,0,1,-1.000,0,7733.333,0.023
596,5970086,2531,17.741,0.074,17.815,1450,7,1,0,1,-1.000,0,15900.000,0.046
597,5980086,2201,15.945,0.092,16.037,1276,7,1,0,1,-1.000,0,10600.000,0.030
598,5990086,2181,15.389,0.111,15.500,1312,7,1,0,1,-1.000,0,-5000.000,-0.014
599,6000086,1636,12.277,0.056,12.333,1201,7,1,0,1,-1.000,0,1766.667,0.005
600,6010086,1672,12.407,0.075,12.482,1092,7,1,0,1,-1.000,0,-3383.333,-0.009
601,6020086,1337,10.055,0.056,10.111,1044,7,1,0,1,-1.000,0,10100.000,0.029
602,6030086,1253,9.241,0.074,9.315,982,7,1,0,1,-1.000,0,-6766.667,-0.019
603,6040086,1257,9.000,0.074,9.074,946,7,1,0,1,-1.000,0,-23633.334,-0.066
604,6050086,1040,7.407,0.111,7.518,909,7,1,0,1,-1.000,0,-23516.668,-0.067
605,6060086,1161,7.889,0.074,7.963,874,7,1,0,1,-1.000,0,-13533.334,-0.038
606,6070086,1091,7.371,0.074,7.445,1009,7,1,0,1,-1.000,0,-7216.667,-0.020
607,6080086,1264,8.296,0.334,8.630,977,7,1,0,1,-1.000,0,-21933.334,-0.062
608,6090086,1246,8.037,0.074,8.111,1144,7,1,0,1,-1.000,0,3383.333,0.010
609,6100086,1249,8.241,0.055,8.296,1048,7,1,0,1,-1.000,0,23633.334,0.071
610,6110086,1449,9.241,0.055,9.296,1177,7,1,0,1,-1.000,0,28516.668,0.087
611,6120086,1260,8.129,0.056,8.185,1117,7,1,0,1,-1.000,0,11766.667,0.034
612,6130086,1399,8.945,0.185,9.130,1166,7,1,0,1,-1.000,0,8833.334,0.025
613,6140086,1477,9.796,0.056,9.852,1349,7,1,0,1,-1.000,0,27066.668,0.082
614,6150086,1617,11.315,0.129,11.444,1238,7,1,0,1,-1.000,0,3383.333,0.010
615,6160086,1904,13.852,0.074,13.926,1376,7,1,0,1,-1.000,0,0.000,0.000
616,6170086,1827,13.852,0.055,13.907,1499,7,1,0,1,-1.000,0,1766.667,0.005
617,6180086,2243,16.630,18.426,35.056,1481,7,1,1,1,0.269,1,102466.672,0.287
618,6190086,2314,17.704,0.240,17.944,1734,7,1,0,1,0.161,0,0.000,0.000
619,6200086,2492,18.371,0.092,18.463,1585,7,1,0,1,0.097,0,0.000,0.000
620,6210086,2907,21.870,0.056,21.926,1908,7,1,0,1,0.058,0,63600.000,0.177
621,6220086,3641,27.962,0.093,28.055,1993,7,1,0,1,-1.000,0,-1766.667,-0.005
622,6230086,5418,39.777,0.130,39.907,2514,7,1,0,1,-1.000,0,-1766.667,-0.005
623,6240086,5291,39.444,0.130,39.574,2248,7,1,0,1,-1.000,0,-102466.672,-0.223
624,6250086,6457,48.519,0.129,48.648,2767,7,1,0,1,-1.000,0,0.000,0.000
625,6260086,10264,76.055,0.130,76.185,3856,7,1,0,1,-1.000,0,-5133.333,-0.014
626,6270086,13301,101.703,0.723,102.426,5094,7,1,0,1,-1.000,0,-109133.336,-0.258
627,6280086,14551,127.351,0.297,127.648,5032,7,1,0,1,-1.000,0,-33666.668,-0.094
628,6290086,14556,127.240,0.130,127.370,4990,7,1,0,1,-1.000,0,87633.336,0.246
629,6300086,13351,119.092,0.148,119.240,4535,7,1,0,1,-1.000,0,-8383.334,-0.023
630,6310086,12399,116.499,0.167,116.666,4394,7,1,0,0,-1.000,0,0.000,0.000
631,6320086,11095,102.703,0.185,102.888,3746,7,1,0,0,-1.000,0,-63600.000,-0.019
632,6330086,9625,85.555,0.092,85.647,3196,7,1,0,0,-1.000,0,-21200.000,-0.013
633,6340086,8161,73.481,0.093,73.574,3073,7,1,0,0,-1.000,0,-63600.000,-0.058
634,6350086,7794,70.907,0.074,70.981,2551,7,1,0,0,-1.000,0,-243800.000,-0.296
635,6360086,6932,52.500,0.074,52.574,2512,7,1,0,0,-1.000,0,-10600.000,-0.016
636,6370086,6005,44.500,0.074,44.574,2097,7,1,0,0,-1.000,0,-271183.344,-0.494
637,6380086,5452,45.073,0.093,45.166,1880,7,1,0,0,-1.000,0,-57166.668,-0.106
638,6390086,4948,40.667,0.074,40.741,1862,7,1,0,0,-1.000,0,-278866.688,-0.514
639,6400086,5128,43.037,0.093,43.130,1907,7,1,0,0,-1.000,0,-113033.336,-0.218
640,6410086,5683,45.129,0.111,45.240,2150,7,1,0,0,-1.000,0,66950.000,0.173
641,6420086,5351,41.630,0.074,41.704,1943,7,1,0,0,-1.000,0,-119850.000,-0.222
642,6430086,5727,46.593,19.574,66.167,2133,7,1,1,0,0.181,1,138250.000,0.497
643,6440086,5299,40.870,0.148,41.018,2081,7,1,0,0,0.108,0,-200.000,-0.000
644,6450086,5391,44.371,5.074,49.445,1960,7,1,1,0,0.112,1,270383.344,1.026
645,6460086,4875,40.074,0.352,40.426,1973,7,1,0,0,0.067,0,52900.000,0.131
646,6470086,4294,37.240,0.204,37.444,1725,7,1,0,0,-1.000,0,6150.000,0.014
647,6480086,3836,33.111,0.130,33.241,1592,7,1,0,1,-1.000,0,0.000,0.000
648,6490086,3274,29.259,0.074,29.333,1428,7,1,0,1,-1.000,0,0.000,0.000
649,6500086,3465,29.166,0.074,29.240,1369,7,1,0,1,-1.000,0,0.000,0.000
650,6510086,3157,27.426,13.555,40.981,1436,7,1,1,1,0.039,1,238666.672,3.321
651,6520086,3264,27.759,2.093,29.852,1269,7,1,1,1,0.053,1,61300.000,1.137
652,6530086,3208,26.963,0.092,27.055,1310,7,1,0,1,-1.000,0,560.000,0.013
653,6540086,2798,23.166,0.056,23.222,1100,7,1,0,1,-1.000,0,0.000,0.000
654,6550086,3060,24.037,0.092,24.129,1097,7,1,0,1,-1.000,0,466.667,0.013
655,6560086,2575,20.203,0.111,20.314,1088,7,1,0,1,-1.000,0,0.000,0.000
656,6570086,2629,19.426,0.351,19.777,872,7,1,0,1,-1.000,0,-119333.336,-0.769
657,6580086,2386,16.888,0.075,16.963,968,7,1,0,1,-1.000,0,-41333.336,-0.538
658,6590086,2127,14.685,0.093,14.778,810,7,1,0,1,-1.000,0,-466.667,-0.013
659,6600086,2397,16.000,0.055,16.055,956,7,1,0,1,-1.000,0,-466.667,-0.013
660,6610086,1991,13.500,0.074,13.574,844,7,1,0,1,-1.000,0,-466.667,-0.013
661,6620086,2293,15.074,0.056,15.130,789,7,1,0,1,-1.000,0,-1733.333,-0.048
662,6630086,2126,14.148,0.056,14.204,935,7,1,0,1,-1.000,0,0.000,0.000
663,6640086,2100,13.833,0.112,13.945,721,7,1,0,1,-1.000,0,466.667,0.013
664,6650086,2269,16.334,0.444,16.778,875,7,1,0,1,-1.000,0,-466.667,-0.013
665,6660086,1955,15.648,0.296,15.944,826,7,1,0,1,-1.000,0,466.667,0.013
666,6670086,2307,18.352,0.426,18.778,722,7,1,0,1,-1.000,0,-466.667,-0.013
667,6680086,1988,13.926,0.093,14.019,880,7,1,0,1,-1.000,0,1733.333,0.051
668,6690086,2039,15.074,0.056,15.130,657,7,1,0,1,-1.000,0,1283.333,0.036
669,6700086,2104,13.519,0.074,13.593,882,7,1,0,1,-1.000,0,0.000,0.000
670,6710086,1873,14.944,0.908,15.852,710,7,1,0,1,-1.000,0,2233.333,0.063
671,6720086,2203,14.648,0.056,14.704,669,7,1,0,1,-1.000,0,1283.333,0.036
672,6730086,1799,11.963,0.074,12.037,742,7,1,0,1,-1.000,0,1750.000,0.049
673,6740086,2087,14.370,0.056,14.426,650,7,1,0,1,-1.000,0,1283.333,0.036
674,6750086,1995,13.592,0.074,13.666,814,7,1,0,1,-1.000,0,0.000,0.000
675,6760086,1888,13.407,0.074,13.481,600,7,1,0,1,-1.000,0,1283.333,0.036
676,6770086,2175,22.296,0.815,23.111,761,7,1,0,1,-1.000,0,-1766.667,-0.047
677,6780086,1744,12.055,0.463,12.518,699,7,1,0,1,-1.000,0,-1283.333,-0.034
678,6790086,2105,20.760,0.481,21.241,615,7,1,0,1,-1.000,0,-1283.333,-0.034
679,6800086,1877,14.426,1.889,16.315,781,7,1,0,1,-1.000,0,-1283.333,-0.034
680,6810086,1890,15.426,0.482,15.908,582,7,1,0,1,-1.000,0,-1283.333,-0.034
681,6820086,2095,16.037,0.426,16.463,769,7,1,0,1,-1.000,0,-1283.333,-0.034
682,6830086,1691,13.648,0.426,14.074,686,7,1,0,1,-1.000,0,0.000,0.000
683,6840086,2100,15.185,0.852,16.037,656,7,1,0,1,-1.000,0,-833.333,-0.023
684,6850086,1786,12.925,0.334,13.259,745,7,1,0,1,-1.000,0,466.667,0.013
685,6860086,1931,14.944,0.074,15.018,552,7,1,0,1,-1.000,0,0.000,0.000
686,6870086,1960,17.092,1.185,18.277,750,7,1,0,1,-1.000,0,466.667,0.013
687,6880086,1702,11.852,0.555,12.407,576,7,1,0,1,-1.000,0,466.667,0.013
688,6890086,2112,18.055,3.852,21.907,630,7,1,0,1,-1.000,0,0.000,0.000
689,6900086,1698,13.574,0.315,13.889,696,7,1,0,1,-1.000,0,833.333,0.024
690,6910086,1981,12.260,0.351,12.611,549,7,1,0,1,-1.000,0,0.000,0.000
691,6920086,1856,13.277,0.093,13.370,723,7,1,0,1,-1.000,0,466.667,0.013
692,6930086,1748,12.722,0.074,12.796,534,7,1,0,1,-1.000,0,-1300.000,-0.036
693,6940086,2074,13.166,0.389,13.555,716,7,1,0,1,-1.000,0,-466.667,-0.013
694,6950086,1604,11.574,0.481,12.055,583,7,1,0,1,-1.000,0,0.000,0.000
695,6960086,1986,12.370,0.241,12.611,518,7,1,0,1,-1.000,0,-1283.333,-0.036
696,6970086,1801,11.000,0.055,11.055,715,7,1,0,1,-1.000,0,-466.667,-0.013
697,6980086,1760,10.723,0.185,10.908,497,7,1,0,1,-1.000,0,-466.667,-0.013
698,6990086,1994,12.093,0.074,12.167,706,7,1,0,1,-1.000,0,1300.000,0.037
699,7000086,1585,9.629,0.074,9.703,558,7,1,0,1,-1.000,0,0.000,0.000
700,7010086,2010,12.203,0.074,12.277,516,7,1,0,1,-1.000,0,-1283.333,-0.036
701,7020086,1704,10.389,0.056,10.445,662,7,1,0,1,-1.000,0,1283.333,0.037
702,7030086,1779,10.815,0.056,10.871,486,7,1,0,1,-1.000,0,-1283.333,-0.036
703,7040086,1906,11.537,0.074,11.611,710,7,1,0,1,-1.000,0,-1283.333,-0.036
704,7050086,1615,9.777,0.074,9.851,562,7,1,0,1,-1.000,0,-1750.000,-0.048
705,7060086,2032,12.352,0.056,12.408,652,7,1,0,1,-1.000,0,0.000,0.000
706,7070086,1615,9.815,0.074,9.889,605,7,1,0,1,-1.000,0,1283.333,0.037
707,7080086,1870,11.352,0.055,11.407,494,7,1,0,1,-1.000,0,0.000,0.000
708,7090086,1818,11.000,0.074,11.074,692,7,1,0,1,-1.000,0,1283.333,0.037
709,7100086,1635,16.666,0.167,16.833,499,7,1,0,1,-1.000,0,2566.667,0.074
710,7110086,2048,12.444,0.074,12.518,676,7,1,0,1,-1.000,0,2083.333,0.060
711,7120086,1546,9.537,0.074,9.611,653,7,1,0,1,-1.000,0,1283.333,0.036
712,7130086,1882,11.611,0.056,11.667,474,7,1,0,1,-1.000,0,0.000,0.000
713,7140086,1739,10.555,0.056,10.611,708,7,1,0,1,-1.000,0,-1283.333,-0.036
714,7150086,1704,10.388,0.056,10.444,480,7,1,0,1,-1.000,0,0.000,0.000
715,7160086,1978,12.055,0.056,12.111,652,7,1,0,1,-1.000,0,-483.333,-0.013
716,7170086,1542,9.407,0.055,9.462,576,7,1,0,1,-1.000,0,483.333,0.013
717,7180086,1930,11.908,0.055,11.963,477,7,1,0,1,-1.000,0,-1283.333,-0.034
718,7190086,1672,10.260,0.055,10.315,708,7,1,0,1,-1.000,0,0.000,0.000
719,7200086,1759,10.778,0.074,10.852,505,7,1,0,1,-1.000,0,2566.667,0.074
720,7210086,1941,11.963,0.315,12.278,717,7,1,0,1,-1.000,0,800.000,0.022
721,7220086,1578,9.926,0.056,9.982,569,7,1,0,1,-1.000,0,483.333,0.013
722,7230086,2003,12.444,0.167,12.611,585,7,1,0,1,-1.000,0,0.000,0.000
723,7240086,1579,9.889,0.426,10.315,656,7,1,0,1,-1.000,0,1283.333,0.036
724,7250086,1797,11.055,0.148,11.203,465,7,1,0,1,-1.000,0,1766.667,0.049
725,7260086,1817,11.185,0.056,11.241,694,7,1,0,1,-1.000,0,0.000,0.000
726,7270086,1586,9.796,0.074,9.870,508,7,1,0,1,-1.000,0,-333.333,-0.009
727,7280086,1982,12.166,0.389,12.555,636,7,1,0,1,-1.000,0,483.333,0.013
728,7290086,1505,9.278,0.074,9.352,661,7,1,0,1,-1.000,0,0.000,0.000
729,7300086,1852,11.370,0.074,11.444,478,7,1,0,1,-1.000,0,-816.667,-0.022
730,7310086,1743,10.704,0.056,10.760,713,7,1,0,1,-1.000,0,-1766.667,-0.047
731,7320086,1600,19.814,0.130,19.944,517,7,1,0,1,-1.000,0,0.000,0.000
732,7330086,1958,11.925,0.075,12.000,678,7,1,0,1,-1.000,0,816.667,0.022
733,7340086,1459,8.925,0.056,8.981,624,7,1,0,1,-1.000,0,-483.333,-0.013
734,7350086,1878,11.463,0.074,11.537,500,7,1,0,1,-1.000,0,-1283.333,-0.034
735,7360086,1663,10.167,0.055,10.222,694,7,1,0,1,-1.000,0,-466.667,-0.013
736,7370086,1641,10.037,0.055,10.092,456,7,1,0,1,-1.000,0,1283.333,0.036
737,7380086,1860,11.334,0.074,11.408,654,7,1,0,1,-1.000,0,0.000,0.000
738,7390086,1492,9.203,0.056,9.259,580,7,1,0,1,-1.000,0,-1283.333,-0.034
739,7400086,1870,11.388,0.056,11.444,546,7,1,0,1,-1.000,0,-1283.333,-0.034
740,7410086,1607,9.815,0.056,9.871,700,7,1,0,1,-1.000,0,0.000,0.000
741,7420086,1672,10.241,0.074,10.315,464,7,1,0,1,-1.000,0,0.000,0.000
742,7430086,1781,10.889,0.055,10.944,625,7,1,0,1,-1.000,0,0.000,0.000
743,7440086,1479,9.037,0.055,9.092,556,7,1,0,1,-1.000,0,-1283.333,-0.034
744,7450086,1892,11.574,0.334,11.908,632,7,1,0,1,-1.000,0,1283.333,0.036
745,7460086,1563,9.611,0.056,9.667,664,7,1,0,1,-1.000,0,1283.333,0.036
746,7470086,1722,10.593,0.074,10.667,470,7,1,0,1,-1.000,0,1766.667,0.049
747,7480086,1743,10.667,0.074,10.741,628,7,1,0,1,-1.000,0,466.667,0.013
748,7490086,1493,9.148,0.074,9.222,508,7,1,0,1,-1.000,0,-816.667,-0.022
749,7500086,1878,11.500,0.056,11.556,597,7,1,0,1,-1.000,0,466.667,0.013
750,7510086,1469,9.018,0.056,9.074,643,7,1,0,1,-1.000,0,0.000,0.000
751,7520086,1760,10.815,0.055,10.870,482,7,1,0,1,-1.000,0,-816.667,-0.022
752,7530086,1655,10.111,0.259,10.370,674,7,1,0,1,-1.000,0,-1300.000,-0.034
753,7540086,1480,9.055,0.056,9.111,480,7,1,0,1,-1.000,0,-1750.000,-0.048
754,7550086,1841,11.315,0.074,11.389,639,7,1,0,1,-1.000,0,0.000,0.000
755,7560086,1391,8.481,0.074,8.555,608,7,1,0,1,-1.000,0,-466.667,-0.013
756,7570086,1739,10.592,0.074,10.666,435,7,1,0,1,-1.000,0,-2566.667,-0.069
757,7580086,1595,10.352,0.093,10.445,688,7,1,0,1,-1.000,0,-1750.000,-0.048
758,7590086,1458,8.963,0.074,9.037,419,7,1,0,1,-1.000,0,-933.333,-0.026
759,7600086,1754,10.778,0.148,10.926,601,7,1,0,1,-1.000,0,1283.333,0.037
760,7610086,1410,8.686,0.166,8.852,537,7,1,0,1,-1.000,0,-933.333,-0.026
761,7620086,1820,11.093,0.055,11.148,512,7,1,0,1,-1.000,0,-1733.333,-0.048
762,7630086,1536,9.482,0.055,9.537,670,7,1,0,1,-1.000,0,-450.000,-0.013
763,7640086,1530,9.407,0.055,9.462,442,7,1,0,1,-1.000,0,1283.333,0.037
764,7650086,1732,10.741,0.056,10.797,622,7,1,0,1,-1.000,0,0.000,0.000
765,7660086,1416,8.741,0.074,8.815,564,7,1,0,1,-1.000,0,-466.667,-0.013
766,7670086,1817,11.092,0.056,11.148,575,7,1,0,1,-1.000,0,-1266.667,-0.036
767,7680086,1444,8.945,0.055,9.000,673,7,1,0,1,-1.000,0,1266.667,0.037
768,7690086,1603,10.000,0.074,10.074,415,7,1,0,1,-1.000,0,1733.333,0.051
769,7700086,1629,10.055,0.074,10.129,600,7,1,0,1,-1.000,0,0.000,0.000
770,7710086,1400,8.703,0.204,8.907,495,7,1,0,1,-1.000,0,466.667,0.013
771,7720086,1798,11.056,0.166,11.222,631,7,1,0,1,-1.000,0,-816.667,-0.023
772,7730086,1377,8.500,0.074,8.574,618,7,1,0,1,-1.000,0,1266.667,0.037
773,7740086,1628,9.982,0.055,10.037,400,7,1,0,1,-1.000,0,-816.667,-0.023
774,7750086,1540,9.445,0.074,9.519,582,7,1,0,1,-1.000,0,0.000,0.000
775,7760086,1416,8.815,0.055,8.870,481,7,1,0,1,-1.000,0,0.000,0.000
776,7770086,1744,10.704,0.074,10.778,622,7,1,0,1,-1.000,0,0.000,0.000
777,7780086,1366,8.445,0.055,8.500,601,7,1,0,1,-1.000,0,816.667,0.024
778,7790086,1712,10.629,0.056,10.685,501,7,1,0,1,-1.000,0,-816.667,-0.023
779,7800086,1541,9.611,0.074,9.685,682,7,1,0,1,-1.000,0,0.000,0.000
780,7810086,1433,9.000,0.056,9.056,487,7,1,0,1,-1.000,0,-1283.333,-0.036
781,7820086,1700,10.556,0.074,10.630,626,7,1,0,1,-1.000,0,-1283.333,-0.036
782,7830086,1416,8.908,0.074,8.982,616,7,1,0,1,-1.000,0,-1283.333,-0.036
783,7840086,1680,10.444,0.093,10.537,558,7,1,0,1,-1.000,0,-816.667,-0.023
784,7850086,1466,9.278,0.240,9.518,733,7,1,0,1,-1.000,0,0.000,0.000
785,7860086,1415,8.944,0.074,9.018,501,7,1,0,1,-1.000,0,0.000,0.000
786,7870086,1670,10.481,0.056,10.537,650,7,1,0,1,-1.000,0,-450.000,-0.013
787,7880086,1394,8.815,0.056,8.871,628,7,1,0,1,-1.000,0,-450.000,-0.013
788,7890086,1764,11.185,0.056,11.241,659,7,1,0,1,-1.000,0,-450.000,-0.013
789,7900086,1495,9.778,0.074,9.852,734,7,1,0,1,-1.000,0,-450.000,-0.013
790,7910086,1534,10.037,0.055,10.092,540,7,1,0,1,-1.000,0,-450.000,-0.013
791,7920086,1656,10.759,0.148,10.907,703,7,1,0,1,-1.000,0,-450.000,-0.013
792,7930086,1478,9.852,0.056,9.908,694,7,1,0,1,-1.000,0,0.000,0.000
793,7940086,1783,11.648,0.074,11.722,744,7,1,0,1,-1.000,0,0.000,0.000
794,7950086,1474,15.019,0.111,15.130,793,7,1,0,1,-1.000,0,0.000,0.000
795,7960086,1701,11.630,0.074,11.704,622,7,1,0,1,-1.000,0,0.000,0.000
796,7970086,1768,12.389,0.055,12.444,881,7,1,0,1,-1.000,0,0.000,0.000
797,7980086,1729,12.797,0.074,12.871,778,7,1,0,1,-1.000,0,0.000,0.000
798,7990086,2032,14.704,0.074,14.778,924,7,1,0,1,-1.000,0,450.000,0.013
799,8000086,1704,12.833,0.056,12.889,909,7,1,0,1,-1.000,0,0.000,0.000
800,8010086,1948,14.333,0.074,14.407,823,7,1,0,1,-1.000,0,450.000,0.013
801,8020086,1913,14.389,19.389,33.778,996,7,1,1,1,0.114,1,37950.000,1.110
802,8030086,1878,14.593,1.574,16.167,907,7,1,1,1,0.112,1,42266.668,1.236
803,8040086,2204,16.537,1.926,18.463,1007,7,1,1,1,0.113,1,37950.000,1.110
804,8050086,2002,14.889,1.314,16.203,976,7,1,1,1,0.110,1,46133.336,1.331
805,8060086,2143,15.018,1.334,16.352,923,7,1,1,1,0.108,1,45350.000,1.326
806,8070086,2175,15.315,1.407,16.722,1060,7,1,1,1,0.109,1,41550.000,1.199
807,8080086,2250,16.074,0.074,16.148,891,7,1,0,1,0.065,0,-1950.000,-0.027
808,8090086,2491,17.407,0.074,17.481,1150,7,1,0,1,-1.000,0,-18266.668,-0.239
809,8100086,2373,16.926,0.148,17.074,1144,7,1,0,1,-1.000,0,11100.000,0.154
810,8110086,2838,20.111,0.092,20.203,1199,7,1,0,1,-1.000,0,-1233.333,-0.015
811,8120086,2620,18.740,0.111,18.851,1263,7,1,0,1,-1.000,0,7400.000,0.093
812,8130086,2726,19.944,0.074,20.018,1114,7,1,0,1,-1.000,0,11366.667,0.149
813,8140086,3063,22.592,4.112,26.704,1298,7,1,1,1,0.286,1,18600.000,0.265
814,8150086,2561,19.370,1.408,20.778,1112,7,1,1,1,0.216,1,68216.672,1.172
815,8160086,3083,22.314,1.278,23.592,1217,7,1,1,1,0.193,1,51150.000,0.614
816,8170086,2611,19.019,2.222,21.241,1308,7,1,1,1,0.148,1,225550.000,2.835
817,8180086,2974,21.389,1.334,22.723,1229,7,1,1,1,0.125,1,170316.672,1.959
818,8190086,2978,22.351,1.482,23.833,1309,7,1,1,1,0.111,1,169700.000,1.938
819,8200086,3766,26.574,1.834,28.408,1331,7,1,1,1,0.103,1,181866.672,2.048
820,8210086,2572,18.908,1.481,20.389,1228,7,1,1,1,0.104,1,162383.344,1.285
821,8220086,2385,17.574,1.352,18.926,1097,7,1,1,1,0.103,1,201000.000,1.496
822,8230086,2645,18.611,0.148,18.759,1111,7,1,0,1,0.062,0,4316.667,0.014
823,8240086,2820,19.556,0.148,19.704,1166,7,1,0,1,-1.000,0,-86300.000,-0.335
824,8250086,2516,16.981,0.093,17.074,1114,7,1,0,1,-1.000,0,-77916.672,-0.303
825,8260086,2795,19.037,0.093,19.130,1189,7,1,0,1,-1.000,0,-99300.000,-0.367
826,8270086,2683,18.444,0.074,18.518,1131,7,1,0,1,-1.000,0,-73383.336,-0.254
827,8280086,2934,19.963,0.056,20.019,1188,7,1,0,1,-1.000,0,-87100.000,-0.260
828,8290086,3162,21.333,0.093,21.426,1358,7,1,0,1,-1.000,0,-73250.000,-0.237
829,8300086,3438,23.314,2.685,25.999,1375,7,1,1,1,0.180,1,85483.336,0.500
830,8310086,3157,21.426,1.334,22.760,1388,7,1,1,1,0.184,1,83350.000,0.465
831,8320086,3153,21.889,2.055,23.944,1302,7,1,1,1,0.165,1,131583.344,0.768
832,8330086,2868,20.259,1.259,21.518,1305,7,1,1,1,0.175,1,99583.336,0.462
833,8340086,2947,26.352,0.130,26.482,1321,7,1,0,1,0.105,0,50366.668,0.203
834,8350086,2944,21.370,2.129,23.499,1377,7,1,1,1,0.141,1,104133.336,0.441
835,8360086,3644,25.796,1.259,27.055,1543,7,1,1,1,0.163,1,114616.672,0.447
836,8370086,3280,24.130,0.093,24.223,1454,7,1,0,1,0.098,0,-37300.000,-0.142
837,8380086,3455,26.408,0.296,26.704,1507,7,1,0,1,0.059,0,-60450.000,-0.200
838,8390086,3337,25.944,0.204,26.148,1651,7,1,0,1,-1.000,0,-68366.672,-0.217
839,8400086,3542,27.388,0.074,27.462,1626,7,1,0,1,-1.000,0,-51316.668,-0.172
840,8410086,4034,30.981,0.074,31.055,1803,7,1,0,1,-1.000,0,-74216.672,-0.218
841,8420086,3896,29.000,0.074,29.074,1684,7,1,0,1,-1.000,0,-90166.672,-0.243
842,8430086,4225,30.759,19.815,50.574,1782,7,1,1,1,0.276,1,62566.668,0.278
843,8440086,4332,31.463,0.167,31.630,1952,7,1,0,1,0.166,0,50766.668,0.209
844,8450086,4553,33.648,0.167,33.815,1966,7,1,0,1,0.099,0,48400.000,0.196
845,8460086,4806,34.852,8.352,43.204,2098,7,1,1,1,0.120,1,164283.344,0.664
846,8470086,5189,37.166,0.260,37.426,2352,7,1,0,1,0.072,0,62516.668,0.235
847,8480086,6418,85.037,0.333,85.370,2798,7,1,0,2,-1.000,0,0.000,0.000
848,8490086,7322,49.500,17.111,66.611,3083,7,1,1,2,0.038,1,383900.000,0.364
849,8500086,8023,53.574,6.130,59.704,3177,7,1,1,2,0.039,1,477550.000,0.904
850,8510086,8774,57.277,3.815,61.092,3601,7,1,1,2,0.053,1,243000.000,0.690
851,8520086,9550,72.519,4.166,76.685,3691,7,1,1,2,0.070,1,190125.000,0.720
852,8530086,10929,70.778,10.462,81.240,4324,7,1,1,2,0.089,1,156300.000,0.740
853,8540086,11672,73.944,7.074,81.018,4339,7,1,1,2,0.109,1,132000.000,0.750
854,8550086,12089,76.481,5.463,81.944,4270,7,1,1,2,0.168,1,73266.672,0.305
855,8560086,10689,69.574,0.703,70.277,4125,7,1,0,2,0.101,0,-21933.334,-0.065
856,8570086,10571,67.518,18.982,86.500,3915,7,1,1,2,0.170,1,83833.336,0.282
857,8580086,11413,73.351,0.574,73.925,4171,7,1,0,2,0.102,0,12250.000,0.040
858,8590086,9447,60.740,0.186,60.926,3260,7,1,0,2,0.061,0,-4650.000,-0.015
859,8600086,6531,43.037,0.222,43.259,2433,7,1,0,2,-1.000,0,-10500.000,-0.034
860,8610086,3734,25.629,0.352,25.981,1724,7,1,0,2,-1.000,0,-48050.000,-0.153
861,8620086,2742,19.796,0.241,20.037,1418,7,1,0,1,-1.000,0,0.000,0.000
862,8630086,2492,18.352,0.463,18.815,1443,7,1,0,1,-1.000,0,-6000.000,-0.005
863,8640086,2332,18.277,1.037,19.314,1363,7,1,0,1,-1.000,0,56200.000,0.097
864,8650086,2487,18.944,0.259,19.203,1295,7,1,0,1,-1.000,0,12600.000,0.033
865,8660086,2188,16.630,0.167,16.797,1335,7,1,0,1,-1.000,0,27000.000,0.093
866,8670086,2274,17.704,0.074,17.778,1190,7,1,0,1,-1.000,0,11340.000,0.049
867,8680086,2255,18.277,37.741,56.018,1239,7,1,1,1,0.156,1,120400.000,0.623
868,8690086,2148,147.721,16.408,164.129,1101,7,1,1,1,0.201,1,55300.000,0.288
869,8700086,2406,20.371,0.907,21.278,1247,7,1,0,1,0.121,0,46016.668,0.217
870,8710086,2201,18.778,11.889,30.667,1274,7,1,1,1,0.175,1,61016.668,0.306
871,8720086,2192,18.000,8.074,26.074,1200,7,1,1,1,0.205,1,66233.336,0.314
872,8730086,2221,18.111,1.908,20.019,1261,7,1,1,1,0.178,1,155983.344,0.770
873,8740086,2068,17.537,0.389,17.926,1201,7,1,0,1,0.107,0,34883.336,0.111
874,8750086,2276,18.908,3.351,22.259,1244,7,1,1,1,0.142,1,111133.336,0.449
875,8760086,1998,17.241,0.092,17.333,1257,7,1,0,1,0.085,0,45050.000,0.175
876,8770086,2176,18.204,0.055,18.259,1090,7,1,0,1,0.051,0,60900.000,0.234
877,8780086,2071,17.908,0.240,18.148,1199,7,1,0,1,-1.000,0,43983.336,0.159
878,8790086,1949,16.518,0.074,16.592,1085,7,1,0,1,-1.000,0,-43983.336,-0.123
879,8800086,1975,15.945,0.074,16.019,1161,7,1,0,1,-1.000,0,6766.667,0.019
880,8810086,1749,14.444,0.074,14.518,1094,7,1,0,1,-1.000,0,-10150.000,-0.028
881,8820086,1933,15.518,0.167,15.685,967,7,1,0,1,-1.000,0,52250.000,0.172
882,8830086,1791,14.333,0.056,14.389,1066,7,1,0,1,-1.000,0,37216.668,0.116
883,8840086,1711,13.556,0.092,13.648,969,7,1,0,1,-1.000,0,35450.000,0.110
884,8850086,1810,13.648,0.074,13.722,1010,7,1,0,1,-1.000,0,23100.000,0.073
885,8860086,1667,12.592,0.074,12.666,995,7,1,0,1,-1.000,0,-150.000,-0.000
886,8870086,1808,13.278,0.074,13.352,877,7,1,0,1,-1.000,0,-54483.336,-0.156
887,8880086,1744,12.556,0.055,12.611,969,7,1,0,1,-1.000,0,-10750.000,-0.030
888,8890086,1627,11.870,0.055,11.925,831,7,1,0,1,-1.000,0,-64533.336,-0.180
889,8900086,1712,12.259,0.056,12.315,861,7,1,0,1,-1.000,0,-40116.668,-0.112
890,8910086,1644,12.092,0.056,12.148,829,7,1,0,1,-1.000,0,-9150.000,-0.027
891,8920086,1685,12.426,0.241,12.667,718,7,1,0,1,-1.000,0,-22600.000,-0.064
892,8930086,1536,11.037,0.074,11.111,881,7,1,0,1,-1.000,0,50750.000,0.173
893,8940086,1459,10.481,0.093,10.574,716,7,1,0,1,-1.000,0,14133.334,0.041
894,8950086,1449,10.352,0.407,10.759,758,7,1,0,1,-1.000,0,64533.336,0.219
895,8960086,1247,9.167,0.074,9.241,640,7,1,0,1,-1.000,0,8050.000,0.025
896,8970086,1386,9.852,0.074,9.926,644,7,1,0,1,-1.000,0,-20716.668,-0.063
897,8980086,1271,9.185,0.056,9.241,737,7,1,0,1,-1.000,0,-53066.668,-0.160
898,8990086,1436,10.222,0.074,10.296,681,7,1,0,1,-1.000,0,-70700.000,-0.205
899,9000086,1421,10.204,0.074,10.278,766,7,1,0,1,-1.000,0,-104883.336,-0.292
900,9010086,1360,9.908,0.074,9.982,686,7,1,0,1,-1.000,0,-121800.000,-0.340
901,9020086,1486,10.685,0.148,10.833,664,7,1,0,1,-1.000,0,-108266.672,-0.333
902,9030086,1206,8.649,0.055,8.704,636,7,1,0,1,-1.000,0,-110233.336,-0.358
903,9040086,1330,9.389,0.055,9.444,583,7,1,0,1,-1.000,0,-96733.336,-0.346
904,9050086,1158,8.166,0.093,8.259,543,7,1,0,1,-1.000,0,-104883.336,-0.383
905,9060086,1036,7.333,0.074,7.407,462,7,1,0,1,-1.000,0,-115033.336,-0.453
906,9070086,1094,7.723,0.074,7.797,534,7,1,0,1,-1.000,0,-98116.672,-0.414
907,9080086,899,6.370,0.074,6.444,421,7,1,0,1,-1.000,0,-108800.000,-0.502
908,9090086,1022,7.185,0.075,7.260,467,7,1,0,1,-1.000,0,-92766.672,-0.469
909,9100086,901,6.389,0.055,6.444,534,7,1,0,1,-1.000,0,-84583.336,-0.463
910,9110086,872,6.296,0.055,6.351,450,7,1,0,1,-1.000,0,-71050.000,-0.420
911,9120086,931,6.686,0.055,6.741,449,7,1,0,1,-1.000,0,-43983.336,-0.317
912,9130086,797,5.852,0.056,5.908,426,7,1,0,1,-1.000,0,-40600.000,-0.293
913,9140086,960,6.667,0.074,6.741,441,7,1,0,1,-1.000,0,-9616.667,-0.089
914,9150086,819,5.889,0.056,5.945,488,7,1,0,1,-1.000,0,-6766.667,-0.065
915,9160086,868,6.612,0.092,6.704,405,7,1,0,1,-1.000,0,0.000,0.000
916,9170086,867,6.500,0.056,6.556,443,7,1,0,1,-1.000,0,0.000,0.000
917,9180086,831,6.371,0.074,6.445,427,7,1,0,1,-1.000,0,3383.333,0.036
918,9190086,978,7.482,0.055,7.537,475,7,1,0,1,-1.000,0,0.000,0.000
919,9200086,907,7.759,0.074,7.833,528,7,1,0,1,-1.000,0,-966.667,-0.010
920,9210086,1011,8.703,0.074,8.777,491,7,1,0,1,-1.000,0,-1450.000,-0.015
921,9220086,1061,9.481,0.241,9.722,563,7,1,0,0,-1.000,0,0.000,0.000
922,9230086,968,8.389,0.092,8.481,514,7,1,0,0,-1.000,0,32500.000,0.029
923,9240086,1099,9.741,0.074,9.815,528,7,1,0,0,-1.000,0,500.000,0.001
924,9250086,913,7.815,0.074,7.889,521,7,1,0,0,-1.000,0,-10700.000,-0.028
925,9260086,1001,8.889,0.074,8.963,461,7,1,0,0,-1.000,0,-13075.000,-0.046
926,9270086,900,7.704,0.055,7.759,481,7,1,0,0,-1.000,0,-6180.000,-0.027
927,9280086,792,7.019,0.055,7.074,426,7,1,0,0,-1.000,0,-1833.333,-0.010
928,9290086,959,8.389,0.074,8.463,482,7,1,0,0,-1.000,0,-14400.000,-0.074
929,9300086,831,7.351,0.093,7.444,432,7,1,0,0,-1.000,0,-22933.334,-0.121
930,9310086,1013,8.722,0.074,8.796,460,7,1,0,0,-1.000,0,-7483.333,-0.041
931,9320086,991,8.037,0.074,8.111,499,7,1,0,0,-1.000,0,-15816.667,-0.088
932,9330086,990,7.981,0.074,8.055,475,7,1,0,0,-1.000,0,-20750.000,-0.113
933,9340086,1149,9.130,0.055,9.185,524,7,1,0,0,-1.000,0,-27533.334,-0.147
934,9350086,1205,8.500,0.055,8.555,613,7,1,0,0,-1.000,0,-28550.000,-0.159
935,9360086,1505,11.241,0.555,11.796,664,7,1,0,0,-1.000,0,-25416.668,-0.153
936,9370086,1592,10.185,0.056,10.241,747,7,1,0,0,-1.000,0,-5800.000,-0.033
937,9380086,1721,10.944,0.074,11.018,661,7,1,0,0,-1.000,0,3700.000,0.023
938,9390086,1984,12.037,0.074,12.111,765,7,1,0,0,-1.000,0,233.333,0.001
939,9400086,1983,11.463,0.056,11.519,765,7,1,0,0,-1.000,0,-6933.333,-0.043
940,9410086,2240,14.315,0.056,14.371,914,7,1,0,0,-1.000,0,-4850.000,-0.032
941,9420086,2215,12.648,0.185,12.833,982,7,1,0,0,-1.000,0,-6066.667,-0.043
942,9430086,2135,12.593,0.315,12.908,763,7,1,0,0,-1.000,0,-37633.336,-0.221
943,9440086,1996,11.852,0.056,11.908,772,7,1,0,0,-1.000,0,-43633.336,-0.260
944,9450086,1827,10.648,0.055,10.703,695,7,1,0,0,-1.000,0,-41666.668,-0.255
945,9460086,1977,12.500,0.055,12.555,846,7,1,0,0,-1.000,0,-45866.668,-0.301
946,9470086,1849,10.722,0.074,10.796,803,7,1,0,0,-1.000,0,-45066.668,-0.308
947,9480086,2043,13.019,24.129,37.148,749,7,1,1,0,0.099,1,208066.672,1.546
948,9490086,1771,10.982,0.074,11.056,766,7,1,0,0,0.059,0,-44016.668,-0.332
949,9500086,1559,10.278,20.278,30.556,613,7,1,1,0,0.075,1,193566.672,1.556
950,9510086,1314,9.407,8.593,18.000,581,7,1,1,0,0.086,1,171300.000,1.410
951,9520086,832,6.777,6.760,13.537,475,7,1,1,0,0.090,1,179683.344,1.685
952,9530086,757,6.759,4.204,10.963,372,7,1,1,0,0.093,1,166200.000,1.639
953,9540086,535,5.777,0.111,5.888,340,7,1,0,0,0.056,0,-90916.672,-0.265
954,9550086,555,5.445,6.203,11.648,312,7,1,1,0,0.069,1,174766.672,1.974
955,9560086,739,6.592,0.074,6.666,446,7,1,0,0,-1.000,0,-228933.344,-0.720
956,9570086,1263,9.000,0.092,9.092,604,7,1,0,0,-1.000,0,-89333.336,-0.305
957,9580086,1498,9.981,0.074,10.055,683,7,1,0,0,-1.000,0,-192083.344,-0.671
958,9590086,2195,16.333,0.870,17.203,837,7,1,0,0,-1.000,0,-169483.344,-0.633
959,9600086,1994,11.722,0.074,11.796,683,7,1,0,0,-1.000,0,-150150.000,-0.596
960,9610086,1986,12.333,0.389,12.722,832,7,1,0,0,-1.000,0,-18050.000,-0.069
961,9620086,2746,16.166,0.074,16.240,1553,7,1,0,0,-1.000,0,16300.000,0.183
962,9630086,5849,33.685,0.926,34.611,2318,7,1,0,0,-1.000,0,-79566.672,-0.391
963,9640086,6698,32.370,14.815,47.185,2070,7,1,1,0,0.084,1,235733.344,2.501
964,9650086,4782,46.518,3.148,49.666,1464,7,1,1,0,0.086,1,205500.000,2.095
965,9660086,3625,18.574,0.315,18.889,1237,7,1,0,0,0.052,0,25083.334,0.247
966,9670086,4055,20.223,0.111,20.334,1383,7,1,0,0,-1.000,0,-116066.672,-0.473
967,9680086,4148,21.389,0.426,21.815,1404,7,1,0,0,-1.000,0,25900.000,0.246
968,9690086,3362,16.852,0.111,16.963,1106,7,1,0,0,-1.000,0,28000.000,0.226
969,9700086,3515,18.666,0.204,18.870,1217,7,1,0,0,-1.000,0,-162166.672,-0.491
970,9710086,3324,21.593,0.074,21.667,1140,7,1,0,0,-1.000,0,-165650.000,-0.546
971,9720086,2883,22.796,0.074,22.870,1010,7,1,0,0,-1.000,0,600.000,0.005
972,9730086,2684,22.370,0.074,22.444,940,7,1,0,0,-1.000,0,4100.000,0.032
973,9740086,2282,18.704,0.074,18.778,834,7,1,0,0,-1.000,0,-2733.333,-0.021
974,9750086,2099,18.667,0.203,18.870,718,7,1,0,0,-1.000,0,-11133.334,-0.073
975,9760086,1984,17.852,0.056,17.908,727,7,1,0,0,-1.000,0,-30900.000,-0.184
976,9770086,1967,17.203,0.056,17.259,711,7,1,0,0,-1.000,0,-47950.000,-0.348
977,9780086,1920,16.741,0.055,16.796,715,7,1,0,0,-1.000,0,-53200.000,-0.418
978,9790086,1678,13.722,12.833,26.555,626,7,1,1,0,0.095,1,230633.344,1.730
979,9800086,1606,13.870,0.148,14.018,596,7,1,0,0,0.057,0,-29466.668,-0.229
980,9810086,1474,12.185,0.074,12.259,627,7,1,0,0,-1.000,0,-25266.668,-0.179
981,9820086,1390,11.445,0.074,11.519,562,7,1,0,0,-1.000,0,-63116.668,-0.461
982,9830086,1413,12.186,2.111,14.297,626,7,1,1,0,0.079,1,286133.344,3.179
983,9840086,1287,10.797,1.259,12.056,586,7,1,1,0,0.077,1,339333.344,4.581
984,9850086,1318,11.333,0.093,11.426,571,7,1,0,0,-1.000,0,23233.334,0.064
985,9860086,1217,10.630,1.462,12.092,600,7,1,1,0,0.084,1,248583.344,2.511
986,9870086,1225,11.111,1.352,12.463,585,7,1,1,0,0.085,1,249300.000,2.158
987,9880086,1247,11.370,1.204,12.574,645,7,1,1,0,0.082,1,259883.344,3.521
988,9890086,1176,10.833,0.074,10.907,614,7,1,0,0,-1.000,0,-33583.336,-0.089
989,9900086,1239,11.334,0.111,11.445,625,7,1,0,1,-1.000,0,0.000,0.000
990,9910086,1187,10.907,0.093,11.000,631,7,1,0,0,-1.000,0,-62166.668,-0.161
991,9920086,1230,11.129,0.074,11.203,604,7,1,0,1,-1.000,0,-115250.000,-0.389
992,9930086,1179,10.722,0.093,10.815,642,7,1,0,1,-1.000,0,19100.000,0.097
993,9940086,1110,9.944,0.056,10.000,601,7,1,0,1,-1.000,0,-55375.000,-0.374
994,9950086,1165,10.482,0.074,10.556,591,7,1,0,1,-1.000,0,16940.000,0.143
995,9960086,1113,9.908,0.666,10.574,552,7,1,0,1,-1.000,0,-33283.336,-0.337
996,9970086,1082,9.926,0.074,10.000,545,7,1,0,1,-1.000,0,5380.000,0.074
997,9980086,1058,9.537,0.074,9.611,541,7,1,0,1,-1.000,0,2733.333,0.045
998,9990086,898,8.130,0.093,8.223,502,7,1,0,1,-1.000,0,-48150.000,-0.445
999,10000086,899,7.852,0.092,7.944,467,7,1,0,1,-1.000,0,-566.667,-0.009
1000,10010086,726,6.556,0.092,6.648,391,7,1,0,1,-1.000,0,-53883.336,-0.478
1001,10020086,687,5.833,0.074,5.907,381,7,1,0,1,-1.000,0,-7066.667,-0.108
1002,10030086,611,5.111,0.130,5.241,407,7,1,0,1,-1.000,0,-4316.667,-0.067
1003,10040086,583,4.815,0.056,4.871,353,7,1,0,1,-1.000,0,13466.667,0.214
1004,10050086,569,4.519,0.111,4.630,311,7,1,0,1,-1.000,0,-2916.667,-0.049
1005,10060086,465,3.704,0.074,3.778,307,7,1,0,1,-1.000,0,-1033.333,-0.017
1006,10070086,419,3.222,0.056,3.278,279,7,1,0,1,-1.000,0,-5650.000,-0.096
1007,10080086,412,3.240,0.075,3.315,281,7,1,0,1,-1.000,0,-9250.000,-0.159
1008,10090086,353,2.722,0.074,2.796,253,7,1,0,1,-1.000,0,3566.667,0.059
1009,10100086,362,2.704,0.074,2.778,244,7,1,0,1,-1.000,0,-22216.668,-0.291
1010,10110086,278,2.241,0.074,2.315,231,7,1,0,1,-1.000,0,-2916.667,-0.051
1011,10120086,268,1.926,0.074,2.000,189,7,1,0,1,-1.000,0,-19666.668,-0.327
1012,10130086,263,1.926,0.056,1.982,225,7,1,0,1,-1.000,0,-7766.667,-0.146
1013,10140086,206,1.555,0.074,1.629,197,7,1,0,1,-1.000,0,-6616.667,-0.135
1014,10150086,230,1.611,0.056,1.667,184,7,1,0,1,-1.000,0,-9166.667,-0.143
1015,10160086,132,1.000,0.056,1.056,188,7,1,0,1,-1.000,0,-17166.668,-0.316
1016,10170086,161,1.166,0.056,1.222,166,7,1,0,1,-1.000,0,-10266.667,-0.189
1017,10180086,137,1.315,0.074,1.389,160,7,1,0,1,-1.000,0,4966.667,0.123
1018,10190086,124,1.130,0.407,1.537,133,7,1,0,1,-1.000,0,-3966.667,-0.087
1019,10200086,128,0.870,0.093,0.963,152,7,1,0,1,-1.000,0,6833.333,0.161
1020,10210086,94,0.630,0.055,0.685,146,7,1,0,1,-1.000,0,-15233.334,-0.278
1021,10220086,113,0.778,0.056,0.834,102,7,1,0,1,-1.000,0,-16083.334,-0.434
1022,10230086,77,0.777,0.056,0.833,130,7,1,0,1,-1.000,0,-24916.668,-0.567
1023,10240086,79,0.852,0.055,0.907,83,7,1,0,1,-1.000,0,-29150.000,-0.641
1024,10250086,75,1.111,0.463,1.574,108,7,1,0,1,-1.000,0,3266.667,0.079
1025,10260086,55,0.389,0.056,0.445,121,7,1,0,1,-1.000,0,-25900.000,-0.525
1026,10270086,63,0.426,0.074,0.500,95,7,1,0,1,-1.000,0,-18633.334,-0.471
1027,10280086,48,0.593,1.796,2.389,100,7,1,0,1,-1.000,0,500.000,0.024
1028,10290086,73,0.500,0.074,0.574,90,7,1,0,1,-1.000,0,1000.000,0.052
1029,10300086,41,0.315,23.222,23.537,84,7,1,1,1,0.117,1,17283.334,1.059
1030,10310086,14,0.037,0.259,0.296,106,0,0,0,1,-1.000,0,0.000,0.000
1031,10320086,26,0.037,0.093,0.130,105,0,0,0,1,-1.000,0,0.000,0.000
1032,10330086,64,1.148,0.426,1.574,93,1,1,0,1,-1.000,0,0.000,0.000
1033,10340086,51,0.704,0.092,0.796,99,2,1,0,1,-1.000,0,11200.000,0.048
1034,10350086,27,0.037,0.074,0.111,91,0,0,0,1,-1.000,0,0.000,0.000
1035,10360086,44,0.704,1.000,1.704,97,1,1,0,1,-1.000,0,0.000,0.000
1036,10370086,53,0.389,0.167,0.556,134,2,1,0,1,-1.000,0,-31300.000,-0.184
1037,10380086,57,1.167,0.055,1.222,100,3,1,0,1,-1.000,0,-12100.000,-0.142
1038,10390086,38,0.315,0.315,0.630,89,4,1,0,1,-1.000,0,-7333.333,-0.129
1039,10400086,36,0.296,0.648,0.944,101,5,1,0,1,-1.000,0,-9700.000,-0.228
1040,10410086,54,0.426,0.055,0.481,96,6,1,0,1,-1.000,0,-4000.000,-0.118
1041,10420086,30,0.037,0.352,0.389,109,0,0,0,1,-1.000,0,0.000,0.000
1042,10430086,37,0.297,0.055,0.352,90,1,1,0,1,-1.000,0,0.000,0.000
1043,10440086,32,0.037,0.074,0.111,92,0,0,0,1,-1.000,0,0.000,0.000
1044,10450086,29,0.037,0.056,0.093,103,0,0,0,1,-1.000,0,0.000,0.000
1045,10460086,40,0.334,0.074,0.408,89,1,1,0,1,-1.000,0,0.000,0.000
1046,10470086,35,0.277,0.056,0.333,89,2,1,0,1,-1.000,0,-1700.000,-0.038
1047,10480086,16,0.056,0.055,0.111,94,0,0,0,1,-1.000,0,0.000,0.000
1048,10490086,27,0.055,0.074,0.129,93,0,0,0,1,-1.000,0,0.000,0.000
1049,10500086,18,0.055,0.056,0.111,93,0,0,0,1,-1.000,0,0.000,0.000
1050,10510086,32,0.056,0.333,0.389,68,0,0,0,1,-1.000,0,0.000,0.000
1051,10520086,22,0.037,0.056,0.093,122,0,0,0,1,-1.000,0,0.000,0.000
1052,10530086,30,0.056,0.055,0.111,112,0,0,0,1,-1.000,0,0.000,0.000
1053,10540086,42,0.352,0.074,0.426,103,1,1,0,1,-1.000,0,0.000,0.000
1054,10550086,38,0.314,21.463,21.777,104,2,1,1,1,0.032,1,125700.000,0.459
1055,10560086,38,0.315,7.037,7.352,96,3,1,1,1,0.046,1,56850.000,0.415
1056,10570086,49,0.408,0.092,0.500,71,4,1,0,1,-1.000,0,12133.334,0.133
1057,10580086,16,0.056,0.055,0.111,74,0,0,0,1,-1.000,0,0.000,0.000
1058,10590086,36,0.296,0.074,0.370,95,1,1,0,1,-1.000,0,0.000,0.000
1059,10600086,23,0.037,0.055,0.092,77,0,0,0,1,-1.000,0,0.000,0.000
1060,10610086,32,0.037,0.055,0.092,85,0,0,0,1,-1.000,0,0.000,0.000
1061,10620086,12,0.037,0.056,0.093,101,0,0,0,1,-1.000,0,0.000,0.000
1062,10630086,31,0.056,0.037,0.093,90,0,0,0,1,-1.000,0,0.000,0.000
1063,10640086,36,0.370,0.056,0.426,87,1,1,0,1,-1.000,0,0.000,0.000
1064,10650086,23,0.037,0.055,0.092,97,0,0,0,1,-1.000,0,0.000,0.000
1065,10660086,24,0.037,0.167,0.204,70,0,0,0,1,-1.000,0,0.000,0.000
1066,10670086,17,0.037,0.055,0.092,76,0,0,0,1,-1.000,0,0.000,0.000
1067,10680086,24,0.037,0.056,0.093,76,0,0,0,1,-1.000,0,0.000,0.000
1068,10690086,22,0.056,0.055,0.111,75,0,0,0,1,-1.000,0,0.000,0.000
1069,10700086,23,0.037,0.056,0.093,79,0,0,0,1,-1.000,0,0.000,0.000
1070,10710086,24,0.055,0.370,0.425,80,0,0,0,1,-1.000,0,0.000,0.000
1071,10720086,32,0.037,0.055,0.092,106,0,0,0,1,-1.000,0,0.000,0.000
1072,10730086,39,0.815,0.370,1.185,82,1,1,0,1,-1.000,0,0.000,0.000
1073,10740086,33,0.056,0.055,0.111,93,0,0,0,1,-1.000,0,0.000,0.000
1074,10750086,49,0.444,0.074,0.518,99,1,1,0,1,-1.000,0,0.000,0.000
1075,10760086,51,0.481,0.093,0.574,128,2,1,0,1,-1.000,0,-179500.000,-0.636
1076,10770086,52,0.722,0.074,0.796,118,3,1,0,1,-1.000,0,-78650.000,-0.558
1077,10780086,58,0.814,0.056,0.870,103,4,1,0,1,-1.000,0,-50033.336,-0.532
1078,10790086,47,0.426,0.667,1.093,124,5,1,0,1,-1.000,0,-36525.000,-0.518
1079,10800086,78,0.648,0.056,0.704,133,6,1,0,1,-1.000,0,-29820.000,-0.529
1080,10810086,75,0.574,0.055,0.629,120,7,1,0,1,-1.000,0,-21350.000,-0.454
1081,10820086,54,0.500,15.778,16.278,136,7,1,1,1,0.211,1,6816.667,0.399
1082,10830086,77,0.630,0.111,0.741,162,7,1,0,1,0.126,0,3566.667,0.171
1083,10840086,104,0.852,0.074,0.926,131,7,1,0,1,0.076,0,2366.667,0.108
1084,10850086,85,0.686,0.074,0.760,161,7,1,0,1,-1.000,0,3733.333,0.165
1085,10860086,122,0.945,0.185,1.130,152,7,1,0,1,-1.000,0,2033.333,0.092
1086,10870086,104,0.778,7.259,8.037,178,7,1,1,1,0.079,1,81583.336,3.179
1087,10880086,127,1.000,3.648,4.648,153,7,1,1,1,0.079,1,74883.336,3.131
1088,10890086,128,0.963,2.907,3.870,173,7,1,1,1,0.078,1,86300.000,3.542
1089,10900086,124,1.018,2.037,3.055,164,7,1,1,1,0.078,1,84833.336,3.482
1090,10910086,135,1.056,1.444,2.500,199,7,1,1,1,0.079,1,79766.672,3.021
1091,10920086,135,1.074,1.259,2.333,204,7,1,1,1,0.079,1,75533.336,3.121
1092,10930086,117,0.945,0.092,1.037,191,7,1,0,1,-1.000,0,666.667,0.006
1093,10940086,116,0.907,0.093,1.000,169,7,1,0,1,-1.000,0,-70466.672,-0.713
1094,10950086,128,1.019,0.074,1.093,197,7,1,0,1,-1.000,0,1333.333,0.012
1095,10960086,146,1.167,0.074,1.241,214,7,1,0,1,-1.000,0,26783.334,0.245
1096,10970086,129,1.093,0.074,1.167,194,7,1,0,1,-1.000,0,-78666.672,-0.741
1097,10980086,150,1.167,0.055,1.222,179,7,1,0,1,-1.000,0,2083.333,0.021
1098,10990086,135,1.111,0.074,1.185,219,7,1,0,1,-1.000,0,17483.334,0.162
1099,11000086,152,1.426,0.056,1.482,173,7,1,0,1,-1.000,0,2866.667,0.101
1100,11010086,150,1.185,0.593,1.778,208,7,1,0,1,-1.000,0,-78850.000,-0.704
1101,11020086,142,1.148,0.685,1.833,209,7,1,0,1,-1.000,0,-58083.336,-0.427
1102,11030086,154,1.167,16.222,17.389,174,7,1,1,1,0.090,1,54400.000,1.978
1103,11040086,141,1.111,0.093,1.204,191,7,1,0,1,0.054,0,-66816.672,-0.656
1104,11050086,164,1.444,0.111,1.555,214,7,1,0,1,-1.000,0,-85800.000,-0.684
1105,11060086,152,1.166,0.075,1.241,190,7,1,0,1,-1.000,0,7500.000,0.240
1106,11070086,129,1.463,0.074,1.537,196,7,1,0,1,-1.000,0,5350.000,0.161
1107,11080086,141,1.092,0.074,1.166,173,7,1,0,1,-1.000,0,-36650.000,-0.470
1108,11090086,139,1.648,0.074,1.722,176,7,1,0,1,-1.000,0,-39900.000,-0.487
1109,11100086,167,1.389,2.463,3.852,189,7,1,1,1,0.293,1,9000.000,0.257
1110,11110086,206,1.574,0.685,2.259,200,7,1,0,1,0.176,0,7900.000,0.199
1111,11120086,174,1.370,0.111,1.481,214,7,1,0,1,0.106,0,7966.667,0.206
1112,11130086,231,1.852,0.074,1.926,214,7,1,0,1,0.063,0,8166.667,0.212
1113,11140086,231,1.852,0.056,1.908,196,7,1,0,1,-1.000,0,5300.000,0.128
1114,11150086,217,1.741,0.055,1.796,206,7,1,0,1,-1.000,0,6450.000,0.154
1115,11160086,196,1.444,0.074,1.518,208,7,1,0,1,-1.000,0,2400.000,0.055
1116,11170086,260,2.018,0.074,2.092,222,7,1,0,1,-1.000,0,3733.333,0.079
1117,11180086,270,2.018,0.371,2.389,250,7,1,0,1,-1.000,0,6500.000,0.139
1118,11190086,273,1.926,1.407,3.333,238,7,1,1,1,0.082,1,124750.000,2.673
1119,11200086,297,2.278,1.166,3.444,265,7,1,1,1,0.082,1,135450.000,2.910
1120,11210086,290,2.111,0.093,2.204,269,7,1,0,1,-1.000,0,4716.667,0.097
1121,11220086,270,2.093,0.056,2.149,255,7,1,0,1,-1.000,0,3866.667,0.083
1122,11230086,332,2.463,1.296,3.759,286,7,1,1,1,0.080,1,156600.000,3.057
1123,11240086,309,2.445,1.203,3.648,237,7,1,1,1,0.081,1,138833.344,2.611
1124,11250086,267,2.111,0.092,2.203,290,7,1,0,1,-1.000,0,21583.334,0.126
1125,11260086,270,2.222,0.074,2.296,267,7,1,0,1,-1.000,0,10000.000,0.055
1126,11270086,286,2.111,1.204,3.315,293,7,1,1,1,0.080,1,162300.000,3.053
1127,11280086,337,2.593,1.166,3.759,290,7,1,1,1,0.079,1,159866.672,3.180
1128,11290086,280,2.186,0.092,2.278,257,7,1,0,1,-1.000,0,5583.333,0.027
1129,11300086,298,2.315,0.055,2.370,258,7,1,0,1,-1.000,0,19250.000,0.100
1130,11310086,223,1.778,0.111,1.889,287,7,1,0,1,-1.000,0,-78550.000,-0.407
1131,11320086,245,2.037,0.074,2.111,255,7,1,0,1,-1.000,0,-124833.336,-0.650
1132,11330086,251,2.092,0.075,2.167,238,7,1,0,1,-1.000,0,-147266.672,-0.683
1133,11340086,230,1.945,0.074,2.019,244,7,1,0,1,-1.000,0,-142933.344,-0.680
1134,11350086,253,2.278,0.074,2.352,252,7,1,0,1,-1.000,0,-144083.344,-0.675
1135,11360086,275,2.222,0.074,2.296,256,7,1,0,1,-1.000,0,-91783.336,-0.434
1136,11370086,216,1.815,0.056,1.871,259,7,1,0,1,-1.000,0,-45116.668,-0.394
1137,11380086,265,2.203,5.982,8.185,277,7,1,1,1,0.132,1,56333.336,0.839
1138,11390086,251,2.204,0.093,2.297,226,7,1,0,1,0.079,0,3300.000,0.048
1139,11400086,264,2.389,0.074,2.463,293,7,1,0,1,-1.000,0,4100.000,0.061
1140,11410086,223,2.074,1.241,3.315,283,7,1,1,1,0.135,1,55466.668,0.800
1141,11420086,298,2.703,0.093,2.796,323,7,1,0,1,0.081,0,-43866.668,-0.367
1142,11430086,285,2.481,1.389,3.870,304,7,1,1,1,0.094,1,79416.672,1.145
1143,11440086,319,2.648,0.074,2.722,324,7,1,0,1,0.056,0,-46700.000,-0.378
1144,11450086,326,2.834,1.240,4.074,302,7,1,1,1,0.088,1,56600.000,0.792
1145,11460086,364,2.908,1.148,4.056,331,7,1,1,1,0.146,1,24700.000,0.346
1146,11470086,360,2.908,0.092,3.000,340,7,1,0,1,0.088,0,-18750.000,-0.150
1147,11480086,420,3.389,0.055,3.444,384,7,1,0,1,0.053,0,11500.000,0.152
1148,11490086,368,3.037,0.093,3.130,359,7,1,0,1,-1.000,0,-76216.672,-0.512
1149,11500086,449,3.555,0.167,3.722,378,7,1,0,1,-1.000,0,-966.667,-0.013
1150,11510086,435,3.333,0.093,3.426,422,7,1,0,1,-1.000,0,-54600.000,-0.426
1151,11520086,475,3.685,1.296,4.981,439,7,1,1,1,0.235,1,32983.336,0.344
1152,11530086,514,3.871,0.074,3.945,415,7,1,0,1,0.141,0,-1650.000,-0.016
1153,11540086,507,3.908,1.333,5.241,431,7,1,1,1,0.166,1,36650.000,0.421
1154,11550086,517,4.149,1.944,6.093,450,7,1,1,1,0.166,1,41216.668,0.568
1155,11560086,486,3.630,1.130,4.760,502,7,1,1,1,0.171,1,38383.336,0.506
1156,11570086,523,3.944,1.111,5.055,439,7,1,1,1,0.152,1,68700.000,0.935
1157,11580086,557,3.981,1.130,5.111,505,7,1,1,1,0.207,1,33683.336,0.261
1158,11590086,559,3.926,1.518,5.444,447,7,1,1,1,0.203,1,45450.000,0.435
1159,11600086,623,4.426,1.333,5.759,481,7,1,1,1,0.241,1,31183.334,0.252
1160,11610086,663,4.759,1.574,6.333,529,7,1,1,1,0.204,1,78316.672,0.688
1161,11620086,735,5.296,9.500,14.796,581,7,1,1,1,0.186,1,68483.336,0.600
1162,11630086,748,5.167,2.222,7.389,506,7,1,1,1,0.195,1,58050.000,0.408
1163,11640086,738,5.074,1.352,6.426,557,7,1,1,1,0.199,1,66833.336,0.411
1164,11650086,778,5.315,2.093,7.408,586,7,1,1,1,0.188,1,80150.000,0.535
1165,11660086,771,5.333,1.278,6.611,545,7,1,1,1,0.176,1,95733.336,0.618
1166,11670086,755,5.167,1.129,6.296,555,7,1,1,1,0.189,1,77916.672,0.406
1167,11680086,825,5.592,8.278,13.870,550,7,1,1,1,0.180,1,102750.000,0.562
1168,11690086,849,5.704,2.240,7.944,575,7,1,1,1,0.180,1,99383.336,0.496
1169,11700086,906,5.926,1.222,7.148,640,7,1,1,1,0.198,1,84233.336,0.367
1170,11710086,979,6.389,1.278,7.667,618,7,1,1,1,0.195,1,105666.672,0.459
1171,11720086,959,6.371,1.185,7.556,684,7,1,1,1,0.212,1,85000.000,0.339
1172,11730086,867,5.833,0.129,5.962,637,7,1,0,1,0.127,0,62150.000,0.230
1173,11740086,845,5.593,0.074,5.667,620,7,1,0,1,0.076,0,32550.000,0.114
1174,11750086,777,5.333,0.222,5.555,632,7,1,0,1,-1.000,0,41333.336,0.138
1175,11760086,843,5.814,0.056,5.870,611,7,1,0,1,-1.000,0,29000.000,0.092
1176,11770086,775,5.426,0.074,5.500,648,7,1,0,1,-1.000,0,24733.334,0.074
1177,11780086,702,4.963,0.055,5.018,642,7,1,0,1,-1.000,0,28266.668,0.084
1178,11790086,815,5.666,0.167,5.833,645,7,1,0,1,-1.000,0,35333.336,0.106
1179,11800086,907,6.259,0.055,6.314,661,7,1,0,1,-1.000,0,54766.668,0.172
1180,11810086,930,6.444,0.074,6.518,642,7,1,0,1,-1.000,0,31800.000,0.093
1181,11820086,899,6.166,0.167,6.333,697,7,1,0,1,-1.000,0,21200.000,0.062
1182,11830086,1033,7.092,0.056,7.148,764,7,1,0,1,-1.000,0,19433.334,0.054
1183,11840086,1130,7.759,0.055,7.814,787,7,1,0,1,-1.000,0,24733.334,0.068
1184,11850086,1373,9.074,0.074,9.148,917,7,1,0,1,-1.000,0,15783.334,0.043
1185,11860086,1625,10.759,0.056,10.815,1009,7,1,0,1,-1.000,0,22966.668,0.062
1186,11870086,1914,12.500,0.074,12.574,1224,7,1,0,1,-1.000,0,28266.668,0.076
1187,11880086,2440,15.630,0.056,15.686,1491,7,1,0,1,-1.000,0,44166.668,0.121
1188,11890086,2928,19.426,0.204,19.630,1845,7,1,0,1,-1.000,0,33566.668,0.088
1189,11900086,3660,22.926,0.074,23.000,2335,7,1,0,1,-1.000,0,31800.000,0.082
1190,11910086,4870,30.815,0.074,30.889,2978,7,1,0,1,-1.000,0,42516.668,0.111
1191,11920086,6811,44.630,0.111,44.741,4385,7,1,0,1,-1.000,0,60066.668,0.152
1192,11930086,7698,52.833,0.111,52.944,4941,7,1,0,1,-1.000,0,65366.668,0.163
1193,11940086,8815,72.704,7.333,80.037,5496,7,1,1,1,0.299,1,102466.672,0.251
1194,11950086,9282,79.055,0.333,79.388,5282,7,1,0,0,-1.000,0,0.000,0.000
1195,11960086,7840,66.278,0.148,66.426,4344,7,1,0,0,-1.000,0,10600.000,0.003
1196,11970086,7691,65.610,0.075,65.685,4044,7,1,0,0,-1.000,0,-10650.000,-0.006
1197,11980086,9617,69.445,0.092,69.537,5115,7,1,0,0,-1.000,0,-24733.334,-0.022
1198,11990086,13115,79.889,0.093,79.982,6614,7,1,0,0,-1.000,0,-28900.000,-0.034
1199,12000086,15608,91.240,0.315,91.555,6907,7,1,0,0,-1.000,0,-58380.000,-0.087
1200,12010086,18396,103.870,0.278,104.148,7721,7,1,0,0,-1.000,0,-1766.667,-0.003
1201,12020086,9801,64.222,0.129,64.351,4013,7,1,0,0,-1.000,0,0.000,0.000
1202,12030086,5809,48.833,0.277,49.110,3559,7,1,0,0,-1.000,0,5316.667,0.010
1203,12040086,10916,82.592,0.148,82.740,6078,7,1,0,1,0.179,0,0.000,0.000
1204,12050086,21289,181.388,0.519,181.907,7498,6,1,0,0,-1.000,0,6900.000,0.013
1205,12060086,13529,120.500,0.203,120.703,4939,6,1,0,1,0.108,0,-442750.000,-0.277
1206,12070086,12159,105.814,0.130,105.944,5214,6,1,0,1,0.065,0,-241466.672,-0.226
1207,12080086,19101,149.388,0.333,149.721,7808,6,1,0,1,-1.000,0,-198900.000,-0.249
1208,12090086,26050,212.869,0.223,213.092,9830,6,1,0,1,-1.000,0,-72080.000,-0.113
1209,12100086,26121,223.332,0.333,223.665,9291,5,1,0,0,-1.000,0,14840.000,0.023
1210,12110086,13688,137.777,0.759,138.536,4046,5,1,0,0,-1.000,0,14133.334,0.026
1211,12120086,5918,52.019,20.500,72.519,2628,5,1,1,1,0.288,1,101650.000,0.263
1212,12130086,6168,48.000,0.074,48.074,2671,5,1,0,0,-1.000,0,3533.333,0.003
1213,12140086,7020,34.185,0.166,34.351,2906,5,1,0,0,-1.000,0,-5300.000,-0.006
1214,12150086,8077,37.445,0.074,37.519,2944,5,1,0,0,-1.000,0,-8480.000,-0.013
1215,12160086,7195,32.888,0.574,33.462,2124,6,1,0,0,-1.000,0,0.000,0.000
1216,12170086,4291,19.796,0.352,20.148,1534,6,1,0,0,-1.000,0,-8833.334,-0.016
1217,12180086,3406,15.704,0.093,15.797,1380,6,1,0,0,-1.000,0,-8480.000,-0.013
1218,12190086,3252,14.963,0.055,15.018,1311,7,1,0,0,-1.000,0,-206500.000,-0.366
1219,12200086,2579,12.055,0.074,12.129,1066,7,1,0,0,-1.000,0,-319066.688,-0.572
1220,12210086,2157,9.982,0.055,10.037,925,7,1,0,0,-1.000,0,-365900.000,-0.660
1221,12220086,1667,7.908,0.074,7.982,798,7,1,0,0,-1.000,0,-302566.688,-0.539
1222,12230086,1509,7.074,0.130,7.204,712,7,1,0,0,-1.000,0,-372933.344,-0.672
1223,12240086,1233,5.796,0.074,5.870,574,7,1,0,0,-1.000,0,-167200.000,-0.300
1224,12250086,1156,5.537,0.056,5.593,535,7,1,0,0,-1.000,0,-176950.000,-0.496
1225,12260086,1050,4.926,10.777,15.703,534,7,1,1,0,0.125,1,222466.672,0.930
1226,12270086,944,4.593,0.092,4.685,448,7,1,0,0,0.075,0,-20500.000,-0.109
1227,12280086,879,4.204,0.074,4.278,489,7,1,0,0,-1.000,0,-82683.336,-0.319
1228,12290086,727,3.556,1.685,5.241,393,7,1,1,0,0.100,1,272700.000,1.500
1229,12300086,624,3.056,0.093,3.149,397,7,1,0,0,0.060,0,-232500.000,-0.597
1230,12310086,523,2.593,1.926,4.519,373,7,1,1,0,0.076,1,267416.688,1.485
1231,12320086,498,2.518,0.056,2.574,347,7,1,0,0,-1.000,0,-103966.672,-0.225
1232,12330086,414,2.056,1.315,3.371,351,7,1,1,0,0.098,1,268166.688,1.593
1233,12340086,388,2.129,1.241,3.370,311,7,1,1,0,0.105,1,185050.000,1.048
1234,12350086,324,1.870,0.056,1.926,288,7,1,0,0,0.063,0,-94500.000,-0.208
1235,12360086,245,1.370,1.444,2.814,287,7,1,1,0,0.080,1,207366.672,1.322
1236,12370086,194,1.130,0.055,1.185,226,7,1,0,0,-1.000,0,-156133.344,-0.349
1237,12380086,182,0.981,0.093,1.074,248,7,1,0,0,-1.000,0,7333.333,0.021
1238,12390086,176,1.426,0.056,1.482,262,7,1,0,0,-1.000,0,-106350.000,-0.244
1239,12400086,151,0.908,0.074,0.982,253,7,1,0,0,-1.000,0,-42666.668,-0.118
1240,12410086,137,0.888,0.074,0.962,216,7,1,0,0,-1.000,0,-38466.668,-0.107
1241,12420086,155,0.982,0.055,1.037,252,7,1,0,0,-1.000,0,-27816.668,-0.076
1242,12430086,132,0.815,0.056,0.871,292,7,1,0,0,-1.000,0,-82933.336,-0.285
1243,12440086,126,0.871,0.055,0.926,260,7,1,0,0,-1.000,0,-152366.672,-0.417
1244,12450086,122,0.834,0.074,0.908,265,7,1,0,0,-1.000,0,-112650.000,-0.341
1245,12460086,103,0.722,0.074,0.796,232,7,1,0,0,-1.000,0,-63733.336,-0.200
1246,12470086,116,0.796,0.056,0.852,239,7,1,0,0,-1.000,0,-155266.672,-0.483
1247,12480086,114,0.704,0.111,0.815,235,7,1,0,0,-1.000,0,9416.667,0.028
1248,12490086,130,0.926,0.093,1.019,257,7,1,0,0,-1.000,0,13666.667,0.066
1249,12500086,118,0.722,0.074,0.796,213,7,1,0,0,-1.000,0,18366.668,0.086
1250,12510086,140,0.925,0.075,1.000,217,7,1,0,0,-1.000,0,43200.000,0.199
1251,12520086,143,0.871,0.092,0.963,276,7,1,0,0,-1.000,0,60800.000,0.238
1252,12530086,154,0.926,1.630,2.556,277,7,1,1,0,0.217,1,63500.000,0.382
1253,12540086,177,1.111,0.092,1.203,288,7,1,0,0,0.130,0,-96916.672,-0.280
1254,12550086,187,1.019,1.278,2.297,275,7,1,1,0,0.192,1,59266.668,0.267
1255,12560086,197,1.222,0.074,1.296,289,7,1,0,0,0.115,0,13983.334,0.061
1256,12570086,251,1.408,1.166,2.574,292,7,1,1,0,0.174,1,77683.336,0.298
1257,12580086,291,1.463,0.074,1.537,334,7,1,0,0,0.104,0,27266.668,0.086
1258,12590086,272,1.389,1.204,2.593,313,7,1,1,0,0.151,1,85966.672,0.374
1259,12600086,275,1.333,0.056,1.389,303,7,1,0,0,0.090,0,48750.000,0.196
1260,12610086,353,1.963,0.055,2.018,339,7,1,0,0,0.054,0,54000.000,0.192
1261,12620086,314,1.630,1.240,2.870,391,7,1,1,0,0.116,1,98916.672,0.404
1262,12630086,317,1.629,0.093,1.722,296,7,1,0,0,0.070,0,-183.333,-0.001
1263,12640086,367,1.871,0.074,1.945,350,7,1,0,0,-1.000,0,-33700.000,-0.098
1264,12650086,387,1.833,0.093,1.926,321,7,1,0,0,-1.000,0,-52933.336,-0.168
1265,12660086,413,2.055,0.074,2.129,325,7,1,0,0,-1.000,0,-182400.000,-0.613
1266,12670086,376,1.852,0.056,1.908,334,7,1,0,0,-1.000,0,-215400.000,-0.642
1267,12680086,422,2.056,0.074,2.130,317,7,1,0,0,-1.000,0,-222033.344,-0.646
1268,12690086,471,2.315,0.055,2.370,277,7,1,0,0,-1.000,0,-222066.672,-0.657
1269,12700086,432,2.092,0.074,2.166,284,7,1,0,0,-1.000,0,-243066.672,-0.785
1270,12710086,374,1.851,0.075,1.926,267,7,1,0,0,-1.000,0,-186866.672,-0.711
1271,12720086,377,1.815,1.407,3.222,254,7,1,1,0,0.109,1,139950.000,1.215
1272,12730086,351,1.723,1.185,2.908,242,7,1,1,0,0.114,1,118700.000,0.989
1273,12740086,379,1.851,1.186,3.037,290,7,1,1,0,0.116,1,125566.672,1.030
1274,12750086,407,1.963,1.186,3.149,297,7,1,1,0,0.115,1,129533.336,1.115
1275,12760086,425,2.074,1.185,3.259,317,7,1,1,0,0.101,1,191900.000,2.886
1276,12770086,399,1.944,1.204,3.148,300,7,1,1,0,0.095,1,172566.672,2.273
1277,12780086,389,2.037,0.092,2.129,286,7,1,0,0,0.057,0,-10150.000,-0.040
1278,12790086,337,1.685,0.074,1.759,284,7,1,0,0,-1.000,0,-42616.668,-0.179
1279,12800086,227,1.130,0.277,1.407,238,7,1,0,0,-1.000,0,-45733.336,-0.185
1280,12810086,186,1.000,0.056,1.056,275,7,1,0,0,-1.000,0,-58066.668,-0.236
1281,12820086,261,1.296,0.056,1.352,264,7,1,0,0,-1.000,0,-71433.336,-0.276
1282,12830086,207,1.055,0.074,1.129,265,7,1,0,0,-1.000,0,2300.000,0.009
1283,12840086,297,1.444,0.093,1.537,355,7,1,0,0,-1.000,0,5800.000,0.024
1284,12850086,353,1.686,4.092,5.778,396,7,1,1,0,0.214,1,76316.672,0.389
1285,12860086,387,1.851,0.093,1.944,381,7,1,0,0,0.128,0,49133.336,0.244
1286,12870086,314,1.482,0.166,1.648,347,7,1,0,0,0.077,0,44733.336,0.238
1287,12880086,317,1.556,0.111,1.667,335,7,1,0,0,-1.000,0,31866.668,0.170
1288,12890086,339,1.722,0.315,2.037,327,7,1,0,0,-1.000,0,-65800.000,-0.262
1289,12900086,387,2.241,0.240,2.481,337,7,1,0,0,-1.000,0,-31066.668,-0.124
1290,12910086,350,2.167,0.093,2.260,365,7,1,0,0,-1.000,0,-82933.336,-0.304
1291,12920086,307,1.815,0.055,1.870,338,7,1,0,0,-1.000,0,-94066.672,-0.375
1292,12930086,316,1.852,0.055,1.907,297,7,1,0,0,-1.000,0,-79266.672,-0.341
1293,12940086,346,1.667,0.352,2.019,298,7,1,0,0,-1.000,0,-76033.336,-0.347
1294,12950086,341,1.630,0.074,1.704,313,7,1,0,0,-1.000,0,-58350.000,-0.315
1295,12960086,386,2.371,0.055,2.426,304,7,1,0,0,-1.000,0,-87433.336,-0.398
1296,12970086,353,2.555,0.056,2.611,323,7,1,0,0,-1.000,0,-68050.000,-0.359
1297,12980086,332,1.648,0.537,2.185,307,7,1,0,0,-1.000,0,-32866.668,-0.210
1298,12990086,334,1.667,0.407,2.074,307,7,1,0,0,-1.000,0,-59966.668,-0.392
1299,13000086,373,1.852,0.056,1.908,280,7,1,0,0,-1.000,0,-64150.000,-0.449
1300,13010086,334,1.889,0.055,1.944,272,7,1,0,0,-1.000,0,-39316.668,-0.310
1301,13020086,323,1.685,0.241,1.926,304,7,1,0,0,-1.000,0,-60300.000,-0.456
1302,13030086,362,2.037,0.500,2.537,242,7,1,0,0,-1.000,0,-59650.000,-0.491
1303,13040086,359,1.667,0.056,1.723,230,7,1,0,0,-1.000,0,-66066.672,-0.533
1304,13050086,295,1.426,0.611,2.037,232,7,1,0,0,-1.000,0,-44566.668,-0.479
1305,13060086,261,1.241,0.056,1.297,212,7,1,0,0,-1.000,0,-34650.000,-0.441
1306,13070086,237,1.167,0.055,1.222,174,7,1,0,0,-1.000,0,-55833.336,-0.639
1307,13080086,187,1.130,0.055,1.185,143,7,1,0,0,-1.000,0,-38400.000,-0.533
1308,13090086,162,0.796,0.074,0.870,130,7,1,0,0,-1.000,0,-53316.668,-0.863
1309,13100086,126,0.981,0.074,1.055,98,7,1,0,0,-1.000,0,-52616.668,-0.909
1310,13110086,93,0.500,0.055,0.555,69,7,1,0,0,-1.000,0,-45150.000,-0.930
1311,13120086,30,0.056,0.704,0.760,69,0,0,0,1,-1.000,0,0.000,0.000
1312,13130086,3,0.055,0.074,0.129,70,0,0,0,1,-1.000,0,0.000,0.000
1313,13140086,3,0.056,0.074,0.130,59,0,0,0,1,-1.000,0,0.000,0.000
1314,13150086,1,0.037,0.056,0.093,56,0,0,0,1,-1.000,0,0.000,0.000
1315,13160086,0,0.055,0.056,0.111,56,0,0,0,1,-1.000,0,0.000,0.000
1316,13170086,2,0.037,0.056,0.093,58,0,0,0,1,-1.000,0,0.000,0.000
1317,13180086,0,0.037,0.074,0.111,58,0,0,0,1,-1.000,0,0.000,0.000
1318,13190086,0,0.037,0.056,0.093,58,0,0,0,1,-1.000,0,0.000,0.000
1319,13200086,0,0.037,0.055,0.092,58,0,0,0,1,-1.000,0,0.000,0.000
1320,13210086,0,0.037,0.056,0.093,58,0,0,0,1,-1.000,0,0.000,0.000
1321,13220086,2,0.055,0.037,0.092,70,0,0,0,1,-1.000,0,0.000,0.000
1322,13230086,0,0.038,0.055,0.093,70,0,0,0,1,-1.000,0,0.000,0.000
1323,13240086,0,0.037,0.056,0.093,70,0,0,0,1,-1.000,0,0.000,0.000
1324,13250086,0,0.037,0.055,0.092,70,0,0,0,1,-1.000,0,0.000,0.000
1325,13260086,0,0.037,0.056,0.093,70,0,0,0,1,-1.000,0,0.000,0.000
1326,13270086,1,0.037,0.056,0.093,52,0,0,0,1,-1.000,0,0.000,0.000
1327,13280086,0,0.037,0.055,0.092,52,0,0,0,1,-1.000,0,0.000,0.000
1328,13290086,2,0.037,0.056,0.093,35,0,0,0,1,-1.000,0,0.000,0.000
1329,13300086,5,0.037,0.055,0.092,53,0,0,0,1,-1.000,0,0.000,0.000
1330,13310086,2,0.056,0.037,0.093,59,0,0,0,1,-1.000,0,0.000,0.000
1331,13320086,0,0.037,0.056,0.093,59,0,0,0,1,-1.000,0,0.000,0.000
1332,13330086,3,0.055,0.037,0.092,62,0,0,0,1,-1.000,0,0.000,0.000
1333,13340086,2,0.037,0.055,0.092,62,0,0,0,1,-1.000,0,0.000,0.000
1334,13350086,15,0.037,0.056,0.093,60,0,0,0,1,-1.000,0,0.000,0.000
1335,13360086,25,0.037,0.056,0.093,60,0,0,0,1,-1.000,0,0.000,0.000
1336,13370086,28,0.055,0.037,0.092,64,0,0,0,1,-1.000,0,0.000,0.000
1337,13380086,35,0.463,0.074,0.537,57,1,1,0,0,-1.000,0,0.000,0.000
1338,13390086,37,0.555,0.074,0.629,64,2,1,0,0,-1.000,0,-2000.000,-0.250
1339,13400086,30,0.056,0.037,0.093,68,0,0,0,1,-1.000,0,0.000,0.000
1340,13410086,8,0.055,0.037,0.092,59,0,0,0,1,-1.000,0,0.000,0.000
1341,13420086,10,0.037,0.056,0.093,59,0,0,0,1,-1.000,0,0.000,0.000
1342,13430086,10,0.055,0.056,0.111,39,0,0,0,1,-1.000,0,0.000,0.000
1343,13440086,4,0.056,0.055,0.111,47,0,0,0,1,-1.000,0,0.000,0.000
1344,13450086,5,0.037,0.056,0.093,58,0,0,0,1,-1.000,0,0.000,0.000
1345,13460086,5,0.055,0.056,0.111,50,0,0,0,1,-1.000,0,0.000,0.000
1346,13470086,3,0.037,0.055,0.092,65,0,0,0,1,-1.000,0,0.000,0.000
1347,13480086,9,0.037,0.055,0.092,65,0,0,0,1,-1.000,0,0.000,0.000
1348,13490086,8,0.056,0.037,0.093,92,0,0,0,1,-1.000,0,0.000,0.000
1349,13500086,13,0.056,0.055,0.111,49,0,0,0,1,-1.000,0,0.000,0.000
1350,13510086,13,0.037,0.056,0.093,58,0,0,0,1,-1.000,0,0.000,0.000
1351,13520086,8,0.037,0.056,0.093,58,0,0,0,1,-1.000,0,0.000,0.000
1352,13530086,15,0.037,0.055,0.092,71,0,0,0,1,-1.000,0,0.000,0.000
1353,13540086,17,0.037,0.055,0.092,51,0,0,0,1,-1.000,0,0.000,0.000
1354,13550086,18,0.055,0.056,0.111,60,0,0,0,1,-1.000,0,0.000,0.000
1355,13560086,12,0.037,0.426,0.463,71,0,0,0,1,-1.000,0,0.000,0.000
1356,13570086,19,0.056,0.037,0.093,71,0,0,0,1,-1.000,0,0.000,0.000
1357,13580086,8,0.037,0.056,0.093,55,0,0,0,1,-1.000,0,0.000,0.000
1358,13590086,10,0.037,0.056,0.093,51,0,0,0,1,-1.000,0,0.000,0.000
1359,13600086,12,0.037,0.056,0.093,63,0,0,0,1,-1.000,0,0.000,0.000
1360,13610086,13,0.056,0.037,0.093,59,0,0,0,1,-1.000,0,0.000,0.000
1361,13620086,8,0.037,0.056,0.093,66,0,0,0,1,-1.000,0,0.000,0.000
1362,13630086,5,0.037,0.055,0.092,66,0,0,0,1,-1.000,0,0.000,0.000
1363,13640086,15,0.037,0.056,0.093,59,0,0,0,1,-1.000,0,0.000,0.000
1364,13650086,9,0.037,0.056,0.093,71,0,0,0,1,-1.000,0,0.000,0.000
1365,13660086,19,0.037,0.056,0.093,69,0,0,0,1,-1.000,0,0.000,0.000
1366,13670086,14,0.055,0.037,0.092,69,0,0,0,1,-1.000,0,0.000,0.000
1367,13680086,16,0.055,0.056,0.111,61,0,0,0,1,-1.000,0,0.000,0.000
1368,13690086,34,0.037,0.444,0.481,89,0,0,0,1,-1.000,0,0.000,0.000
1369,13700086,35,0.574,0.074,0.648,76,1,1,0,0,-1.000,0,0.000,0.000
1370,13710086,16,0.037,0.055,0.092,92,0,0,0,1,-1.000,0,0.000,0.000
1371,13720086,24,0.037,0.055,0.092,88,0,0,0,1,-1.000,0,0.000,0.000
1372,13730086,44,0.408,0.074,0.482,86,1,1,0,0,-1.000,0,0.000,0.000
1373,13740086,24,0.037,0.056,0.093,86,0,0,0,1,-1.000,0,0.000,0.000
1374,13750086,32,0.037,0.055,0.092,84,0,0,0,1,-1.000,0,0.000,0.000
1375,13760086,19,0.056,0.037,0.093,43,0,0,0,1,-1.000,0,0.000,0.000
1376,13770086,13,0.056,0.037,0.093,60,0,0,0,1,-1.000,0,0.000,0.000
1377,13780086,28,0.037,0.055,0.092,64,0,0,0,1,-1.000,0,0.000,0.000
1378,13790086,26,0.055,0.056,0.111,73,0,0,0,1,-1.000,0,0.000,0.000
1379,13800086,12,0.037,0.056,0.093,62,0,0,0,1,-1.000,0,0.000,0.000
1380,13810086,23,0.055,0.037,0.092,62,0,0,0,1,-1.000,0,0.000,0.000
1381,13820086,30,0.055,0.056,0.111,55,0,0,0,1,-1.000,0,0.000,0.000
1382,13830086,26,0.037,0.055,0.092,74,0,0,0,1,-1.000,0,0.000,0.000
1383,13840086,32,0.055,0.056,0.111,76,0,0,0,1,-1.000,0,0.000,0.000
1384,13850086,34,0.037,0.055,0.092,70,0,0,0,1,-1.000,0,0.000,0.000
1385,13860086,8,0.037,0.056,0.093,70,0,0,0,1,-1.000,0,0.000,0.000
1386,13870086,21,0.055,0.056,0.111,67,0,0,0,1,-1.000,0,0.000,0.000
1387,13880086,14,0.037,0.055,0.092,52,0,0,0,1,-1.000,0,0.000,0.000
1388,13890086,17,0.056,0.055,0.111,60,0,0,0,1,-1.000,0,0.000,0.000
1389,13900086,23,0.037,0.056,0.093,59,0,0,0,1,-1.000,0,0.000,0.000
1390,13910086,18,0.037,0.056,0.093,52,0,0,0,1,-1.000,0,0.000,0.000
1391,13920086,12,0.056,0.055,0.111,52,0,0,0,1,-1.000,0,0.000,0.000
1392,13930086,21,0.037,0.055,0.092,88,0,0,0,1,-1.000,0,0.000,0.000
1393,13940086,23,0.037,0.055,0.092,81,0,0,0,1,-1.000,0,0.000,0.000
1394,13950086,27,0.037,0.055,0.092,77,0,0,0,1,-1.000,0,0.000,0.000
1395,13960086,26,0.037,0.055,0.092,87,0,0,0,1,-1.000,0,0.000,0.000
1396,13970086,26,0.056,0.037,0.093,87,0,0,0,1,-1.000,0,0.000,0.000
1397,13980086,11,0.037,0.056,0.093,49,0,0,0,1,-1.000,0,0.000,0.000
1398,13990086,20,0.037,0.056,0.093,59,0,0,0,1,-1.000,0,0.000,0.000
1399,14000086,15,0.037,0.055,0.092,63,0,0,0,1,-1.000,0,0.000,0.000
1400,14010086,12,0.056,0.518,0.574,65,0,0,0,1,-1.000,0,0.000,0.000
1401,14020086,16,0.037,0.055,0.092,64,0,0,0,1,-1.000,0,0.000,0.000
1402,14030086,13,0.055,0.056,0.111,63,0,0,0,1,-1.000,0,0.000,0.000
1403,14040086,19,0.037,0.056,0.093,72,0,0,0,1,-1.000,0,0.000,0.000
1404,14050086,17,0.037,0.075,0.112,72,0,0,0,1,-1.000,0,0.000,0.000
1405,14060086,23,0.037,0.056,0.093,65,0,0,0,1,-1.000,0,0.000,0.000
1406,14070086,21,0.037,0.055,0.092,68,0,0,0,1,-1.000,0,0.000,0.000
1407,14080086,19,0.037,0.056,0.093,66,0,0,0,1,-1.000,0,0.000,0.000
1408,14090086,16,0.037,0.055,0.092,66,0,0,0,1,-1.000,0,0.000,0.000
1409,14100086,20,0.037,0.055,0.092,66,0,0,0,1,-1.000,0,0.000,0.000
1410,14110086,31,0.056,0.037,0.093,80,0,0,0,1,-1.000,0,0.000,0.000
1411,14120086,21,0.055,0.037,0.092,69,0,0,0,1,-1.000,0,0.000,0.000
1412,14130086,27,0.037,0.056,0.093,79,0,0,0,1,-1.000,0,0.000,0.000
1413,14140086,31,0.055,0.037,0.092,80,0,0,0,1,-1.000,0,0.000,0.000
1414,14150086,23,0.055,0.056,0.111,87,0,0,0,1,-1.000,0,0.000,0.000
1415,14160086,14,0.037,0.055,0.092,63,0,0,0,1,-1.000,0,0.000,0.000
1416,14170086,18,0.037,0.055,0.092,63,0,0,0,1,-1.000,0,0.000,0.000
1417,14180086,28,0.056,0.055,0.111,74,0,0,0,1,-1.000,0,0.000,0.000
1418,14190086,24,0.056,0.037,0.093,69,0,0,0,1,-1.000,0,0.000,0.000
1419,14200086,22,0.056,0.037,0.093,100,0,0,0,1,-1.000,0,0.000,0.000
1420,14210086,19,0.037,0.056,0.093,67,0,0,0,1,-1.000,0,0.000,0.000
1421,14220086,31,0.056,0.055,0.111,76,0,0,0,1,-1.000,0,0.000,0.000
1422,14230086,22,0.056,0.037,0.093,93,0,0,0,1,-1.000,0,0.000,0.000
1423,14240086,38,0.407,0.056,0.463,93,1,1,0,0,-1.000,0,0.000,0.000
1424,14250086,35,0.296,0.852,1.148,100,2,1,0,0,-1.000,0,-3000.000,-0.048
1425,14260086,27,0.055,0.056,0.111,96,0,0,0,1,-1.000,0,0.000,0.000
1426,14270086,31,0.056,0.037,0.093,72,0,0,0,1,-1.000,0,0.000,0.000
1427,14280086,25,0.037,0.056,0.093,66,0,0,0,1,-1.000,0,0.000,0.000
1428,14290086,24,0.056,0.352,0.408,89,0,0,0,1,-1.000,0,0.000,0.000
1429,14300086,33,0.055,0.037,0.092,87,0,0,0,1,-1.000,0,0.000,0.000
1430,14310086,28,0.037,0.056,0.093,92,0,0,0,1,-1.000,0,0.000,0.000
1431,14320086,29,0.037,0.056,0.093,69,0,0,0,1,-1.000,0,0.000,0.000
1432,14330086,10,0.037,0.055,0.092,69,0,0,0,1,-1.000,0,0.000,0.000
1433,14340086,42,0.408,0.055,0.463,93,1,1,0,0,-1.000,0,0.000,0.000
1434,14350086,51,1.204,0.426,1.630,98,1,1,0,1,-1.000,0,0.000,0.000
1435,14360086,38,0.407,14.537,14.944,87,2,1,1,1,0.013,1,27200.000,3.091
1436,14370086,63,0.666,1.574,2.240,75,3,1,1,1,0.018,1,13850.000,3.148
1437,14380086,58,0.537,0.074,0.611,114,3,1,0,0,-1.000,0,150.000,0.008
1438,14390086,81,0.870,1.167,2.037,102,4,1,1,1,0.030,1,10400.000,4.727
1439,14400086,73,0.797,1.129,1.926,98,5,1,1,1,0.043,1,8320.000,4.727
1440,14410086,99,0.778,1.092,1.870,101,6,1,1,1,0.055,1,7050.000,4.807
1441,14420086,80,0.611,1.148,1.759,94,6,1,1,1,0.117,1,2400.000,0.400
1442,14430086,89,0.759,0.056,0.815,119,6,1,0,1,0.070,0,0.000,0.000
1443,14440086,95,0.741,0.074,0.815,124,6,1,0,1,-1.000,0,-1560.000,-0.155
1444,14450086,70,0.556,0.074,0.630,78,7,1,0,1,-1.000,0,266.667,0.032
1445,14460086,125,0.852,0.074,0.926,94,7,1,0,1,-1.000,0,1333.333,0.159
1446,14470086,99,0.703,0.574,1.277,126,7,1,0,1,-1.000,0,-583.333,-0.068
1447,14480086,114,0.778,0.055,0.833,104,7,1,0,1,-1.000,0,116.667,0.014
1448,14490086,90,0.611,3.463,4.074,94,7,1,1,1,0.210,1,2433.333,0.400
1449,14500086,99,0.704,0.074,0.778,100,7,1,0,1,0.126,0,-300.000,-0.042
1450,14510086,140,0.981,0.056,1.037,137,7,1,0,1,0.076,0,-150.000,-0.017
1451,14520086,117,0.833,0.092,0.925,114,7,1,0,1,-1.000,0,-1333.333,-0.137
1452,14530086,138,0.944,0.074,1.018,97,7,1,0,1,-1.000,0,583.333,0.074
1453,14540086,85,0.593,0.166,0.759,86,7,1,0,1,-1.000,0,-233.333,-0.027
1454,14550086,125,0.834,0.055,0.889,80,7,1,0,1,-1.000,0,0.000,0.000
1455,14560086,111,0.741,0.055,0.796,127,7,1,0,1,-1.000,0,500.000,0.074
1456,14570086,140,0.926,0.074,1.000,116,7,1,0,1,-1.000,0,0.000,0.000
1457,14580086,132,0.907,0.074,0.981,102,7,1,0,1,-1.000,0,233.333,0.028
1458,14590086,106,0.759,0.056,0.815,120,7,1,0,1,-1.000,0,0.000,0.000
1459,14600086,144,1.056,0.074,1.130,107,7,1,0,1,-1.000,0,1583.333,0.191
1460,14610086,145,1.111,0.056,1.167,126,7,1,0,1,-1.000,0,1350.000,0.159
1461,14620086,203,1.537,1.259,2.796,133,7,1,1,1,0.231,1,2566.667,0.352
1462,14630086,210,1.629,0.074,1.703,160,7,1,0,1,0.138,0,1350.000,0.159
1463,14640086,212,1.777,0.056,1.833,139,7,1,0,1,0.083,0,1233.333,0.143
1464,14650086,259,2.056,0.074,2.130,160,7,1,0,1,-1.000,0,1350.000,0.159
1465,14660086,183,1.389,0.056,1.445,135,7,1,0,1,-1.000,0,0.000,0.000
1466,14670086,323,2.667,0.074,2.741,175,7,1,0,1,-1.000,0,0.000,0.000
1467,14680086,162,1.204,0.055,1.259,171,7,1,0,1,-1.000,0,-266.667,-0.027
1468,14690086,225,1.630,0.056,1.686,160,7,1,0,1,-1.000,0,0.000,0.000
1469,14700086,240,1.945,0.074,2.019,191,7,1,0,1,-1.000,0,0.000,0.000
1470,14710086,233,1.778,0.389,2.167,168,7,1,0,1,-1.000,0,1233.333,0.125
1471,14720086,252,1.889,0.278,2.167,166,7,1,0,1,-1.000,0,0.000,0.000
1472,14730086,229,1.907,0.408,2.315,166,7,1,0,1,-1.000,0,-133.333,-0.014
1473,14740086,334,6.130,0.074,6.204,192,7,1,0,1,-1.000,0,-966.667,-0.101
1474,14750086,335,3.426,10.111,13.537,239,7,1,1,1,0.081,1,28700.000,2.909
1475,14760086,406,3.760,4.611,8.371,209,7,1,1,1,0.083,1,22200.000,2.250
1476,14770086,433,3.871,5.703,9.574,256,7,1,1,1,0.083,1,30300.000,2.730
1477,14780086,393,2.982,4.074,7.056,231,7,1,1,1,0.080,1,34233.336,3.470
1478,14790086,497,4.593,4.740,9.333,248,7,1,1,1,0.080,1,28966.668,2.976
1479,14800086,375,2.871,5.370,8.241,247,7,1,1,1,0.079,1,29500.000,3.417
1480,14810086,519,3.945,0.111,4.056,253,7,1,0,1,-1.000,0,2383.333,0.062
1481,14820086,500,4.111,11.259,15.370,293,7,1,1,1,0.199,1,13833.334,0.431
1482,14830086,566,4.129,0.093,4.222,315,7,1,0,1,0.119,0,2250.000,0.054
1483,14840086,606,4.297,0.111,4.408,354,7,1,0,1,0.072,0,-450.000,-0.010
1484,14850086,538,4.445,0.481,4.926,299,7,1,0,1,-1.000,0,-5400.000,-0.140
1485,14860086,690,4.723,7.870,12.593,382,7,1,1,1,0.279,1,10466.667,0.274
1486,14870086,706,5.204,0.463,5.667,361,7,1,0,1,0.167,0,4950.000,0.121
1487,14880086,694,4.667,0.074,4.741,245,7,1,0,1,0.100,0,1233.333,0.027
1488,14890086,678,4.889,0.074,4.963,330,7,1,0,1,0.060,0,900.000,0.021
1489,14900086,519,3.519,0.092,3.611,296,7,1,0,1,-1.000,0,1150.000,0.026
1490,14910086,638,4.574,0.389,4.963,362,7,1,0,1,-1.000,0,7950.000,0.239
1491,14920086,479,3.741,0.352,4.093,357,7,1,0,1,-1.000,0,-8000.000,-0.165
1492,14930086,698,4.593,0.055,4.648,302,7,1,0,1,-1.000,0,-1433.333,-0.031
1493,14940086,488,3.333,0.074,3.407,341,7,1,0,1,-1.000,0,3000.000,0.064
1494,14950086,425,3.629,0.074,3.703,221,7,1,0,1,-1.000,0,6600.000,0.148
1495,14960086,378,2.759,1.426,4.185,303,7,1,0,1,-1.000,0,10616.667,0.237
1496,14970086,285,2.259,9.889,12.148,251,7,1,1,1,0.248,1,13150.000,0.319
1497,14980086,390,3.630,0.315,3.945,314,7,1,0,1,0.149,0,8983.334,0.221
1498,14990086,310,5.241,9.777,15.018,272,7,1,1,1,0.199,1,12533.334,0.282
1499,15000086,371,2.666,0.315,2.981,293,7,1,0,1,0.119,0,8133.333,0.162
1500,15010086,399,3.148,0.093,3.241,321,7,1,0,1,0.071,0,-2733.333,-0.053
1501,15020086,579,5.186,0.185,5.371,372,7,1,0,1,-1.000,0,-4233.333,-0.076
1502,15030086,639,5.352,0.093,5.445,387,7,1,0,1,-1.000,0,-566.667,-0.010
1503,15040086,567,3.833,13.426,17.259,427,7,1,1,1,0.111,1,58383.336,1.177
1504,15050086,584,5.148,10.074,15.222,351,7,1,1,1,0.111,1,66200.000,1.161
1505,15060086,442,3.797,5.722,9.519,349,7,1,1,1,0.097,1,235283.344,4.038
1506,15070086,529,5.277,25.852,31.129,354,7,1,1,1,0.093,1,109033.336,2.252
1507,15080086,442,3.611,23.796,27.407,383,7,1,1,1,0.095,1,82216.672,1.606
1508,15090086,471,3.407,8.370,11.777,425,7,1,1,1,0.094,1,94966.672,1.764
1509,15100086,503,3.797,5.500,9.297,475,7,1,1,1,0.140,1,43833.336,0.406
1510,15110086,404,2.963,2.093,5.056,443,7,1,1,1,0.189,1,36266.668,0.294
1511,15120086,556,3.945,0.333,4.278,373,7,1,0,1,0.114,0,-143150.000,-0.488
1512,15130086,492,3.574,0.093,3.667,420,7,1,0,1,0.068,0,10050.000,0.064
1513,15140086,511,3.574,0.093,3.667,400,7,1,0,1,-1.000,0,33266.668,0.249
1514,15150086,535,3.908,0.074,3.982,426,7,1,0,1,-1.000,0,26266.668,0.177
1515,15160086,566,4.112,4.018,8.130,454,7,1,1,1,0.119,1,153266.672,1.010
1516,15170086,629,4.334,0.129,4.463,485,7,1,0,1,0.072,0,28633.334,0.180
1517,15180086,575,4.148,1.889,6.037,544,7,1,1,1,0.091,1,152600.000,1.015
1518,15190086,675,4.759,0.074,4.833,397,7,1,0,1,0.054,0,2600.000,0.016
1519,15200086,741,5.074,0.074,5.148,531,7,1,0,1,-1.000,0,-70300.000,-0.422
1520,15210086,620,4.297,0.092,4.389,451,7,1,0,1,-1.000,0,-75433.336,-0.431
1521,15220086,885,6.037,0.092,6.129,607,7,1,0,1,-1.000,0,-156800.000,-0.514
1522,15230086,804,5.481,0.074,5.555,619,7,1,0,1,-1.000,0,-4500.000,-0.024
1523,15240086,973,6.575,0.074,6.649,533,7,1,0,1,-1.000,0,-113800.000,-0.376
1524,15250086,805,5.426,0.093,5.519,549,7,1,0,1,-1.000,0,3233.333,0.019
1525,15260086,766,5.185,1.537,6.722,495,7,1,1,1,0.133,1,78950.000,0.819
1526,15270086,931,6.314,1.445,7.759,616,7,1,1,1,0.139,1,68900.000,0.692
1527,15280086,748,5.111,0.093,5.204,598,7,1,0,1,0.083,0,25933.334,0.175
1528,15290086,903,5.907,0.093,6.000,580,7,1,0,1,-1.000,0,-4850.000,-0.026
1529,15300086,705,4.759,0.092,4.851,599,7,1,0,1,-1.000,0,-2866.667,-0.015
1530,15310086,753,4.945,0.092,5.037,464,7,1,0,1,-1.000,0,23866.668,0.138
1531,15320086,743,4.870,0.074,4.944,502,7,1,0,1,-1.000,0,39483.336,0.225
1532,15330086,755,4.999,1.500,6.499,461,7,1,1,1,0.265,1,49250.000,0.292
1533,15340086,859,5.796,0.092,5.888,485,7,1,0,1,0.159,0,30150.000,0.173
1534,15350086,659,4.426,0.093,4.519,535,7,1,0,1,0.096,0,-33083.336,-0.185
1535,15360086,864,5.649,0.092,5.741,493,7,1,0,1,0.057,0,-36183.336,-0.194
1536,15370086,738,4.759,0.093,4.852,525,7,1,0,1,-1.000,0,32000.000,0.162
1537,15380086,810,5.259,0.074,5.333,478,7,1,0,1,-1.000,0,21450.000,0.100
1538,15390086,875,5.611,0.093,5.704,562,7,1,0,1,-1.000,0,-62500.000,-0.287
1539,15400086,691,4.574,1.500,6.074,495,7,1,1,1,0.270,1,58250.000,0.285
1540,15410086,970,6.333,0.093,6.426,574,7,1,0,1,0.162,0,16833.334,0.116
1541,15420086,871,5.778,0.074,5.852,683,7,1,0,1,0.097,0,19183.334,0.128
1542,15430086,916,5.963,0.407,6.370,595,7,1,0,1,0.058,0,-50750.000,-0.221
1543,15440086,904,5.759,1.352,7.111,606,7,1,1,1,0.153,1,60550.000,0.256
1544,15450086,913,6.018,1.278,7.296,506,7,1,1,1,0.199,1,44916.668,0.289
1545,15460086,1078,6.889,0.093,6.982,569,7,1,0,1,0.119,0,-63833.336,-0.243
1546,15470086,868,5.574,0.093,5.667,570,7,1,0,1,0.071,0,28750.000,0.177
1547,15480086,1172,7.388,0.093,7.481,656,7,1,0,1,-1.000,0,42266.668,0.250
1548,15490086,1095,6.963,0.111,7.074,600,7,1,0,1,-1.000,0,35400.000,0.198
1549,15500086,1101,6.907,0.167,7.074,582,7,1,0,1,-1.000,0,-84683.336,-0.285
1550,15510086,1207,7.611,0.074,7.685,694,7,1,0,1,-1.000,0,20300.000,0.101
1551,15520086,1107,7.056,1.814,8.870,597,7,1,1,1,0.132,1,166166.672,0.836
1552,15530086,1437,8.981,0.056,9.037,746,7,1,0,1,0.079,0,47450.000,0.248
1553,15540086,1278,7.963,0.074,8.037,844,7,1,0,1,-1.000,0,34366.668,0.162
1554,15550086,1449,9.148,0.074,9.222,753,7,1,0,1,-1.000,0,43750.000,0.205
1555,15560086,1460,9.130,1.444,10.574,820,7,1,1,1,0.288,1,55750.000,0.263
1556,15570086,1506,9.463,1.222,10.685,747,7,1,1,1,0.288,1,58350.000,0.265
1557,15580086,1796,11.130,0.092,11.222,975,7,1,0,1,0.173,0,-76600.000,-0.210
1558,15590086,1652,10.426,0.056,10.482,910,7,1,0,1,0.104,0,55883.336,0.234
1559,15600086,1879,11.704,1.389,13.093,916,7,1,1,1,0.177,1,64750.000,0.263
1560,15610086,1881,22.889,0.277,23.166,1053,7,1,0,1,0.106,0,61700.000,0.240
1561,15620086,2007,12.556,3.963,16.519,1041,7,1,1,1,0.180,1,69566.672,0.260
1562,15630086,2277,14.130,0.074,14.204,1184,7,1,0,1,0.108,0,69183.336,0.248
1563,15640086,2184,13.649,0.074,13.723,1137,7,1,0,1,0.065,0,68533.336,0.238
1564,15650086,2719,16.833,0.074,16.907,1282,7,1,0,1,-1.000,0,64050.000,0.217
1565,15660086,2303,14.407,0.075,14.482,1246,7,1,0,1,-1.000,0,47916.668,0.154
1566,15670086,2525,15.723,0.074,15.797,1227,7,1,0,1,-1.000,0,39333.336,0.123
1567,15680086,2368,14.871,0.074,14.945,1239,7,1,0,1,-1.000,0,21200.000,0.063
1568,15690086,2328,14.518,0.074,14.592,1032,7,1,0,1,-1.000,0,10600.000,0.030
1569,15700086,2547,15.889,0.074,15.963,1352,7,1,0,1,-1.000,0,1766.667,0.005
1570,15710086,2099,13.222,0.074,13.296,1199,7,1,0,1,-1.000,0,0.000,0.000
1571,15720086,2528,15.851,0.093,15.944,1233,7,1,0,1,-1.000,0,0.000,0.000
1572,15730086,2374,14.778,0.074,14.852,1293,7,1,0,1,-1.000,0,0.000,0.000
1573,15740086,2570,16.167,0.074,16.241,1211,7,1,0,1,-1.000,0,0.000,0.000
1574,15750086,2436,15.815,0.426,16.241,1282,7,1,0,1,-1.000,0,0.000,0.000
1575,15760086,2578,17.630,0.074,17.704,1358,7,1,0,1,-1.000,0,0.000,0.000
1576,15770086,2846,19.833,0.074,19.907,1410,7,1,0,1,-1.000,0,0.000,0.000
1577,15780086,2775,19.759,0.056,19.815,1441,7,1,0,1,-1.000,0,-1766.667,-0.005
1578,15790086,3135,22.129,0.093,22.222,1534,7,1,0,1,-1.000,0,0.000,0.000
1579,15800086,3229,23.037,0.055,23.092,1623,7,1,0,1,-1.000,0,0.000,0.000
1580,15810086,3089,22.481,0.056,22.537,1510,7,1,0,1,-1.000,0,0.000,0.000
1581,15820086,3264,23.944,0.149,24.093,1643,7,1,0,1,-1.000,0,5300.000,0.015
1582,15830086,3411,26.297,0.092,26.389,1656,7,1,0,1,-1.000,0,14133.334,0.039
1583,15840086,3657,26.778,0.092,26.870,1783,7,1,0,1,-1.000,0,19433.334,0.054
1584,15850086,3559,26.481,0.074,26.555,1754,7,1,0,1,-1.000,0,70666.672,0.197
1585,15860086,2968,22.241,0.092,22.333,1376,7,1,0,1,-1.000,0,30033.334,0.084
1586,15870086,2263,17.945,0.407,18.352,1337,7,1,0,1,-1.000,0,30033.334,0.084
1587,15880086,2924,23.593,0.074,23.667,1580,7,1,0,1,-1.000,0,57816.668,0.159
1588,15890086,3512,30.408,0.055,30.463,1973,7,1,0,1,-1.000,0,85733.336,0.230
1589,15900086,3818,33.129,0.093,33.222,2080,7,1,0,0,-1.000,0,0.000,0.000
1590,15910086,3036,25.611,0.074,25.685,1892,7,1,0,0,-1.000,0,-63800.000,-0.021
1591,15920086,2545,20.888,0.075,20.963,1852,7,1,0,0,-1.000,0,-212150.000,-0.142
1592,15930086,2284,19.333,0.074,19.407,1645,7,1,0,0,-1.000,0,84866.672,0.085
1593,15940086,1962,17.426,0.055,17.481,1488,7,1,0,0,-1.000,0,45500.000,0.061
1594,15950086,1799,16.019,0.500,16.519,1298,7,1,0,0,-1.000,0,24200.000,0.040
1595,15960086,1449,13.130,0.074,13.204,1328,7,1,0,0,-1.000,0,-77416.672,-0.155
1596,15970086,1232,10.444,0.111,10.555,1110,7,1,0,1,-1.000,0,0.000,0.000
1597,15980086,1023,8.204,0.092,8.296,910,7,1,0,1,-1.000,0,-10600.000,-0.004
1598,15990086,659,4.963,0.074,5.037,796,7,1,0,1,-1.000,0,106000.000,0.079
1599,16000086,458,3.241,0.074,3.315,574,7,1,0,1,-1.000,0,-47266.668,-0.053
1600,16010086,257,1.741,0.167,1.908,409,7,1,0,2,-1.000,0,0.000,0.000
1601,16020086,171,1.129,0.148,1.277,447,7,1,0,2,-1.000,0,-66500.000,-0.030
1602,16030086,212,1.333,0.056,1.389,436,7,1,0,2,-1.000,0,-16550.000,-0.015
1603,16040086,195,1.259,0.056,1.315,402,7,1,0,2,-1.000,0,-20433.334,-0.027
1604,16050086,230,1.482,0.055,1.537,457,7,1,0,2,-1.000,0,-15325.000,-0.027
1605,16060086,287,2.056,0.092,2.148,438,7,1,0,1,-1.000,0,-35333.336,-0.083
1606,16070086,350,2.667,0.056,2.723,571,7,1,0,2,-1.000,0,-34083.336,-0.091
1607,16080086,391,3.389,0.426,3.815,624,7,1,0,1,-1.000,0,187500.000,0.161
1608,16090086,389,3.074,0.074,3.148,604,7,1,0,2,-1.000,0,-18733.334,-0.051
1609,16100086,454,3.759,0.093,3.852,491,7,1,0,1,-1.000,0,91100.000,0.157
1610,16110086,342,3.018,0.445,3.463,525,5,1,0,0,-1.000,0,0.000,0.000
1611,16120086,346,3.000,0.056,3.056,483,5,1,0,0,-1.000,0,-58900.000,-0.055
1612,16130086,325,3.000,0.389,3.389,450,5,1,0,0,-1.000,0,-2350.000,-0.004
1613,16140086,191,1.649,0.055,1.704,412,5,1,0,0,-1.000,0,-34633.336,-0.097
1614,16150086,229,1.963,0.056,2.019,373,5,1,0,0,-1.000,0,-14725.000,-0.055
1615,16160086,187,1.611,0.092,1.703,344,5,1,0,1,-1.000,0,-12983.334,-0.029
1616,16170086,131,1.074,0.093,1.167,332,5,1,0,1,-1.000,0,-268000.000,-0.103
1617,16180086,171,1.408,0.055,1.463,370,5,1,0,1,-1.000,0,-59900.000,-0.046
1618,16190086,227,1.703,0.093,1.796,378,5,1,0,1,-1.000,0,4766.667,0.005
1619,16200086,233,1.777,0.056,1.833,383,5,1,0,1,-1.000,0,-7875.000,-0.012
1620,16210086,255,1.963,0.056,2.019,349,6,1,0,1,-1.000,0,-11980.000,-0.023
1621,16220086,169,1.296,0.074,1.370,393,7,1,0,1,-1.000,0,-13516.667,-0.031
1622,16230086,208,1.555,0.074,1.629,340,7,1,0,1,-1.000,0,4916.667,0.013
1623,16240086,228,1.648,0.093,1.741,383,7,1,0,1,-1.000,0,-80116.672,-0.193
1624,16250086,288,2.149,0.074,2.223,400,7,1,0,1,-1.000,0,-51233.336,-0.117
1625,16260086,372,2.704,0.296,3.000,455,7,1,0,1,-1.000,0,-24166.668,-0.056
1626,16270086,610,4.223,0.074,4.297,597,7,1,0,1,-1.000,0,-8833.334,-0.021
1627,16280086,1030,7.407,0.074,7.481,836,7,1,0,1,-1.000,0,-8833.334,-0.021
1628,16290086,1543,11.129,0.093,11.222,1020,7,1,0,1,-1.000,0,15633.334,0.039
1629,16300086,1911,14.297,0.074,14.371,1159,7,1,0,1,-1.000,0,74200.000,0.221
1630,16310086,2256,16.870,0.056,16.926,1218,7,1,0,1,-1.000,0,28266.668,0.073
1631,16320086,2864,23.574,0.093,23.667,1429,7,1,0,1,-1.000,0,15900.000,0.039
1632,16330086,3020,22.445,0.148,22.593,1589,7,1,0,1,-1.000,0,12366.667,0.030
1633,16340086,3196,22.722,0.074,22.796,1756,7,1,0,1,-1.000,0,26866.668,0.065
1634,16350086,4380,31.740,0.074,31.814,2574,7,1,0,1,-1.000,0,-54633.336,-0.133
1635,16360086,5291,42.241,0.148,42.389,2999,7,1,0,1,-1.000,0,1766.667,0.004
1636,16370086,8220,73.482,0.185,73.667,4264,7,1,0,1,-1.000,0,-56533.336,-0.136
1637,16380086,11468,95.055,0.130,95.185,5870,7,1,0,0,-1.000,0,0.000,0.000
1638,16390086,10277,91.000,0.074,91.074,4566,7,1,0,0,-1.000,0,-606300.000,-0.255
1639,16400086,9861,87.037,0.148,87.185,5040,5,1,0,1,-1.000,0,-83400.000,-0.189
1640,16410086,9701,82.518,0.389,82.907,3899,5,1,0,1,-1.000,0,1633.333,0.005
1641,16420086,9512,75.518,0.093,75.611,3761,5,1,0,1,-1.000,0,-66533.336,-0.162
1642,16430086,9055,67.407,0.074,67.481,3930,5,1,0,1,-1.000,0,0.000,0.000
1643,16440086,11622,82.500,0.111,82.611,4434,5,1,0,1,-1.000,0,89450.000,0.167
1644,16450086,10967,84.667,20.666,105.333,4266,6,1,1,1,0.248,1,108400.000,0.253
1645,16460086,9385,77.370,21.759,99.129,3599,7,1,1,1,0.263,1,94633.336,0.265
1646,16470086,9600,84.314,6.019,90.333,3831,7,1,1,1,0.249,1,127200.000,0.355
1647,16480086,8500,71.518,4.963,76.481,3410,7,1,1,1,0.242,1,121300.000,0.351
1648,16490086,8378,69.722,16.074,85.796,3059,7,1,1,1,0.248,1,109366.672,0.305
1649,16500086,7264,61.908,0.129,62.037,2794,7,1,0,1,0.149,0,12583.334,0.030
1650,16510086,7613,65.315,0.129,65.444,2785,7,1,0,1,0.089,0,-78650.000,-0.176
1651,16520086,7447,66.574,0.093,66.667,2846,7,1,0,1,0.054,0,-65550.000,-0.145
1652,16530086,6646,59.704,0.111,59.815,2212,7,1,0,1,-1.000,0,-85850.000,-0.177
1653,16540086,5634,49.351,0.075,49.426,1912,7,1,0,1,-1.000,0,-146600.000,-0.314
1654,16550086,3883,34.129,0.056,34.185,1323,7,1,0,1,-1.000,0,-343433.344,-0.734
1655,16560086,3542,29.018,0.093,29.111,1334,7,1,0,1,-1.000,0,-171950.000,-0.401
1656,16570086,2996,25.945,0.092,26.037,1311,7,1,0,1,-1.000,0,-190950.000,-0.518
1657,16580086,3018,25.963,0.315,26.278,1030,7,1,0,1,-1.000,0,-260766.672,-0.676
1658,16590086,2808,23.852,0.074,23.926,1240,7,1,0,1,-1.000,0,-227516.672,-0.569
1659,16600086,2509,21.796,0.408,22.204,987,7,1,0,1,-1.000,0,-284333.344,-0.889
1660,16610086,2777,23.222,0.055,23.277,1083,7,1,0,1,-1.000,0,-58766.668,-0.472
1661,16620086,2243,18.852,0.056,18.908,1019,7,1,0,1,-1.000,0,-221666.672,-0.862
1662,16630086,2448,18.778,0.074,18.852,880,7,1,0,1,-1.000,0,-142950.000,-0.805
1663,16640086,2151,16.759,0.074,16.833,1000,7,1,0,1,-1.000,0,-90983.336,-0.727
1664,16650086,2133,16.093,0.074,16.167,794,7,1,0,1,-1.000,0,-137000.000,-0.794
1665,16660086,2258,16.426,0.056,16.482,952,7,1,0,1,-1.000,0,466.667,0.013
1666,16670086,1933,14.000,0.259,14.259,830,7,1,0,1,-1.000,0,-30333.334,-0.461
1667,16680086,2308,16.130,0.056,16.186,936,7,1,0,1,-1.000,0,466.667,0.013
1668,16690086,1813,13.444,11.797,25.241,923,7,1,1,1,0.085,1,83133.336,2.399
1669,16700086,2148,15.166,0.074,15.240,725,7,1,0,1,0.051,0,1733.333,0.051
1670,16710086,2063,14.463,0.112,14.575,986,7,1,0,1,-1.000,0,466.667,0.013
1671,16720086,1931,13.722,0.185,13.907,725,7,1,0,1,-1.000,0,1283.333,0.036
1672,16730086,2259,15.704,0.074,15.778,920,7,1,0,1,-1.000,0,1750.000,0.049
1673,16740086,1800,12.815,0.055,12.870,787,7,1,0,1,-1.000,0,1283.333,0.036
1674,16750086,2192,14.759,0.074,14.833,758,7,1,0,1,-1.000,0,-81850.000,-0.695
1675,16760086,1817,12.371,0.074,12.445,886,7,1,0,1,-1.000,0,-1283.333,-0.036
1676,16770086,1859,12.074,0.074,12.148,620,7,1,0,1,-1.000,0,-466.667,-0.013
1677,16780086,1976,12.796,0.074,12.870,844,7,1,0,1,-1.000,0,-1750.000,-0.047
1678,16790086,1674,10.796,0.055,10.851,657,7,1,0,1,-1.000,0,-1750.000,-0.047
1679,16800086,2089,13.241,0.055,13.296,813,7,1,0,1,-1.000,0,-1750.000,-0.047
1680,16810086,1597,10.407,5.204,15.611,758,7,1,1,1,0.103,1,50466.668,1.404
1681,16820086,1980,12.537,0.093,12.630,601,7,1,0,1,0.062,0,816.667,0.024
1682,16830086,1789,11.278,0.092,11.370,826,7,1,0,1,-1.000,0,0.000,0.000
1683,16840086,1719,10.926,0.074,11.000,608,7,1,0,1,-1.000,0,0.000,0.000
1684,16850086,1973,12.240,0.074,12.314,822,7,1,0,1,-1.000,0,0.000,0.000
1685,16860086,1600,10.019,0.055,10.074,738,7,1,0,1,-1.000,0,0.000,0.000
1686,16870086,2030,12.574,0.056,12.630,674,7,1,0,1,-1.000,0,-50933.336,-0.590
1687,16880086,1656,10.315,0.055,10.370,808,7,1,0,1,-1.000,0,-1266.667,-0.036
1688,16890086,1830,11.556,0.055,11.611,569,7,1,0,1,-1.000,0,0.000,0.000
1689,16900086,1868,11.519,0.055,11.574,809,7,1,0,1,-1.000,0,0.000,0.000
1690,16910086,1654,10.259,0.185,10.444,638,7,1,0,1,-1.000,0,0.000,0.000
1691,16920086,2050,12.611,0.352,12.963,706,7,1,0,1,-1.000,0,0.000,0.000
1692,16930086,1584,9.759,0.055,9.814,675,7,1,0,1,-1.000,0,0.000,0.000
1693,16940086,1949,12.018,0.074,12.092,545,7,1,0,1,-1.000,0,1266.667,0.037
1694,16950086,1727,10.648,0.056,10.704,777,7,1,0,1,-1.000,0,-1266.667,-0.036
1695,16960086,1747,10.722,0.056,10.778,574,7,1,0,1,-1.000,0,0.000,0.000
1696,16970086,1968,13.574,0.259,13.833,796,7,1,0,1,-1.000,0,0.000,0.000
1697,16980086,1635,10.000,0.074,10.074,595,7,1,0,1,-1.000,0,0.000,0.000
1698,16990086,2038,13.519,1.185,14.704,649,7,1,0,1,-1.000,0,0.000,0.000
1699,17000086,1659,15.074,0.056,15.130,694,7,1,0,1,-1.000,0,0.000,0.000
1700,17010086,1909,13.204,0.537,13.741,584,7,1,0,1,-1.000,0,1266.667,0.037
1701,17020086,1871,13.130,0.500,13.630,762,7,1,0,1,-1.000,0,0.000,0.000
1702,17030086,1728,12.740,0.482,13.222,590,7,1,0,1,-1.000,0,1266.667,0.036
1703,17040086,2076,13.759,1.000,14.759,734,7,1,0,1,-1.000,0,1266.667,0.036
1704,17050086,1630,10.481,0.056,10.537,753,7,1,0,1,-1.000,0,1266.667,0.036
1705,17060086,2061,12.945,0.074,13.019,644,7,1,0,1,-1.000,0,0.000,0.000
1706,17070086,1863,11.833,0.056,11.889,818,7,1,0,1,-1.000,0,0.000,0.000
1707,17080086,1914,12.444,0.149,12.593,638,7,1,0,1,-1.000,0,1266.667,0.036
1708,17090086,2108,114.721,2.186,116.907,855,7,1,0,1,-1.000,0,0.000,0.000
1709,17100086,1813,16.426,1.630,18.056,712,7,1,0,1,-1.000,0,-1266.667,-0.034
1710,17110086,2258,15.981,0.333,16.314,785,7,1,0,1,-1.000,0,-800.000,-0.022
1711,17120086,1979,16.629,0.074,16.703,864,7,1,0,1,-1.000,0,1750.000,0.049
1712,17130086,2276,16.926,1.000,17.926,696,7,1,0,1,-1.000,0,0.000,0.000
1713,17140086,2207,21.241,0.407,21.648,957,7,1,0,1,-1.000,0,-1266.667,-0.034
1714,17150086,2125,15.796,0.074,15.870,741,7,1,0,1,-1.000,0,0.000,0.000
1715,17160086,2512,18.130,0.555,18.685,958,7,1,0,1,-1.000,0,1266.667,0.036
1716,17170086,2174,16.685,0.056,16.741,874,7,1,0,1,-1.000,0,800.000,0.022
1717,17180086,2694,21.166,1.038,22.204,892,7,1,0,1,-1.000,0,-1750.000,-0.047
1718,17190086,2477,19.741,0.148,19.889,1076,7,1,0,1,-1.000,0,0.000,0.000
1719,17200086,2719,21.537,0.074,21.611,907,7,1,0,1,-1.000,0,1266.667,0.036
1720,17210086,2832,22.204,24.629,46.833,1059,7,1,1,1,0.085,1,87833.336,2.391
1721,17220086,2590,20.667,1.944,22.611,965,7,1,1,1,0.085,1,87833.336,2.391
1722,17230086,3012,22.778,1.537,24.315,1082,7,1,1,1,0.085,1,87833.336,2.391
1723,17240086,2620,20.148,2.315,22.463,1050,7,1,1,1,0.085,1,88483.336,2.495
1724,17250086,2896,21.759,6.704,28.463,915,7,1,1,1,0.084,1,88483.336,2.495
1725,17260086,2772,20.740,1.630,22.370,1142,7,1,1,1,0.085,1,84466.672,2.299
1726,17270086,2715,20.111,0.093,20.204,940,7,1,0,1,0.051,0,0.000,0.000
1727,17280086,2914,20.870,0.093,20.963,1136,7,1,0,1,-1.000,0,0.000,0.000
1728,17290086,2559,18.870,0.074,18.944,1007,7,1,0,1,-1.000,0,-616.667,-0.005
1729,17300086,2944,21.278,0.074,21.352,958,7,1,0,1,-1.000,0,616.667,0.005
1730,17310086,2685,20.185,0.241,20.426,1107,7,1,0,1,-1.000,0,-2750.000,-0.022
1731,17320086,2880,21.055,0.111,21.166,944,7,1,0,1,-1.000,0,3366.667,0.028
1732,17330086,2916,20.925,0.056,20.981,1176,7,1,0,1,-1.000,0,-3366.667,-0.027
1733,17340086,2728,19.870,0.167,20.037,979,7,1,0,1,-1.000,0,0.000,0.000
1734,17350086,3160,22.463,0.148,22.611,1146,7,1,0,1,-1.000,0,616.667,0.005
1735,17360086,2688,19.241,0.056,19.297,1130,7,1,0,1,-1.000,0,-2466.667,-0.020
1736,17370086,3142,22.055,0.074,22.129,985,7,1,0,1,-1.000,0,900.000,0.007
1737,17380086,2866,20.574,0.056,20.630,1116,7,1,0,1,-1.000,0,-6366.667,-0.051
1738,17390086,2891,19.796,0.055,19.851,973,7,1,0,1,-1.000,0,-3416.667,-0.028
1739,17400086,3079,20.593,0.074,20.667,1219,7,1,0,1,-1.000,0,-4233.333,-0.034
1740,17410086,2789,18.667,0.055,18.722,1029,7,1,0,1,-1.000,0,-2366.667,-0.019
1741,17420086,3188,20.982,0.074,21.056,1073,7,1,0,1,-1.000,0,566.667,0.005
1742,17430086,2764,18.240,0.074,18.314,1136,7,1,0,1,-1.000,0,1583.333,0.013
1743,17440086,2970,19.259,0.074,19.333,934,7,1,0,1,-1.000,0,10800.000,0.091
1744,17450086,2832,18.555,0.093,18.648,1114,7,1,0,1,-1.000,0,9066.667,0.077
1745,17460086,2700,17.703,0.074,17.777,928,7,1,0,1,-1.000,0,8733.334,0.073
1746,17470086,2967,19.574,0.074,19.648,1110,7,1,0,1,-1.000,0,7550.000,0.062
1747,17480086,2514,16.926,0.074,17.000,965,7,1,0,1,-1.000,0,4833.333,0.039
1748,17490086,2961,19.666,0.056,19.722,983,7,1,0,1,-1.000,0,5116.667,0.041
1749,17500086,2693,18.056,0.092,18.148,1055,7,1,0,1,-1.000,0,-1733.333,-0.013
1750,17510086,2830,18.870,0.056,18.926,908,7,1,0,1,-1.000,0,4350.000,0.034
1751,17520086,2921,19.370,0.056,19.426,1116,7,1,0,1,-1.000,0,3233.333,0.025
1752,17530086,2761,18.389,0.074,18.463,982,7,1,0,1,-1.000,0,100.000,0.001
1753,17540086,3175,20.963,0.093,21.056,1034,7,1,0,1,-1.000,0,-100.000,-0.001
1754,17550086,2862,19.203,0.148,19.351,1102,7,1,0,1,-1.000,0,-3200.000,-0.025
1755,17560086,3226,21.037,0.389,21.426,1053,7,1,0,1,-1.000,0,1900.000,0.015
1756,17570086,3032,19.852,0.167,20.019,1234,7,1,0,1,-1.000,0,-5366.667,-0.041
1757,17580086,3099,20.444,0.074,20.518,998,7,1,0,1,-1.000,0,-8133.333,-0.061
1758,17590086,3349,21.629,0.056,21.685,1240,7,1,0,1,-1.000,0,-8183.333,-0.063
1759,17600086,2948,19.240,0.093,19.333,1079,7,1,0,1,-1.000,0,-6566.667,-0.052
1760,17610086,3253,20.741,0.074,20.815,1050,7,1,0,1,-1.000,0,-8100.000,-0.064
1761,17620086,2969,19.092,0.056,19.148,1152,7,1,0,1,-1.000,0,-11016.667,-0.085
1762,17630086,3182,20.666,1.148,21.814,998,7,1,0,1,-1.000,0,-13950.000,-0.111
1763,17640086,3160,21.000,0.074,21.074,1246,7,1,0,1,-1.000,0,5833.333,0.047
1764,17650086,3068,19.833,0.074,19.907,1051,7,1,0,1,-1.000,0,-8616.667,-0.071
1765,17660086,3458,22.204,0.074,22.278,1176,7,1,0,1,-1.000,0,-11666.667,-0.097
1766,17670086,2976,19.444,0.389,19.833,1163,7,1,0,1,-1.000,0,-7850.000,-0.067
1767,17680086,3521,23.149,0.333,23.482,1128,7,1,0,1,-1.000,0,-11483.334,-0.097
1768,17690086,3296,21.185,0.074,21.259,1283,7,1,0,1,-1.000,0,-7333.333,-0.066
1769,17700086,3413,21.833,39.555,61.388,1127,7,1,1,1,0.289,1,34050.000,0.262
1770,17710086,3463,22.703,3.963,26.666,1332,7,1,1,1,0.244,1,57800.000,0.511
1771,17720086,3041,19.500,1.926,21.426,1102,7,1,1,1,0.208,1,69333.336,0.635
1772,17730086,3158,20.056,1.796,21.852,1051,7,1,1,1,0.191,1,62016.668,0.566
1773,17740086,2827,18.277,1.537,19.814,1064,7,1,1,1,0.173,1,74383.336,0.697
1774,17750086,2725,17.148,1.333,18.481,955,7,1,1,1,0.161,1,75450.000,0.722
1775,17760086,2451,15.333,0.093,15.426,972,7,1,0,1,0.097,0,3366.667,0.021
1776,17770086,2377,14.889,0.111,15.000,936,7,1,0,1,0.058,0,-19816.668,-0.116
1777,17780086,2208,13.741,0.074,13.815,869,7,1,0,1,-1.000,0,-32566.668,-0.182
1778,17790086,2264,14.056,0.055,14.111,832,7,1,0,1,-1.000,0,-10416.667,-0.061
1779,17800086,2467,15.204,0.074,15.278,895,7,1,0,1,-1.000,0,-12300.000,-0.068
1780,17810086,2335,14.407,0.074,14.481,890,7,1,0,1,-1.000,0,-84666.672,-0.470
1781,17820086,2296,14.352,0.074,14.426,846,7,1,0,1,-1.000,0,-82000.000,-0.490
1782,17830086,2379,30.962,0.204,31.166,763,7,1,0,1,-1.000,0,-65700.000,-0.435
1783,17840086,1909,12.333,0.408,12.741,735,7,1,0,1,-1.000,0,-60600.000,-0.415
1784,17850086,2009,12.408,0.074,12.482,693,7,1,0,1,-1.000,0,-83850.000,-0.520
1785,17860086,1887,11.574,0.259,11.833,688,7,1,0,1,-1.000,0,-87050.000,-0.516
1786,17870086,1584,9.778,0.074,9.852,661,7,1,0,1,-1.000,0,-7766.667,-0.081
1787,17880086,1385,8.629,1.111,9.740,617,7,1,0,1,-1.000,0,17083.334,0.200
1788,17890086,1637,10.167,0.074,10.241,516,7,1,0,1,-1.000,0,15116.667,0.177
1789,17900086,1405,8.703,0.056,8.759,708,7,1,0,1,-1.000,0,-2700.000,-0.032
1790,17910086,1340,8.259,0.074,8.333,364,7,1,0,1,-1.000,0,8316.667,0.107
1791,17920086,1567,9.648,0.074,9.722,672,7,1,0,1,-1.000,0,-9366.667,-0.115
1792,17930086,885,5.425,0.075,5.500,436,7,1,0,1,-1.000,0,-39166.668,-0.447
1793,17940086,1643,10.000,0.074,10.074,509,7,1,0,1,-1.000,0,-58033.336,-0.566
1794,17950086,1010,6.185,0.259,6.444,588,7,1,0,1,-1.000,0,-48200.000,-0.480
1795,17960086,1711,10.518,0.074,10.592,566,7,1,0,1,-1.000,0,-28800.000,-0.349
1796,17970086,1116,6.815,0.074,6.889,527,7,1,0,1,-1.000,0,-30750.000,-0.359
1797,17980086,1753,10.741,0.074,10.815,564,7,1,0,1,-1.000,0,-4133.333,-0.057
1798,17990086,1341,10.333,51.000,61.333,743,7,1,1,1,0.234,1,16666.668,0.344
1799,18000086,2041,13.482,7.833,21.315,682,7,1,1,1,0.213,1,22200.000,0.499
1800,18010086,1844,12.518,5.759,18.277,832,7,1,1,1,0.184,1,38750.000,0.742
1801,18020086,2237,14.204,6.296,20.500,823,7,1,1,1,0.173,1,33166.668,0.616
1802,18030086,1924,13.500,5.445,18.945,740,7,1,1,1,0.195,1,19766.668,0.360
1803,18040086,2195,13.944,6.722,20.666,684,7,1,1,1,0.184,1,37866.668,0.555
1804,18050086,1916,11.926,0.426,12.352,751,7,1,0,1,0.110,0,14483.334,0.223
1805,18060086,2143,14.963,0.074,15.037,695,7,1,0,1,0.066,0,7150.000,0.107
1806,18070086,2092,14.037,0.093,14.130,856,7,1,0,1,-1.000,0,-24700.000,-0.271
1807,18080086,1940,12.278,0.092,12.370,614,7,1,0,1,-1.000,0,-900.000,-0.010
1808,18090086,2196,13.593,0.092,13.685,775,7,1,0,1,-1.000,0,-27366.668,-0.366
1809,18100086,1852,11.574,0.463,12.037,667,7,1,0,1,-1.000,0,-42000.000,-0.396
1810,18110086,2346,16.426,0.056,16.482,673,7,1,0,1,-1.000,0,-11816.667,-0.149
1811,18120086,2107,12.871,0.074,12.945,859,7,1,0,1,-1.000,0,-1850.000,-0.025
1812,18130086,2194,14.130,0.074,14.204,651,7,1,0,1,-1.000,0,-7383.333,-0.111
1813,18140086,2396,14.945,0.370,15.315,747,7,1,0,1,-1.000,0,-22516.668,-0.262
1814,18150086,1744,10.611,23.222,33.833,730,7,1,1,1,0.223,1,17433.334,0.368
1815,18160086,1932,12.185,0.278,12.463,411,7,1,0,1,0.134,0,7900.000,0.123
1816,18170086,1776,12.592,0.111,12.703,730,7,1,0,1,0.080,0,3100.000,0.046
1817,18180086,1348,9.037,0.074,9.111,563,7,1,0,1,-1.000,0,11233.334,0.156
1818,18190086,1767,10.944,5.593,16.537,532,7,1,1,1,0.246,1,18983.334,0.322
1819,18200086,1249,7.630,0.722,8.352,598,7,1,0,1,0.148,0,-2983.333,-0.047
1820,18210086,1559,9.482,0.074,9.556,340,7,1,0,1,0.089,0,-21400.000,-0.330
1821,18220086,1496,9.111,0.074,9.185,640,7,1,0,1,0.053,0,-26050.000,-0.362
1822,18230086,1633,9.925,0.074,9.999,429,7,1,0,1,-1.000,0,-21333.334,-0.301
1823,18240086,2019,12.185,0.074,12.259,773,7,1,0,1,-1.000,0,-30933.334,-0.372
1824,18250086,1917,11.666,0.074,11.740,650,7,1,0,1,-1.000,0,-15750.000,-0.202
1825,18260086,2274,13.778,0.093,13.871,910,7,1,0,1,-1.000,0,4566.667,0.075
1826,18270086,2012,12.203,2.463,14.666,665,7,1,1,1,0.130,1,37100.000,0.855
1827,18280086,2306,13.926,1.185,15.111,739,7,1,1,1,0.143,1,26883.334,0.585
1828,18290086,1889,11.537,1.278,12.815,733,7,1,1,1,0.165,1,21566.668,0.436
1829,18300086,2180,13.370,0.074,13.444,607,7,1,0,1,0.099,0,12483.334,0.239
1830,18310086,1954,11.852,0.074,11.926,730,7,1,0,1,0.059,0,-4950.000,-0.080
1831,18320086,2079,12.630,0.092,12.722,634,7,1,0,1,-1.000,0,-416.667,-0.006
1832,18330086,2148,13.037,0.093,13.130,817,7,1,0,1,-1.000,0,-31966.668,-0.397
1833,18340086,1906,11.574,0.074,11.648,702,7,1,0,1,-1.000,0,-21066.668,-0.289
1834,18350086,2230,13.500,0.074,13.574,628,7,1,0,1,-1.000,0,-18866.668,-0.265
1835,18360086,1952,11.815,0.074,11.889,739,7,1,0,1,-1.000,0,-11950.000,-0.185
1836,18370086,2040,12.333,0.093,12.426,653,7,1,0,1,-1.000,0,2750.000,0.048
1837,18380086,2150,13.037,0.056,13.093,862,7,1,0,1,-1.000,0,-2416.667,-0.037
1838,18390086,1699,10.315,0.092,10.407,659,7,1,0,1,-1.000,0,5116.667,0.105
1839,18400086,2032,12.352,1.778,14.130,475,7,1,1,1,0.264,1,15216.667,0.294
1840,18410086,1674,10.241,0.074,10.315,665,7,1,0,1,0.158,0,6733.333,0.129
1841,18420086,1980,12.018,1.297,13.315,481,7,1,1,1,0.201,1,15450.000,0.293
1842,18430086,2087,12.648,0.074,12.722,908,7,1,0,1,0.121,0,-3300.000,-0.055
1843,18440086,1991,12.093,0.074,12.167,620,7,1,0,1,0.072,0,8050.000,0.129
1844,18450086,2383,14.556,0.148,14.704,943,7,1,0,1,-1.000,0,7550.000,0.141
1845,18460086,1990,12.093,5.166,17.259,646,7,1,1,1,0.237,1,22650.000,0.338
1846,18470086,2682,16.240,1.241,17.481,773,7,1,1,1,0.253,1,16300.000,0.277
1847,18480086,2018,12.185,0.092,12.277,797,7,1,0,1,0.152,0,-10250.000,-0.150
1848,18490086,2441,14.796,0.074,14.870,629,7,1,0,1,0.091,0,-16150.000,-0.285
1849,18500086,2166,13.129,0.056,13.185,844,7,1,0,1,0.055,0,-31233.334,-0.444
1850,18510086,2208,13.722,0.370,14.092,661,7,1,0,1,-1.000,0,-21083.334,-0.344
1851,18520086,2406,14.611,0.519,15.130,898,7,1,0,1,-1.000,0,-30666.668,-0.342
1852,18530086,2033,12.315,0.074,12.389,742,7,1,0,1,-1.000,0,-15150.000,-0.201
1853,18540086,2427,14.741,0.093,14.834,618,7,1,0,1,-1.000,0,6133.333,0.106
1854,18550086,2106,12.796,5.093,17.889,808,7,1,1,1,0.105,1,54100.000,1.336
1855,18560086,2038,12.389,1.185,13.574,613,7,1,1,1,0.126,1,23850.000,0.609
1856,18570086,2217,13.444,1.186,14.630,805,7,1,1,1,0.148,1,19966.668,0.498
1857,18580086,1651,10.037,0.092,10.129,657,7,1,0,1,0.089,0,-18333.334,-0.311
1858,18590086,2007,12.259,0.167,12.426,444,7,1,0,1,0.053,0,-20933.334,-0.348
1859,18600086,1666,10.093,0.074,10.167,704,7,1,0,1,-1.000,0,-24983.334,-0.390
1860,18610086,1853,11.277,0.074,11.351,448,7,1,0,1,-1.000,0,-55933.336,-0.591
1861,18620086,2103,12.722,0.056,12.778,788,7,1,0,1,-1.000,0,-16600.000,-0.263
1862,18630086,1981,12.037,0.056,12.093,642,7,1,0,1,-1.000,0,-12716.667,-0.212
1863,18640086,2446,14.796,2.130,16.926,880,7,1,1,1,0.202,1,17150.000,0.422
1864,18650086,1995,12.111,1.204,13.315,688,7,1,1,1,0.190,1,20850.000,0.533
1865,18660086,2520,15.241,1.203,16.444,744,7,1,1,1,0.181,1,21900.000,0.559
1866,18670086,1983,12.055,1.185,13.240,751,7,1,1,1,0.189,1,16333.334,0.422
1867,18680086,2267,13.834,0.092,13.926,623,7,1,0,1,0.114,0,2416.667,0.052
1868,18690086,2135,12.926,0.093,13.019,826,7,1,0,1,0.068,0,2416.667,0.051
1869,18700086,2070,12.612,0.074,12.686,671,7,1,0,1,-1.000,0,7000.000,0.121
1870,18710086,2311,14.018,0.093,14.111,833,7,1,0,1,-1.000,0,-3466.667,-0.058
1871,18720086,1999,12.129,0.074,12.203,736,7,1,0,1,-1.000,0,9616.667,0.158
1872,18730086,2237,13.611,1.463,15.074,632,7,1,1,1,0.297,1,13900.000,0.253
1873,18740086,2041,12.388,0.075,12.463,766,7,1,0,1,0.178,0,3450.000,0.071
1874,18750086,1944,11.778,0.074,11.852,580,7,1,0,1,0.107,0,11266.667,0.226
1875,18760086,2231,13.555,0.075,13.630,687,7,1,0,1,0.064,0,-5950.000,-0.092
1876,18770086,1509,9.166,0.075,9.241,632,7,1,0,1,-1.000,0,133.333,0.002
1877,18780086,1803,10.926,0.074,11.000,391,7,1,0,1,-1.000,0,-4666.667,-0.066
1878,18790086,1589,9.630,0.055,9.685,636,7,1,0,1,-1.000,0,-21533.334,-0.313
1879,18800086,1484,9.000,0.074,9.074,422,7,1,0,1,-1.000,0,-10216.667,-0.195
1880,18810086,2001,12.111,0.074,12.185,787,7,1,0,1,-1.000,0,-21900.000,-0.359
1881,18820086,1579,9.593,0.074,9.667,746,7,1,0,1,-1.000,0,-8166.667,-0.139
1882,18830086,2311,14.000,0.092,14.092,727,7,1,0,1,-1.000,0,2133.333,0.038
1883,18840086,1858,11.315,0.148,11.463,729,7,1,0,1,-1.000,0,4200.000,0.064
1884,18850086,2507,15.241,1.537,16.778,747,7,1,1,1,0.236,1,16150.000,0.341
1885,18860086,2075,12.648,1.241,13.889,810,7,1,1,1,0.196,1,32850.000,0.781
1886,18870086,2382,14.481,1.223,15.704,685,7,1,1,1,0.167,1,37533.336,0.959
1887,18880086,2174,13.241,1.204,14.445,924,7,1,1,1,0.172,1,25333.334,0.500
1888,18890086,2112,12.889,0.092,12.981,662,7,1,0,1,0.103,0,6000.000,0.102
1889,18900086,2321,14.093,0.092,14.185,777,7,1,0,1,0.062,0,-3600.000,-0.051
1890,18910086,1950,11.889,0.111,12.000,734,7,1,0,1,-1.000,0,1283.333,0.020
1891,18920086,2221,13.518,0.260,13.778,611,7,1,0,1,-1.000,0,-22700.000,-0.303
1892,18930086,2019,12.278,0.074,12.352,790,7,1,0,1,-1.000,0,-15483.334,-0.202
1893,18940086,1971,12.018,0.074,12.092,596,7,1,0,1,-1.000,0,-21466.668,-0.283
1894,18950086,2253,13.685,0.056,13.741,846,7,1,0,1,-1.000,0,-2966.667,-0.046
1895,18960086,1688,10.296,0.055,10.351,637,7,1,0,1,-1.000,0,-27450.000,-0.412
1896,18970086,2245,13.611,0.056,13.667,655,7,1,0,1,-1.000,0,-26616.668,-0.411
1897,18980086,1931,11.741,3.389,15.130,803,7,1,1,1,0.217,1,19900.000,0.381
1898,18990086,2421,14.629,0.093,14.722,683,7,1,0,1,0.130,0,10200.000,0.167
1899,19000086,2086,12.648,1.352,14.000,904,7,1,1,1,0.173,1,18600.000,0.341
1900,19010086,2338,14.149,1.222,15.371,728,7,1,1,1,0.197,1,21300.000,0.344
1901,19020086,2207,13.519,1.630,15.149,845,7,1,1,1,0.165,1,41350.000,1.056
1902,19030086,2056,12.389,1.574,13.963,698,7,1,1,1,0.143,1,45416.668,1.189
1903,19040086,2247,13.630,0.092,13.722,681,7,1,0,1,0.086,0,-11833.334,-0.164
1904,19050086,2009,12.833,0.963,13.796,715,7,1,0,1,0.052,0,-66.667,-0.001
1905,19060086,2199,13.389,0.092,13.481,665,7,1,0,1,-1.000,0,-13700.000,-0.187
1906,19070086,2228,13.556,0.074,13.630,861,7,1,0,1,-1.000,0,-8400.000,-0.101
1907,19080086,2024,12.315,0.092,12.407,628,7,1,0,1,-1.000,0,6500.000,0.081
1908,19090086,2467,15.074,0.314,15.388,829,7,1,0,1,-1.000,0,-18000.000,-0.215
1909,19100086,1879,11.445,0.074,11.519,739,7,1,0,1,-1.000,0,-19183.334,-0.318
1910,19110086,2378,14.629,0.093,14.722,649,7,1,0,1,-1.000,0,-18033.334,-0.253
1911,19120086,2000,12.203,0.075,12.278,831,7,1,0,1,-1.000,0,-3366.667,-0.057
1912,19130086,2336,14.166,0.056,14.222,681,7,1,0,1,-1.000,0,-316.667,-0.004
1913,19140086,2230,13.574,0.111,13.685,922,7,1,0,1,-1.000,0,3950.000,0.045
1914,19150086,2208,13.408,14.870,28.278,693,7,1,1,1,0.151,1,43300.000,0.660
1915,19160086,2301,14.130,1.852,15.982,809,7,1,1,1,0.132,1,55216.668,1.344
1916,19170086,2091,12.722,1.222,13.944,640,7,1,1,1,0.129,1,50933.336,0.956
1917,19180086,2152,13.167,1.333,14.500,762,7,1,1,1,0.152,1,26216.668,0.468
1918,19190086,1956,11.889,0.074,11.963,659,7,1,0,1,0.091,0,-7683.333,-0.103
1919,19200086,2054,12.444,0.074,12.518,681,7,1,0,1,0.055,0,-6950.000,-0.076
1920,19210086,2021,12.259,0.074,12.333,662,7,1,0,1,-1.000,0,-50050.000,-0.460
1921,19220086,2034,12.444,0.074,12.518,725,7,1,0,1,-1.000,0,-22500.000,-0.234
1922,19230086,2167,13.148,0.148,13.296,732,7,1,0,1,-1.000,0,-48883.336,-0.469
1923,19240086,2029,12.370,0.056,12.426,718,7,1,0,1,-1.000,0,-7116.667,-0.087
1924,19250086,2221,13.500,0.093,13.593,654,7,1,0,1,-1.000,0,2266.667,0.034
1925,19260086,2193,13.370,0.056,13.426,867,7,1,0,1,-1.000,0,-43400.000,-0.517
1926,19270086,2039,12.389,0.092,12.481,666,7,1,0,1,-1.000,0,7150.000,0.121
1927,19280086,2236,13.537,0.055,13.592,811,7,1,0,1,-1.000,0,-1366.667,-0.019
1928,19290086,2017,12.296,0.074,12.370,657,7,1,0,1,-1.000,0,6900.000,0.125
1929,19300086,2246,13.704,0.203,13.907,796,7,1,0,1,-1.000,0,15116.667,0.201
1930,19310086,1934,11.741,4.019,15.760,662,7,1,1,1,0.283,1,18550.000,0.269
1931,19320086,2179,13.240,1.537,14.777,724,7,1,1,1,0.212,1,54733.336,1.348
1932,19330086,1900,11.555,0.093,11.648,675,7,1,0,1,0.127,0,16400.000,0.248
1933,19340086,2129,12.926,1.296,14.222,724,7,1,1,1,0.194,1,18516.668,0.256
1934,19350086,1967,11.907,1.241,13.148,715,7,1,1,1,0.160,1,77050.000,1.238
1935,19360086,2024,12.371,0.092,12.463,627,7,1,0,1,0.096,0,-25450.000,-0.282
1936,19370086,2017,12.333,0.093,12.426,699,7,1,0,1,0.058,0,-10150.000,-0.116
1937,19380086,1940,11.796,0.093,11.889,667,7,1,0,1,-1.000,0,-17216.668,-0.181
1938,19390086,2030,12.352,0.056,12.408,726,7,1,0,1,-1.000,0,-17600.000,-0.214
1939,19400086,1930,11.722,0.074,11.796,660,7,1,0,1,-1.000,0,-52766.668,-0.580
1940,19410086,2032,12.388,0.074,12.462,637,7,1,0,1,-1.000,0,-67283.336,-0.483
1941,19420086,2131,12.944,0.074,13.018,756,7,1,0,1,-1.000,0,3800.000,0.059
1942,19430086,1988,12.093,1.444,13.537,766,7,1,1,1,0.284,1,20700.000,0.267
1943,19440086,2223,13.537,0.093,13.630,736,7,1,0,1,0.171,0,13683.334,0.175
1944,19450086,2139,13.056,1.500,14.556,869,7,1,1,1,0.166,1,39433.336,0.609
1945,19460086,2011,12.204,1.167,13.371,629,7,1,1,1,0.140,1,57150.000,1.497
1946,19470086,2303,14.037,0.093,14.130,780,7,1,0,1,0.084,0,-20300.000,-0.282
1947,19480086,1867,11.315,0.241,11.556,671,7,1,0,1,0.050,0,16333.334,0.238
1948,19490086,2352,14.240,0.093,14.333,732,7,1,0,1,-1.000,0,-8000.000,-0.082
1949,19500086,1998,12.204,0.074,12.278,790,7,1,0,1,-1.000,0,2716.667,0.030
1950,19510086,2525,15.352,1.462,16.814,883,7,1,1,1,0.154,1,66566.672,0.639
1951,19520086,2412,14.703,1.463,16.166,849,7,1,1,1,0.141,1,92766.672,0.973
1952,19530086,2617,15.852,1.815,17.667,969,7,1,1,1,0.117,1,141133.344,2.729
1953,19540086,2432,14.667,1.574,16.241,895,7,1,1,1,0.109,1,138366.672,1.629
1954,19550086,2500,15.148,1.334,16.482,900,7,1,1,1,0.110,1,108150.000,1.200
1955,19560086,2329,14.204,1.166,15.370,853,7,1,1,1,0.185,1,23883.334,0.253
1956,19570086,2460,15.092,0.093,15.185,800,7,1,0,1,0.111,0,-50266.668,-0.294
1957,19580086,2173,13.352,0.074,13.426,770,7,1,0,1,0.066,0,-109000.000,-0.579
1958,19590086,2274,13.981,0.074,14.055,763,7,1,0,1,-1.000,0,-80750.000,-0.419
1959,19600086,2280,14.112,0.055,14.167,859,7,1,0,1,-1.000,0,-103600.000,-0.464
1960,19610086,2234,13.759,0.148,13.907,855,7,1,0,1,-1.000,0,-78783.336,-0.397
1961,19620086,2207,13.482,1.796,15.278,806,7,1,1,1,0.206,1,48550.000,0.410
1962,19630086,2111,12.945,0.092,13.037,729,7,1,0,1,0.124,0,11966.667,0.099
1963,19640086,2010,12.296,1.223,13.519,668,7,1,1,1,0.140,1,45566.668,0.576
1964,19650086,2156,13.129,0.074,13.203,716,7,1,0,1,0.084,0,-75233.336,-0.671
1965,19660086,1971,11.907,0.056,11.963,775,7,1,0,1,0.050,0,-43733.336,-0.365
1966,19670086,2272,13.796,0.093,13.889,788,7,1,0,1,-1.000,0,23333.334,0.195
1967,19680086,2272,13.797,0.111,13.908,869,7,1,0,1,-1.000,0,-21350.000,-0.128
1968,19690086,2450,14.834,0.074,14.908,829,7,1,0,1,-1.000,0,-27050.000,-0.204
1969,19700086,2361,14.315,0.093,14.408,856,7,1,0,1,-1.000,0,26383.334,0.212
1970,19710086,2536,15.333,3.593,18.926,785,7,1,1,1,0.078,1,124333.336,3.373
1971,19720086,2462,14.944,1.352,16.296,899,7,1,1,1,0.088,1,104950.000,1.382
1972,19730086,2451,14.889,0.092,14.981,812,7,1,0,1,0.053,0,-20133.334,-0.141
1973,19740086,2507,15.222,0.093,15.315,901,7,1,0,1,-1.000,0,-41200.000,-0.283
1974,19750086,2296,13.908,0.074,13.982,788,7,1,0,1,-1.000,0,-37783.336,-0.358
1975,19760086,2441,14.871,0.055,14.926,839,7,1,0,1,-1.000,0,-81450.000,-0.539
1976,19770086,2229,13.685,0.055,13.740,863,7,1,0,1,-1.000,0,-38350.000,-0.238
1977,19780086,2429,14.833,0.055,14.888,844,7,1,0,1,-1.000,0,-60016.668,-0.332
1978,19790086,2365,14.389,0.056,14.445,861,7,1,0,1,-1.000,0,1066.667,0.009
1979,19800086,2221,13.537,2.037,15.574,872,7,1,1,1,0.186,1,49600.000,0.475
1980,19810086,2139,13.037,1.241,14.278,722,7,1,1,1,0.151,1,108733.336,1.607
1981,19820086,2089,12.741,1.166,13.907,715,7,1,1,1,0.134,1,86033.336,1.236
1982,19830086,1879,11.426,0.074,11.500,683,7,1,0,1,0.080,0,-54250.000,-0.442
1983,19840086,2101,12.778,0.111,12.889,659,7,1,0,1,-1.000,0,26616.668,0.220
1984,19850086,2114,12.796,1.556,14.352,850,7,1,1,1,0.267,1,35866.668,0.290
1985,19860086,2288,13.852,0.111,13.963,779,7,1,0,1,0.160,0,1866.667,0.012
1986,19870086,2362,14.296,0.112,14.408,823,7,1,0,1,0.096,0,-19650.000,-0.111
1987,19880086,2381,14.444,0.074,14.518,775,7,1,0,1,0.058,0,2683.333,0.017
1988,19890086,2321,14.056,1.444,15.500,808,7,1,1,1,0.080,1,78650.000,1.147
1989,19900086,2368,14.315,0.092,14.407,729,7,1,0,1,-1.000,0,10800.000,0.073
1990,19910086,2463,14.962,0.093,15.055,894,7,1,0,1,-1.000,0,-41600.000,-0.261
1991,19920086,2324,14.055,0.093,14.148,783,7,1,0,1,-1.000,0,-43733.336,-0.281
1992,19930086,2434,14.796,0.093,14.889,811,7,1,0,1,-1.000,0,-38750.000,-0.247
1993,19940086,2187,13.333,0.092,13.425,771,7,1,0,1,-1.000,0,-45216.668,-0.286
1994,19950086,2394,14.778,0.055,14.833,776,7,1,0,1,-1.000,0,-28250.000,-0.192
1995,19960086,2388,14.648,0.056,14.704,921,7,1,0,1,-1.000,0,-34416.668,-0.217
1996,19970086,2394,14.592,1.612,16.204,908,7,1,1,1,0.185,1,56633.336,0.480
1997,19980086,2212,13.481,1.241,14.722,792,7,1,1,1,0.198,1,42783.336,0.382
1998,19990086,2244,13.686,1.166,14.852,842,7,1,1,1,0.192,1,57933.336,0.491
1999,20000086,2067,12.593,1.148,13.741,801,7,1,1,1,0.176,1,74050.000,0.655
2000,20010086,1956,11.833,1.129,12.962,618,7,1,1,1,0.203,1,38616.668,0.325
2001,20020086,2027,12.315,0.092,12.407,750,7,1,0,1,0.122,0,-62566.668,-0.505
2002,20030086,1731,10.537,0.093,10.630,631,7,1,0,1,0.073,0,-63483.336,-0.364
2003,20040086,2256,13.685,0.092,13.777,858,7,1,0,1,-1.000,0,29083.334,0.188
2004,20050086,2111,12.759,0.111,12.870,835,7,1,0,1,-1.000,0,12166.667,0.069
2005,20060086,2513,15.259,0.074,15.333,935,7,1,0,1,-1.000,0,25116.668,0.134
2006,20070086,2289,13.870,0.056,13.926,796,7,1,0,1,-1.000,0,14116.667,0.090
2007,20080086,2534,15.351,3.537,18.888,921,7,1,1,1,0.092,1,114683.336,1.870
2008,20090086,2375,14.444,0.074,14.518,854,7,1,0,1,0.055,0,6850.000,0.062
2009,20100086,2568,15.592,0.074,15.666,881,7,1,0,1,-1.000,0,-58000.000,-0.315
2010,20110086,2327,14.167,0.092,14.259,820,7,1,0,1,-1.000,0,-50100.000,-0.266
2011,20120086,2505,15.222,0.241,15.463,747,7,1,0,1,-1.000,0,-81183.336,-0.382
2012,20130086,2233,13.685,0.074,13.759,799,7,1,0,1,-1.000,0,-105183.336,-0.612
2013,20140086,2360,14.370,0.074,14.444,776,7,1,0,1,-1.000,0,-52016.668,-0.296
2014,20150086,2375,14.685,0.074,14.759,938,7,1,0,1,-1.000,0,7033.333,0.060
2015,20160086,2342,14.296,0.093,14.389,864,7,1,0,1,-1.000,0,4133.333,0.033
2016,20170086,2225,13.593,0.074,13.667,766,7,1,0,1,-1.000,0,-8933.334,-0.065
2017,20180086,2226,13.834,6.814,20.648,834,7,1,1,1,0.255,1,40333.336,0.308
2018,20190086,2033,13.667,6.629,20.296,711,7,1,1,1,0.196,1,85383.336,1.283
2019,20200086,1964,12.741,0.093,12.834,564,7,1,0,1,0.117,0,-46866.668,-0.378
2020,20210086,1959,12.075,0.092,12.167,761,7,1,0,1,0.070,0,-31700.000,-0.254
2021,20220086,1857,11.611,0.074,11.685,662,7,1,0,1,-1.000,0,-21050.000,-0.162
2022,20230086,2246,14.907,0.093,15.000,842,7,1,0,1,-1.000,0,-19983.334,-0.155
2023,20240086,2130,13.630,0.407,14.037,732,7,1,0,1,-1.000,0,-57416.668,-0.335
2024,20250086,2351,14.722,0.334,15.056,847,7,1,0,1,-1.000,0,-38883.336,-0.256
2025,20260086,2301,14.000,5.018,19.018,867,7,1,1,1,0.159,1,46866.668,0.608
2026,20270086,2463,15.056,1.463,16.519,892,7,1,1,1,0.188,1,32733.334,0.351
2027,20280086,2333,14.092,1.185,15.277,853,7,1,1,1,0.220,1,31216.668,0.286
2028,20290086,2402,15.315,24.092,39.407,844,7,1,1,1,0.232,1,34416.668,0.316
2029,20300086,2237,13.926,0.667,14.593,736,7,1,0,1,0.139,0,-34050.000,-0.299
2030,20310086,2271,13.852,0.074,13.926,703,7,1,0,1,0.084,0,-24183.334,-0.214
2031,20320086,2298,14.241,0.093,14.334,879,7,1,0,1,0.050,0,10333.334,0.083
2032,20330086,2329,14.334,0.129,14.463,900,7,1,0,1,-1.000,0,7266.667,0.058
2033,20340086,2327,14.296,0.075,14.371,795,7,1,0,1,-1.000,0,-11133.334,-0.079
2034,20350086,2220,13.630,0.222,13.852,821,7,1,0,1,-1.000,0,1400.000,0.010
2035,20360086,2048,12.481,12.407,24.888,741,7,1,1,1,0.162,1,47133.336,0.590
2036,20370086,2001,12.389,1.574,13.963,616,7,1,1,1,0.192,1,29883.334,0.336
2037,20380086,1926,11.796,0.056,11.852,763,7,1,0,1,0.115,0,-12400.000,-0.092
2038,20390086,1871,11.389,0.074,11.463,711,7,1,0,1,0.069,0,-7266.667,-0.054
2039,20400086,2261,13.686,0.111,13.797,897,7,1,0,1,-1.000,0,8333.334,0.065
2040,20410086,2116,12.889,0.074,12.963,824,7,1,0,1,-1.000,0,-6300.000,-0.043
2041,20420086,2408,14.592,0.111,14.703,895,7,1,0,1,-1.000,0,16850.000,0.133
2042,20430086,2253,13.666,0.093,13.759,791,7,1,0,1,-1.000,0,26316.668,0.222
2043,20440086,2524,15.389,0.407,15.796,921,7,1,0,1,-1.000,0,27400.000,0.225
2044,20450086,2319,14.185,0.074,14.259,842,7,1,0,1,-1.000,0,28733.334,0.228
2045,20460086,2415,14.852,0.074,14.926,863,7,1,0,1,-1.000,0,15150.000,0.110
2046,20470086,2299,14.222,0.092,14.314,831,7,1,0,1,-1.000,0,-20350.000,-0.147
2047,20480086,2374,14.815,0.074,14.889,788,7,1,0,1,-1.000,0,5566.667,0.039
2048,20490086,2347,14.574,0.093,14.667,931,7,1,0,1,-1.000,0,6600.000,0.045
2049,20500086,2342,14.723,0.074,14.797,905,7,1,0,1,-1.000,0,-7416.667,-0.050
2050,20510086,2344,14.703,0.130,14.833,819,7,1,0,1,-1.000,0,-14000.000,-0.090
2051,20520086,2328,14.463,0.074,14.537,865,7,1,0,1,-1.000,0,-18450.000,-0.121
2052,20530086,2044,12.648,3.630,16.278,789,7,1,1,1,0.271,1,33550.000,0.284
2053,20540086,2036,12.555,0.093,12.648,640,7,1,0,1,0.163,0,-20933.334,-0.140
2054,20550086,1784,10.944,0.093,11.037,803,7,1,0,1,0.098,0,-20666.668,-0.136
2055,20560086,2061,12.555,0.056,12.611,700,7,1,0,1,0.059,0,-5516.667,-0.039
2056,20570086,2307,14.037,0.074,14.111,977,7,1,0,1,-1.000,0,1066.667,0.008
2057,20580086,2245,13.611,0.093,13.704,827,7,1,0,1,-1.000,0,17666.668,0.132
2058,20590086,2598,15.740,0.093,15.833,1040,7,1,0,1,-1.000,0,11400.000,0.075
2059,20600086,2493,15.129,2.130,17.259,890,7,1,1,1,0.275,1,35833.336,0.279
2060,20610086,2525,15.370,1.241,16.611,989,7,1,1,1,0.267,1,40250.000,0.307
2061,20620086,2484,15.203,0.111,15.314,830,7,1,0,1,0.160,0,33600.000,0.246
2062,20630086,2473,14.981,0.074,15.055,972,7,1,0,1,0.096,0,20133.334,0.142
2063,20640086,2370,14.666,0.074,14.740,823,7,1,0,1,0.058,0,11333.334,0.075
2064,20650086,2395,14.889,0.111,15.000,914,7,1,0,1,-1.000,0,-11333.334,-0.069
2065,20660086,2325,14.426,0.093,14.519,854,7,1,0,1,-1.000,0,-6850.000,-0.042
2066,20670086,2511,15.629,0.093,15.722,902,7,1,0,1,-1.000,0,-11416.667,-0.067
2067,20680086,2501,15.445,0.185,15.630,993,7,1,0,1,-1.000,0,-2100.000,-0.012
2068,20690086,2328,14.408,0.055,14.463,938,7,1,0,1,-1.000,0,-14800.000,-0.091
2069,20700086,2063,12.759,0.074,12.833,733,7,1,0,1,-1.000,0,100.000,0.001
2070,20710086,2096,12.851,0.075,12.926,793,7,1,0,1,-1.000,0,-11166.667,-0.074
2071,20720086,1645,10.000,0.074,10.074,700,7,1,0,1,-1.000,0,-27400.000,-0.174
2072,20730086,1854,11.278,0.074,11.352,571,7,1,0,1,-1.000,0,-26433.334,-0.165
2073,20740086,2058,12.537,0.074,12.611,900,7,1,0,1,-1.000,0,-11566.667,-0.069
2074,20750086,2136,12.944,0.074,13.018,807,7,1,0,1,-1.000,0,-1500.000,-0.010
2075,20760086,2633,15.945,0.500,16.445,1097,7,1,0,1,-1.000,0,-6000.000,-0.037
2076,20770086,2718,16.462,0.075,16.537,1032,7,1,0,1,-1.000,0,24900.000,0.177
2077,20780086,2767,16.759,3.741,20.500,1075,7,1,1,1,0.254,1,40183.336,0.309
2078,20790086,2768,16.759,1.296,18.055,941,7,1,1,1,0.231,1,58833.336,0.441
2079,20800086,2578,15.685,0.111,15.796,979,7,1,0,1,0.139,0,38533.336,0.246
2080,20810086,2632,16.037,1.333,17.370,821,7,1,1,1,0.179,1,48966.668,0.336
2081,20820086,2549,15.667,0.093,15.760,990,7,1,0,1,0.107,0,14300.000,0.091
2082,20830086,2523,15.500,0.148,15.648,914,7,1,0,1,0.064,0,10816.667,0.065
2083,20840086,2852,17.630,0.074,17.704,1045,7,1,0,1,-1.000,0,6083.333,0.036
2084,20850086,2783,17.481,0.093,17.574,1077,7,1,0,1,-1.000,0,-10983.334,-0.057
2085,20860086,2651,16.611,0.092,16.703,1000,7,1,0,1,-1.000,0,-7500.000,-0.038
2086,20870086,2324,14.445,0.074,14.519,853,7,1,0,1,-1.000,0,-11000.000,-0.057
2087,20880086,2178,13.537,0.074,13.611,874,7,1,0,1,-1.000,0,10933.334,0.064
2088,20890086,1864,11.518,0.075,11.593,792,7,1,0,1,-1.000,0,-5066.667,-0.029
2089,20900086,2043,12.537,0.056,12.593,749,7,1,0,1,-1.000,0,-250.000,-0.001
2090,20910086,1943,11.871,0.074,11.945,893,7,1,0,1,-1.000,0,3683.333,0.020
2091,20920086,2335,14.296,0.074,14.370,845,7,1,0,1,-1.000,0,6433.333,0.034
2092,20930086,2499,15.259,0.055,15.314,1153,7,1,0,1,-1.000,0,12666.667,0.069
2093,20940086,2637,16.148,0.074,16.222,1019,7,1,0,1,-1.000,0,26800.000,0.147
2094,20950086,2540,15.481,1.574,17.055,1027,7,1,1,1,0.297,1,43300.000,0.253
2095,20960086,2543,15.649,0.074,15.723,923,7,1,0,1,0.178,0,41133.336,0.233
2096,20970086,2232,13.741,0.074,13.815,853,7,1,0,1,0.107,0,33733.336,0.182
2097,20980086,2385,14.777,0.093,14.870,838,7,1,0,1,0.064,0,12916.667,0.067
2098,20990086,2343,14.777,0.093,14.870,942,7,1,0,1,-1.000,0,-5533.333,-0.028
2099,21000086,2575,16.370,0.112,16.482,1035,7,1,0,1,-1.000,0,-13233.334,-0.063
2100,21010086,2731,17.203,0.093,17.296,1056,7,1,0,1,-1.000,0,-13400.000,-0.062
2101,21020086,2732,17.167,0.093,17.260,1011,7,1,0,1,-1.000,0,-1300.000,-0.006
2102,21030086,2547,16.333,0.055,16.388,1004,7,1,0,1,-1.000,0,-5366.667,-0.025
2103,21040086,2306,14.593,0.074,14.667,875,7,1,0,1,-1.000,0,7900.000,0.038
2104,21050086,2194,13.759,0.074,13.833,856,7,1,0,1,-1.000,0,19666.668,0.103
2105,21060086,1745,11.055,0.074,11.129,844,7,1,0,1,-1.000,0,32133.334,0.164
2106,21070086,2346,14.537,0.074,14.611,891,7,1,0,1,-1.000,0,17150.000,0.085
2107,21080086,2622,16.240,0.426,16.666,1208,7,1,0,1,-1.000,0,14850.000,0.069
2108,21090086,3324,20.630,0.074,20.704,1261,7,1,0,1,-1.000,0,10000.000,0.047
2109,21100086,3489,21.297,0.074,21.371,1530,7,1,0,1,-1.000,0,36133.336,0.168
2110,21110086,4190,25.481,0.074,25.555,1575,7,1,0,1,-1.000,0,32533.334,0.155
2111,21120086,4102,24.889,0.074,24.963,1522,7,1,0,1,-1.000,0,23533.334,0.103
2112,21130086,4120,25.037,0.074,25.111,1534,7,1,0,1,-1.000,0,45333.336,0.208
2113,21140086,3409,20.834,0.074,20.908,1282,7,1,0,1,-1.000,0,57450.000,0.249
2114,21150086,3110,19.278,4.130,23.408,1064,7,1,1,1,0.226,1,80633.336,0.361
2115,21160086,2421,15.056,0.092,15.148,998,7,1,0,1,0.136,0,54800.000,0.219
2116,21170086,2581,16.296,1.370,17.666,935,7,1,1,1,0.196,1,64166.668,0.264
2117,21180086,3108,19.555,0.074,19.629,1406,7,1,0,1,0.118,0,50633.336,0.201
2118,21190086,3739,23.370,0.056,23.426,1362,7,1,0,1,0.071,0,30800.000,0.117
2119,21200086,4230,26.444,0.074,26.518,1554,7,1,0,1,-1.000,0,17250.000,0.060
2120,21210086,3645,22.926,0.074,23.000,1503,7,1,0,1,-1.000,0,-1516.667,-0.005
2121,21220086,3499,21.926,0.093,22.019,1316,7,1,0,1,-1.000,0,-12833.334,-0.042
2122,21230086,2888,18.796,0.778,19.574,1260,7,1,0,1,-1.000,0,-4916.667,-0.016
2123,21240086,2780,18.166,0.333,18.499,988,7,1,0,1,-1.000,0,-13466.667,-0.045
2124,21250086,2110,13.204,0.074,13.278,1042,7,1,0,1,-1.000,0,-9300.000,-0.032
2125,21260086,2383,14.740,0.074,14.814,925,7,1,0,1,-1.000,0,-14583.334,-0.048
2126,21270086,2649,16.259,0.074,16.333,1269,7,1,0,1,-1.000,0,-1300.000,-0.004
2127,21280086,3234,19.760,0.074,19.834,1234,7,1,0,1,-1.000,0,20383.334,0.070
2128,21290086,3588,21.741,0.092,21.833,1712,7,1,0,1,-1.000,0,5633.333,0.019
2129,21300086,4192,25.389,0.074,25.463,1617,7,1,0,1,-1.000,0,27533.334,0.095
2130,21310086,3712,22.481,0.056,22.537,1524,7,1,0,1,-1.000,0,46416.668,0.163
2131,21320086,3742,22.722,0.056,22.778,1388,7,1,0,1,-1.000,0,52433.336,0.180
2132,21330086,2661,16.259,0.074,16.333,1110,7,1,0,1,-1.000,0,49016.668,0.163
2133,21340086,2641,16.277,0.075,16.352,859,7,1,0,1,-1.000,0,42150.000,0.135
2134,21350086,2280,14.000,0.056,14.056,958,7,1,0,1,-1.000,0,38883.336,0.126
2135,21360086,2894,17.833,0.074,17.907,1061,7,1,0,1,-1.000,0,20200.000,0.064
2136,21370086,3329,20.444,0.074,20.518,1513,7,1,0,1,-1.000,0,-3350.000,-0.010
2137,21380086,3411,21.167,0.055,21.222,1375,7,1,0,1,-1.000,0,11850.000,0.035
2138,21390086,3795,23.500,0.074,23.574,1472,7,1,0,1,-1.000,0,5116.667,0.015
2139,21400086,3460,21.519,0.241,21.760,1429,7,1,0,1,-1.000,0,-3383.333,-0.010
2140,21410086,3364,20.834,0.055,20.889,1482,7,1,0,1,-1.000,0,5100.000,0.015
2141,21420086,2964,18.445,0.074,18.519,1372,7,1,0,1,-1.000,0,-3366.667,-0.010
2142,21430086,2269,14.129,0.056,14.185,937,7,1,0,1,-1.000,0,3266.667,0.010
2143,21440086,1678,10.630,0.074,10.704,872,7,1,0,1,-1.000,0,-32050.000,-0.090
2144,21450086,2075,13.037,0.148,13.185,1117,7,1,0,1,-1.000,0,-11850.000,-0.033
2145,21460086,3286,20.166,0.093,20.259,1356,7,1,0,1,-1.000,0,-6766.667,-0.019
2146,21470086,3841,23.481,0.130,23.611,1899,7,1,0,1,-1.000,0,6766.667,0.019
2147,21480086,5340,32.407,0.093,32.500,2178,7,1,0,1,-1.000,0,21950.000,0.066
2148,21490086,5154,31.314,0.074,31.388,1983,7,1,0,1,-1.000,0,11833.334,0.036
2149,21500086,5134,31.203,0.056,31.259,1970,7,1,0,1,-1.000,0,35433.336,0.110
2150,21510086,4889,29.704,0.074,29.778,1689,7,1,0,1,-1.000,0,-8450.000,-0.025
2151,21520086,3525,21.630,0.074,21.704,1423,7,1,0,1,-1.000,0,6766.667,0.020
2152,21530086,2881,17.797,0.074,17.871,957,7,1,0,1,-1.000,0,-10150.000,-0.028
2153,21540086,2363,14.629,0.056,14.685,994,7,1,0,1,-1.000,0,-45516.668,-0.128
2154,21550086,2620,16.259,0.074,16.333,1120,7,1,0,1,-1.000,0,10100.000,0.029
2155,21560086,4253,26.204,0.055,26.259,1855,7,1,0,1,-1.000,0,-8500.000,-0.024
2156,21570086,4634,28.482,0.074,28.556,1848,7,1,0,1,-1.000,0,-3383.333,-0.010
2157,21580086,5131,31.426,0.074,31.500,1840,7,1,0,1,-1.000,0,-11833.334,-0.034
2158,21590086,4584,28.055,0.056,28.111,1718,7,1,0,1,-1.000,0,-15283.334,-0.044
2159,21600086,4023,24.648,0.074,24.722,1410,7,1,0,1,-1.000,0,50766.668,0.164
2160,21610086,2657,16.907,0.296,17.203,1115,7,1,0,1,-1.000,0,-1683.333,-0.005
2161,21620086,1710,10.797,0.055,10.852,746,7,1,0,1,-1.000,0,-5283.333,-0.015
2162,21630086,1851,11.686,0.074,11.760,937,7,1,0,1,-1.000,0,37683.336,0.114
2163,21640086,3018,18.870,0.075,18.945,1456,7,1,0,1,-1.000,0,32733.334,0.096
2164,21650086,4848,29.630,0.074,29.704,2055,7,1,0,1,-1.000,0,16800.000,0.050
2165,21660086,4982,30.296,0.056,30.352,2112,7,1,0,1,-1.000,0,7000.000,0.019
2166,21670086,5674,34.296,0.056,34.352,2169,7,1,0,1,-1.000,0,8683.334,0.025
2167,21680086,5453,33.074,0.074,33.148,1934,7,1,0,1,-1.000,0,-3483.333,-0.010
2168,21690086,3815,23.185,0.074,23.259,1445,7,1,0,1,-1.000,0,-12250.000,-0.033
2169,21700086,2873,17.500,0.092,17.592,832,7,1,0,1,-1.000,0,-24316.668,-0.065
2170,21710086,2052,12.592,0.074,12.666,976,7,1,0,1,-1.000,0,-65200.000,-0.186
2171,21720086,3633,22.111,0.278,22.389,1289,7,1,0,1,-1.000,0,-84933.336,-0.231
2172,21730086,4593,27.815,0.055,27.870,1852,7,1,0,1,-1.000,0,-63233.336,-0.175
2173,21740086,5085,30.814,0.093,30.907,1983,7,1,0,1,-1.000,0,3266.667,0.010
2174,21750086,5065,30.963,0.074,31.037,1996,7,1,0,1,-1.000,0,13800.000,0.039
2175,21760086,4847,29.648,0.075,29.723,1690,7,1,0,1,-1.000,0,36550.000,0.105
2176,21770086,3632,22.426,21.815,44.241,1454,7,1,1,1,0.271,1,80850.000,0.284
2177,21780086,2496,16.315,0.315,16.630,1096,7,1,0,1,0.163,0,68600.000,0.243
2178,21790086,1690,11.129,0.148,11.277,938,7,1,0,1,0.098,0,56066.668,0.189
2179,21800086,3381,21.092,0.074,21.166,1790,7,1,0,1,0.059,0,17616.668,0.051
2180,21810086,5472,33.611,0.092,33.703,2484,7,1,0,1,-1.000,0,3733.333,0.010
2181,21820086,7610,46.796,0.074,46.870,3119,7,1,0,1,-1.000,0,-1633.333,-0.004
2182,21830086,7581,46.629,0.408,47.037,3073,7,1,0,1,-1.000,0,21250.000,0.058
2183,21840086,7456,45.203,0.093,45.296,2794,7,1,0,1,-1.000,0,21133.334,0.060
2184,21850086,5978,36.093,0.055,36.148,2207,7,1,0,1,-1.000,0,2733.333,0.008
2185,21860086,4206,25.740,0.074,25.814,1652,7,1,0,1,-1.000,0,-12250.000,-0.034
2186,21870086,2912,17.741,0.111,17.852,993,7,1,0,1,-1.000,0,-31533.334,-0.084
2187,21880086,2032,12.389,0.092,12.481,966,7,1,0,1,-1.000,0,-53433.336,-0.139
2188,21890086,2983,18.204,0.074,18.278,1280,7,1,0,1,-1.000,0,-50900.000,-0.132
2189,21900086,3862,23.426,0.074,23.500,1671,7,1,0,1,-1.000,0,-6433.333,-0.017
2190,21910086,4593,27.981,0.185,28.166,1851,7,1,0,1,-1.000,0,22266.668,0.063
2191,21920086,5132,31.203,0.093,31.296,2004,7,1,0,1,-1.000,0,46100.000,0.132
2192,21930086,4976,30.444,0.074,30.518,1992,7,1,0,1,-1.000,0,72166.672,0.210
2193,21940086,4647,29.482,21.944,51.426,1760,7,1,1,1,0.263,1,97600.000,0.296
2194,21950086,3221,21.019,2.055,23.074,1404,7,1,1,1,0.267,1,95066.672,0.283
2195,21960086,2782,19.407,0.408,19.815,1426,7,1,0,1,0.160,0,72266.672,0.198
2196,21970086,2956,19.648,0.056,19.704,1579,7,1,0,1,0.096,0,63333.336,0.167
2197,21980086,4232,26.629,0.648,27.277,2011,7,1,0,2,-1.000,0,0.000,0.000
2198,21990086,5600,36.407,0.074,36.481,2519,7,1,0,2,-1.000,0,194100.000,0.102
2199,22000086,7177,44.240,0.074,44.314,3124,7,1,0,2,-1.000,0,211500.000,0.223
2200,22010086,7294,44.222,9.241,53.463,2853,7,1,1,2,0.123,1,203766.672,0.322
2201,22020086,6736,40.759,1.704,42.463,2551,7,1,1,2,0.131,1,184825.000,0.390
2202,22030086,3971,24.315,0.130,24.445,1468,5,1,0,1,0.058,0,4583.333,0.010
2203,22040086,2867,17.370,0.092,17.462,1232,5,1,0,1,-1.000,0,4300.000,0.002
2204,22050086,3052,18.500,0.093,18.593,1549,5,1,0,1,-1.000,0,-114450.000,-0.085
2205,22060086,4822,29.519,0.092,29.611,2201,5,1,0,1,-1.000,0,-136800.000,-0.153
2206,22070086,6230,37.611,0.130,37.741,2583,4,1,0,2,0.079,0,10616.667,0.025
2207,22080086,7240,43.685,0.111,43.796,2805,4,1,0,2,-1.000,0,-25200.000,-0.057
2208,22090086,7198,43.593,0.111,43.704,2849,4,1,0,2,-1.000,0,-165900.000,-0.129
2209,22100086,7243,44.315,0.093,44.408,2934,4,1,0,1,-1.000,0,-60066.668,-0.134
2210,22110086,7677,47.407,0.371,47.778,3082,4,1,0,1,-1.000,0,-35333.336,-0.087
2211,22120086,7997,49.426,0.352,49.778,3056,4,1,0,1,-1.000,0,-13916.667,-0.037
2212,22130086,8474,52.926,0.111,53.037,3248,4,1,0,1,-1.000,0,-60066.668,-0.078
2213,22140086,8716,56.185,0.630,56.815,3429,5,1,0,1,-1.000,0,-45050.000,-0.078
2214,22150086,9068,65.778,0.074,65.852,3354,6,1,0,1,-1.000,0,-33920.000,-0.073
2215,22160086,9311,78.018,0.185,78.203,3795,7,1,0,1,-1.000,0,-33400.000,-0.086
2216,22170086,9169,73.981,0.074,74.055,3141,7,1,0,1,-1.000,0,-19266.668,-0.052
2217,22180086,13461,99.555,0.074,99.629,5512,7,1,0,1,-1.000,0,-10433.334,-0.029
2218,22190086,16954,123.851,0.389,124.240,6558,7,1,0,1,-1.000,0,-3366.667,-0.009
2219,22200086,17535,136.869,0.112,136.981,5648,7,1,0,1,-1.000,0,-11766.667,-0.033
2220,22210086,15002,127.518,0.186,127.704,4774,7,1,0,1,-1.000,0,-5133.333,-0.014
2221,22220086,11245,98.851,0.075,98.926,3774,7,1,0,1,-1.000,0,-1633.333,-0.005
2222,22230086,10796,95.092,0.093,95.185,3623,7,1,0,0,-1.000,0,0.000,0.000
2223,22240086,8857,73.296,0.074,73.370,3176,7,1,0,0,-1.000,0,-53000.000,-0.021
2224,22250086,8552,70.962,0.075,71.037,2776,7,1,0,0,-1.000,0,-58300.000,-0.046
2225,22260086,7349,55.611,0.704,56.315,2652,7,1,0,0,-1.000,0,-10600.000,-0.013
2226,22270086,6570,46.611,0.130,46.741,2281,7,1,0,0,-1.000,0,-19075.000,-0.030
2227,22280086,6454,47.555,0.056,47.611,2370,7,1,0,0,-1.000,0,-13160.000,-0.026
2228,22290086,5364,39.778,0.074,39.852,1875,7,1,0,0,-1.000,0,79866.672,0.190
2229,22300086,4601,39.871,0.092,39.963,1555,7,1,0,0,-1.000,0,-66633.336,-0.162
2230,22310086,3327,29.222,0.056,29.278,1393,7,1,0,0,-1.000,0,-68766.672,-0.171
2231,22320086,3413,30.130,0.111,30.241,1247,7,1,0,1,-1.000,0,0.000,0.000
2232,22330086,3738,32.962,0.075,33.037,1616,6,1,0,0,-1.000,0,49483.336,0.121
2233,22340086,3790,32.907,0.074,32.981,1536,6,1,0,0,-1.000,0,36750.000,0.090
2234,22350086,4394,38.834,0.055,38.889,1746,6,1,0,0,-1.000,0,-93483.336,-0.187
2235,22360086,4171,34.037,0.074,34.111,1775,6,1,0,0,-1.000,0,24983.334,0.072
2236,22370086,4503,39.019,0.074,39.093,1633,6,1,0,0,-1.000,0,73266.672,0.221
2237,22380086,4082,34.926,0.055,34.981,1796,6,1,0,0,-1.000,0,12760.000,0.023
2238,22390086,4057,35.037,0.481,35.518,1595,7,1,0,0,-1.000,0,-1933.333,-0.004
2239,22400086,4319,37.666,0.074,37.740,1932,7,1,0,0,-1.000,0,56150.000,0.126
2240,22410086,4116,34.000,0.074,34.074,1965,7,1,0,0,-1.000,0,70150.000,0.172
2241,22420086,4565,39.500,20.000,59.500,2055,7,1,1,0,0.194,1,165316.672,0.447
2242,22430086,3901,33.129,2.278,35.407,1859,7,1,1,0,0.230,1,108566.672,0.268
2243,22440086,3993,34.852,0.092,34.944,1576,7,1,0,0,0.138,0,44616.668,0.095
2244,22450086,3659,32.389,0.092,32.481,1704,7,1,0,0,0.083,0,-40600.000,-0.089
2245,22460086,3716,32.278,0.092,32.370,1510,7,1,0,0,-1.000,0,-82550.000,-0.164
2246,22470086,3888,34.907,0.092,34.999,1665,7,1,0,1,-1.000,0,0.000,0.000
2247,22480086,3073,27.352,0.574,27.926,1287,6,1,0,0,-1.000,0,-276100.000,-0.516
2248,22490086,3464,30.573,0.075,30.648,1218,6,1,0,1,-1.000,0,0.000,0.000
2249,22500086,3143,28.130,0.055,28.185,1367,6,1,0,1,-1.000,0,-3500.000,-0.048
2250,22510086,3159,27.703,0.074,27.777,1068,6,1,0,1,-1.000,0,-700.000,-0.013
2251,22520086,3181,28.148,0.074,28.222,1222,6,1,0,1,-1.000,0,-560.000,-0.013
2252,22530086,2755,23.926,0.056,23.982,999,6,1,0,1,-1.000,0,-466.667,-0.013
2253,22540086,2971,25.037,0.092,25.129,1113,6,1,0,1,-1.000,0,-560.000,-0.013
2254,22550086,2237,18.407,0.056,18.463,980,7,1,0,1,-1.000,0,816.667,0.022
2255,22560086,2392,18.111,0.092,18.203,746,7,1,0,1,-1.000,0,1750.000,0.051
2256,22570086,2170,16.241,0.074,16.315,928,7,1,0,1,-1.000,0,-1283.333,-0.036
2257,22580086,1920,13.814,0.167,13.981,688,7,1,0,1,-1.000,0,0.000,0.000
2258,22590086,2221,15.389,0.056,15.445,866,7,1,0,1,-1.000,0,0.000,0.000
2259,22600086,1820,12.852,0.074,12.926,760,7,1,0,1,-1.000,0,1283.333,0.036
2260,22610086,2132,14.315,0.074,14.389,631,7,1,0,1,-1.000,0,-816.667,-0.022
2261,22620086,1739,11.759,0.056,11.815,802,7,1,0,1,-1.000,0,-1750.000,-0.048
2262,22630086,1805,11.852,0.074,11.926,516,7,1,0,1,-1.000,0,1750.000,0.051
2263,22640086,1862,12.092,0.056,12.148,729,7,1,0,1,-1.000,0,466.667,0.013
2264,22650086,1625,10.814,0.056,10.870,601,7,1,0,1,-1.000,0,466.667,0.013
2265,22660086,1973,12.500,0.074,12.574,704,7,1,0,1,-1.000,0,-2116.667,-0.057
2266,22670086,1483,9.334,0.055,9.389,677,7,1,0,1,-1.000,0,-466.667,-0.013
2267,22680086,1791,11.185,0.463,11.648,487,7,1,0,1,-1.000,0,1750.000,0.051
2268,22690086,1650,10.278,0.074,10.352,687,7,1,0,1,-1.000,0,-1300.000,-0.036
2269,22700086,1537,9.555,0.056,9.611,447,7,1,0,1,-1.000,0,0.000,0.000
2270,22710086,1801,11.185,0.055,11.240,637,7,1,0,1,-1.000,0,0.000,0.000
2271,22720086,1463,9.111,0.074,9.185,573,7,1,0,1,-1.000,0,833.333,0.024
2272,22730086,1810,11.241,0.055,11.296,491,7,1,0,1,-1.000,0,-1283.333,-0.036
2273,22740086,1468,9.037,0.074,9.111,673,7,1,0,1,-1.000,0,-1750.000,-0.048
2274,22750086,1587,9.814,0.149,9.963,416,7,1,0,1,-1.000,0,1300.000,0.037
2275,22760086,1609,9.907,0.056,9.963,575,7,1,0,1,-1.000,0,-466.667,-0.013
2276,22770086,1407,8.666,0.056,8.722,468,7,1,0,1,-1.000,0,-1750.000,-0.048
2277,22780086,1779,10.926,0.056,10.982,611,7,1,0,1,-1.000,0,-833.333,-0.023
2278,22790086,1406,8.703,0.056,8.759,559,7,1,0,1,-1.000,0,0.000,0.000
2279,22800086,1736,10.685,0.074,10.759,462,7,1,0,1,-1.000,0,0.000,0.000
2280,22810086,1564,9.666,0.056,9.722,675,7,1,0,1,-1.000,0,-1750.000,-0.048
2281,22820086,1440,8.944,0.075,9.019,438,7,1,0,1,-1.000,0,-1283.333,-0.036
2282,22830086,1673,10.240,0.075,10.315,601,7,1,0,1,-1.000,0,-450.000,-0.013
2283,22840086,1404,8.704,0.056,8.760,527,7,1,0,1,-1.000,0,-450.000,-0.013
2284,22850086,1745,10.685,0.075,10.760,551,7,1,0,1,-1.000,0,0.000,0.000
2285,22860086,1371,8.407,0.074,8.481,635,7,1,0,1,-1.000,0,1283.333,0.037
2286,22870086,1515,9.241,0.055,9.296,374,7,1,0,1,-1.000,0,0.000,0.000
2287,22880086,1543,9.370,0.056,9.426,553,7,1,0,1,-1.000,0,450.000,0.013
2288,22890086,1341,8.222,0.056,8.278,431,7,1,0,1,-1.000,0,900.000,0.026
2289,22900086,1704,10.408,0.074,10.482,557,7,1,0,1,-1.000,0,0.000,0.000
2290,22910086,1381,8.482,0.055,8.537,538,7,1,0,1,-1.000,0,0.000,0.000
2291,22920086,1632,9.889,0.055,9.944,410,7,1,0,1,-1.000,0,-1283.333,-0.036
2292,22930086,1423,8.722,0.056,8.778,589,7,1,0,1,-1.000,0,450.000,0.013
2293,22940086,1370,8.296,0.074,8.370,379,7,1,0,1,-1.000,0,0.000,0.000
2294,22950086,1605,9.740,0.074,9.814,537,7,1,0,1,-1.000,0,0.000,0.000
2295,22960086,1347,8.222,0.075,8.297,532,7,1,0,1,-1.000,0,450.000,0.013
2296,22970086,1670,10.130,0.074,10.204,526,7,1,0,1,-1.000,0,450.000,0.013
2297,22980086,1294,7.851,0.056,7.907,560,7,1,0,1,-1.000,0,0.000,0.000
2298,22990086,1477,9.000,0.056,9.056,369,7,1,0,1,-1.000,0,-450.000,-0.013
2299,23000086,1468,8.926,0.129,9.055,505,7,1,0,1,-1.000,0,-900.000,-0.026
2300,23010086,1337,8.167,0.055,8.222,442,7,1,0,1,-1.000,0,-900.000,-0.026
2301,23020086,1624,9.926,0.074,10.000,506,7,1,0,1,-1.000,0,-450.000,-0.013
2302,23030086,1280,7.815,0.074,7.889,501,7,1,0,1,-1.000,0,-900.000,-0.026
2303,23040086,1546,9.370,0.074,9.444,358,7,1,0,1,-1.000,0,-450.000,-0.013
2304,23050086,1387,8.463,0.093,8.556,588,7,1,0,1,-1.000,0,-450.000,-0.013
2305,23060086,1321,8.000,0.074,8.074,375,7,1,0,1,-1.000,0,0.000,0.000
2306,23070086,1537,9.371,0.129,9.500,502,7,1,0,1,-1.000,0,0.000,0.000
2307,23080086,1234,7.500,0.074,7.574,483,7,1,0,1,-1.000,0,-450.000,-0.013
2308,23090086,1507,9.166,0.074,9.240,473,7,1,0,1,-1.000,0,0.000,0.000
2309,23100086,1283,7.815,0.055,7.870,532,7,1,0,1,-1.000,0,-1266.667,-0.037
2310,23110086,1447,8.833,0.056,8.889,351,7,1,0,1,-1.000,0,450.000,0.013
2311,23120086,1389,8.463,0.074,8.537,521,7,1,0,1,-1.000,0,-1266.667,-0.037
2312,23130086,1227,7.537,0.074,7.611,396,7,1,0,1,-1.000,0,0.000,0.000
2313,23140086,1488,9.056,0.055,9.111,477,7,1,0,1,-1.000,0,-833.333,-0.024
2314,23150086,1182,7.185,0.055,7.240,501,7,1,0,1,-1.000,0,0.000,0.000
2315,23160086,1482,9.018,0.074,9.092,431,7,1,0,1,-1.000,0,1716.667,0.052
2316,23170086,1313,7.981,0.056,8.037,556,7,1,0,1,-1.000,0,0.000,0.000
2317,23180086,1223,7.611,8.482,16.093,330,7,1,1,1,0.072,1,165516.672,5.026
2318,23190086,1390,8.463,0.056,8.519,466,7,1,0,1,-1.000,0,450.000,0.013
2319,23200086,1156,7.037,0.074,7.111,491,7,1,0,1,-1.000,0,833.333,0.025
2320,23210086,1446,8.926,0.074,9.000,440,7,1,0,1,-1.000,0,450.000,0.013
2321,23220086,1230,7.574,0.056,7.630,519,7,1,0,1,-1.000,0,-450.000,-0.013
2322,23230086,1289,7.851,0.093,7.944,340,7,1,0,1,-1.000,0,-450.000,-0.013
2323,23240086,1316,8.074,0.778,8.852,510,7,1,0,1,-1.000,0,-164250.000,-0.828
2324,23250086,1159,23.963,0.333,24.296,391,7,1,0,1,-1.000,0,-450.000,-0.013
2325,23260086,1399,8.611,0.148,8.759,431,7,1,0,1,-1.000,0,450.000,0.013
2326,23270086,1125,7.278,0.148,7.426,461,7,1,0,1,-1.000,0,-1716.667,-0.050
2327,23280086,1361,8.982,0.055,9.037,357,7,1,0,1,-1.000,0,-833.333,-0.024
2328,23290086,1201,7.389,0.074,7.463,471,7,1,0,1,-1.000,0,-2116.667,-0.062
2329,23300086,1130,6.944,0.056,7.000,334,7,1,0,1,-1.000,0,-2116.667,-0.062
2330,23310086,1316,8.018,0.056,8.074,435,7,1,0,1,-1.000,0,-2116.667,-0.062
2331,23320086,1050,6.556,0.463,7.019,411,7,1,0,1,-1.000,0,-2566.667,-0.074
2332,23330086,1366,8.407,0.056,8.463,352,7,1,0,1,-1.000,0,-850.000,-0.026
2333,23340086,1125,6.889,0.056,6.945,483,7,1,0,1,-1.000,0,-1283.333,-0.038
2334,23350086,1215,7.481,0.074,7.555,327,7,1,0,1,-1.000,0,0.000,0.000
2335,23360086,1264,7.759,0.056,7.815,450,7,1,0,1,-1.000,0,0.000,0.000
2336,23370086,1106,6.778,0.055,6.833,386,7,1,0,1,-1.000,0,0.000,0.000
2337,23380086,1312,8.018,0.056,8.074,396,7,1,0,1,-1.000,0,-1283.333,-0.040
2338,23390086,1007,9.611,0.296,9.907,419,7,1,0,1,-1.000,0,-1683.333,-0.052
2339,23400086,1220,7.462,0.075,7.537,363,7,1,0,1,-1.000,0,-1283.333,-0.040
2340,23410086,1151,7.075,0.185,7.260,511,7,1,0,1,-1.000,0,-1283.333,-0.040
2341,23420086,1087,6.648,0.056,6.704,377,7,1,0,1,-1.000,0,-1283.333,-0.040
2342,23430086,1240,7.629,0.074,7.703,426,7,1,0,1,-1.000,0,-1283.333,-0.040
2343,23440086,1007,6.204,0.055,6.259,400,7,1,0,1,-1.000,0,0.000,0.000
2344,23450086,1252,7.704,0.056,7.760,324,7,1,0,1,-1.000,0,400.000,0.013
2345,23460086,1041,6.445,0.074,6.519,446,7,1,0,1,-1.000,0,-400.000,-0.013
2346,23470086,1181,7.314,0.056,7.370,341,7,1,0,1,-1.000,0,0.000,0.000
2347,23480086,1188,7.408,0.055,7.463,488,7,1,0,1,-1.000,0,0.000,0.000
2348,23490086,1011,6.222,0.185,6.407,394,7,1,0,1,-1.000,0,0.000,0.000
2349,23500086,1255,7.796,0.056,7.852,447,7,1,0,1,-1.000,0,-1283.333,-0.042
2350,23510086,975,6.093,0.074,6.167,436,7,1,0,1,-1.000,0,-400.000,-0.013
2351,23520086,1164,7.241,0.055,7.296,319,7,1,0,1,-1.000,0,-883.333,-0.029
2352,23530086,1094,6.815,0.056,6.871,439,7,1,0,1,-1.000,0,-1283.333,-0.042
2353,23540086,1023,6.445,0.074,6.519,325,7,1,0,1,-1.000,0,-1283.333,-0.042
2354,23550086,1188,7.352,0.056,7.408,438,7,1,0,1,-1.000,0,-1666.667,-0.054
2355,23560086,940,5.778,0.055,5.833,390,7,1,0,1,-1.000,0,-383.333,-0.013
2356,23570086,1197,7.426,0.055,7.481,337,7,1,0,1,-1.000,0,-883.333,-0.029
2357,23580086,974,6.074,0.148,6.222,434,7,1,0,1,-1.000,0,-383.333,-0.013
2358,23590086,1057,6.630,0.055,6.685,321,7,1,0,1,-1.000,0,-1283.333,-0.043
2359,23600086,1074,6.667,0.074,6.741,412,7,1,0,1,-1.000,0,0.000,0.000
2360,23610086,938,5.870,0.074,5.944,334,7,1,0,1,-1.000,0,383.333,0.013
2361,23620086,1178,7.352,0.056,7.408,430,7,1,0,1,-1.000,0,383.333,0.013
2362,23630086,939,5.944,0.056,6.000,420,7,1,0,1,-1.000,0,-1650.000,-0.056
2363,23640086,1070,6.704,0.129,6.833,312,7,1,0,1,-1.000,0,-900.000,-0.031
2364,23650086,1020,6.426,0.056,6.482,433,7,1,0,1,-1.000,0,0.000,0.000
2365,23660086,970,6.166,0.130,6.296,327,7,1,0,1,-1.000,0,-1283.333,-0.043
2366,23670086,1117,6.981,0.056,7.037,407,7,1,0,1,-1.000,0,-1283.333,-0.043
2367,23680086,917,5.888,0.093,5.981,355,7,1,0,1,-1.000,0,-1650.000,-0.056
2368,23690086,1099,6.852,0.074,6.926,343,7,1,0,1,-1.000,0,366.667,0.013
2369,23700086,917,5.815,0.074,5.889,427,7,1,0,1,-1.000,0,0.000,0.000
2370,23710086,960,6.000,0.259,6.259,310,7,1,0,1,-1.000,0,0.000,0.000
2371,23720086,1012,6.352,0.055,6.407,393,7,1,0,1,-1.000,0,0.000,0.000
2372,23730086,889,5.574,0.055,5.629,370,7,1,0,1,-1.000,0,0.000,0.000
2373,23740086,1107,6.981,0.056,7.037,311,7,1,0,1,-1.000,0,366.667,0.013
2374,23750086,845,5.315,0.055,5.370,393,7,1,0,1,-1.000,0,-366.667,-0.013
2375,23760086,969,6.018,0.056,6.074,331,7,1,0,1,-1.000,0,0.000,0.000
2376,23770086,967,6.037,0.074,6.111,415,7,1,0,1,-1.000,0,0.000,0.000
2377,23780086,899,5.630,0.055,5.685,321,7,1,0,1,-1.000,0,-366.667,-0.013
2378,23790086,1006,6.186,0.055,6.241,364,7,1,0,1,-1.000,0,0.000,0.000
2379,23800086,808,5.000,0.055,5.055,380,7,1,0,1,-1.000,0,-366.667,-0.013
2380,23810086,1014,6.259,0.056,6.315,318,7,1,0,1,-1.000,0,0.000,0.000
2381,23820086,864,5.834,0.111,5.945,412,7,1,0,1,-1.000,0,-366.667,-0.013
2382,23830086,932,5.852,0.055,5.907,324,7,1,0,1,-1.000,0,0.000,0.000
2383,23840086,978,6.223,0.074,6.297,356,7,1,0,1,-1.000,0,366.667,0.013
2384,23850086,820,5.167,0.056,5.223,334,7,1,0,1,-1.000,0,-1283.333,-0.045
2385,23860086,988,6.167,0.296,6.463,272,7,1,0,1,-1.000,0,366.667,0.013
2386,23870086,790,4.889,0.055,4.944,369,7,1,0,1,-1.000,0,-1616.667,-0.058
2387,23880086,952,6.019,0.055,6.074,336,7,1,0,1,-1.000,0,366.667,0.013
2388,23890086,979,6.204,0.055,6.259,400,7,1,0,1,-1.000,0,0.000,0.000
2389,23900086,882,5.870,0.074,5.944,343,7,1,0,1,-1.000,0,0.000,0.000
2390,23910086,1044,6.778,0.055,6.833,387,7,1,0,1,-1.000,0,0.000,0.000
2391,23920086,835,5.555,0.074,5.629,414,7,1,0,1,-1.000,0,-1283.333,-0.045
2392,23930086,993,6.315,0.056,6.371,325,7,1,0,1,-1.000,0,-583.333,-0.022
2393,23940086,934,6.389,0.055,6.444,394,7,1,0,1,-1.000,0,-1283.333,-0.045
2394,23950086,855,5.629,0.130,5.759,293,7,1,0,1,-1.000,0,-2566.667,-0.091
2395,23960086,959,6.500,0.445,6.945,367,7,1,0,1,-1.000,0,-2566.667,-0.091
2396,23970086,770,4.926,0.148,5.074,336,7,1,0,1,-1.000,0,-1283.333,-0.048
2397,23980086,991,6.407,0.056,6.463,323,7,1,0,1,-1.000,0,-1283.333,-0.048
2398,23990086,847,5.704,21.741,27.445,460,7,1,1,1,0.132,1,21266.668,0.829
2399,24000086,1049,7.463,2.963,10.426,367,7,1,1,1,0.135,1,20516.668,0.761
2400,24010086,1063,7.407,1.574,8.981,449,7,1,1,1,0.129,1,25483.334,0.993
2401,24020086,988,6.537,1.945,8.482,372,7,1,1,1,0.125,1,26600.000,1.036
2402,24030086,1144,7.352,1.555,8.907,464,7,1,1,1,0.125,1,23400.000,0.912
2403,24040086,989,6.241,1.241,7.482,471,7,1,1,1,0.121,1,28733.334,1.119
2404,24050086,1209,7.629,0.074,7.703,379,7,1,0,1,0.072,0,4733.333,0.101
2405,24060086,1033,6.555,0.093,6.648,472,7,1,0,1,-1.000,0,6266.667,0.132
2406,24070086,1127,7.093,0.092,7.185,394,7,1,0,1,-1.000,0,-1550.000,-0.030
2407,24080086,1222,7.593,0.074,7.667,481,7,1,0,1,-1.000,0,-66.667,-0.001
2408,24090086,850,5.370,0.074,5.444,448,7,1,0,1,-1.000,0,4433.333,0.090
2409,24100086,985,6.204,0.074,6.278,315,7,1,0,1,-1.000,0,-6333.333,-0.116
2410,24110086,742,4.797,0.111,4.908,386,7,1,0,1,-1.000,0,-6216.667,-0.120
2411,24120086,848,5.408,0.074,5.482,379,7,1,0,1,-1.000,0,-16133.334,-0.300
2412,24130086,704,4.667,0.055,4.722,403,7,1,0,1,-1.000,0,-18100.000,-0.365
2413,24140086,694,4.574,0.074,4.648,241,7,1,0,1,-1.000,0,-18466.668,-0.354
2414,24150086,746,4.833,0.074,4.907,251,7,1,0,1,-1.000,0,-6000.000,-0.112
2415,24160086,418,2.945,0.055,3.000,266,7,1,0,1,-1.000,0,-18933.334,-0.394
2416,24170086,629,4.185,0.055,4.240,184,7,1,0,1,-1.000,0,-13450.000,-0.296
2417,24180086,396,2.630,2.426,5.056,290,7,1,1,1,0.199,1,16233.334,0.432
2418,24190086,370,2.518,1.296,3.814,168,7,1,1,1,0.175,1,23916.668,0.759
2419,24200086,320,2.204,1.185,3.389,253,7,1,1,1,0.186,1,14266.667,0.423
2420,24210086,231,1.722,0.092,1.814,245,7,1,0,1,0.111,0,2366.667,0.050
2421,24220086,380,2.593,1.129,3.722,224,7,1,1,1,0.128,1,18700.000,0.642
2422,24230086,212,1.537,1.129,2.666,251,7,1,1,1,0.132,1,24666.668,0.771
2423,24240086,329,2.241,0.092,2.333,191,7,1,0,1,0.079,0,-3883.333,-0.072
2424,24250086,326,2.148,1.370,3.518,281,7,1,1,1,0.106,1,38316.668,0.691
2425,24260086,428,2.759,1.204,3.963,219,7,1,1,1,0.109,1,55183.336,1.150
2426,24270086,354,2.333,1.167,3.500,252,7,1,1,1,0.111,1,55133.336,1.106
2427,24280086,257,1.759,1.481,3.240,193,7,1,1,1,0.109,1,61433.336,1.284
2428,24290086,342,2.185,1.297,3.482,205,7,1,1,1,0.113,1,58466.668,1.032
2429,24300086,291,1.926,1.130,3.056,261,7,1,1,1,0.109,1,71050.000,1.422
2430,24310086,273,1.778,0.074,1.852,237,7,1,0,1,0.065,0,17566.668,0.187
2431,24320086,333,2.148,0.093,2.241,215,7,1,0,1,-1.000,0,13716.667,0.133
2432,24330086,289,1.908,0.074,1.982,242,7,1,0,1,-1.000,0,7066.667,0.067
2433,24340086,349,2.296,0.074,2.370,250,7,1,0,1,-1.000,0,19800.000,0.181
2434,24350086,312,2.426,0.129,2.555,256,7,1,0,1,-1.000,0,-55650.000,-0.483
2435,24360086,451,2.907,0.056,2.963,254,7,1,0,1,-1.000,0,20950.000,0.173
2436,24370086,317,2.093,1.981,4.074,279,7,1,1,1,0.300,1,27866.668,0.250
2437,24380086,350,2.352,1.370,3.722,250,7,1,1,1,0.290,1,32500.000,0.278
2438,24390086,411,2.704,1.148,3.852,317,7,1,1,1,0.264,1,40933.336,0.365
2439,24400086,380,2.537,0.074,2.611,276,7,1,0,1,0.158,0,-60466.668,-0.468
2440,24410086,465,2.963,1.148,4.111,222,7,1,1,1,0.133,1,105216.672,1.769
2441,24420086,329,2.222,0.093,2.315,268,7,1,0,1,0.080,0,-57383.336,-0.404
2442,24430086,435,2.871,0.074,2.945,270,7,1,0,1,-1.000,0,-57583.336,-0.414
2443,24440086,434,2.907,0.074,2.981,284,7,1,0,1,-1.000,0,-56400.000,-0.378
2444,24450086,369,2.500,0.055,2.555,261,7,1,0,1,-1.000,0,29400.000,0.192
2445,24460086,451,2.982,1.722,4.704,344,7,1,1,1,0.093,1,125116.672,1.824
2446,24470086,288,2.018,0.075,2.093,284,7,1,0,1,0.056,0,-77183.336,-0.469
2447,24480086,396,2.648,0.204,2.852,254,7,1,0,1,-1.000,0,4366.667,0.052
2448,24490086,313,2.166,0.074,2.240,284,7,1,0,1,-1.000,0,11416.667,0.140
2449,24500086,356,2.463,0.093,2.556,256,7,1,0,1,-1.000,0,533.333,0.006
2450,24510086,332,2.240,0.074,2.314,263,7,1,0,1,-1.000,0,-41700.000,-0.229
2451,24520086,270,1.888,0.093,1.981,251,7,1,0,1,-1.000,0,-78916.672,-0.407
2452,24530086,405,2.741,5.759,8.500,236,7,1,1,1,0.175,1,45733.336,0.523
2453,24540086,302,2.204,0.055,2.259,321,7,1,0,1,0.105,0,15066.667,0.169
2454,24550086,278,1.907,1.297,3.204,229,7,1,1,1,0.139,1,43000.000,0.462
2455,24560086,294,2.130,1.222,3.352,282,7,1,1,1,0.148,1,54516.668,0.583
2456,24570086,221,1.537,0.074,1.611,255,7,1,0,1,0.089,0,-55766.668,-0.396
2457,24580086,337,2.296,0.092,2.388,243,7,1,0,1,0.053,0,-14150.000,-0.123
2458,24590086,186,1.537,0.240,1.777,279,7,1,0,1,-1.000,0,-34250.000,-0.257
2459,24600086,277,1.888,0.630,2.518,188,7,1,0,1,-1.000,0,19083.334,0.183
2460,24610086,212,1.611,0.074,1.685,262,7,1,0,1,-1.000,0,-31633.334,-0.233
2461,24620086,232,1.759,0.093,1.852,225,7,1,0,1,-1.000,0,-24283.334,-0.164
2462,24630086,288,2.019,0.055,2.074,294,7,1,0,1,-1.000,0,-4083.333,-0.048
2463,24640086,152,1.185,0.055,1.240,251,7,1,0,1,-1.000,0,-16483.334,-0.164
2464,24650086,277,1.925,3.963,5.888,198,7,1,1,1,0.199,1,42866.668,0.433
2465,24660086,181,1.297,0.074,1.371,239,7,1,0,1,0.119,0,-22783.334,-0.185
2466,24670086,173,1.241,0.111,1.352,217,7,1,0,1,0.071,0,-8983.334,-0.086
2467,24680086,195,1.426,0.092,1.518,234,7,1,0,1,-1.000,0,-20016.668,-0.162
2468,24690086,149,1.148,0.074,1.222,260,7,1,0,1,-1.000,0,19850.000,0.246
2469,24700086,199,1.611,1.260,2.871,251,7,1,1,1,0.259,1,25366.668,0.301
2470,24710086,131,1.203,0.056,1.259,261,7,1,0,1,0.155,0,-18533.334,-0.131
2471,24720086,179,1.426,1.389,2.815,223,7,1,1,1,0.146,1,83866.672,0.836
2472,24730086,142,1.167,1.148,2.315,269,7,1,1,1,0.182,1,32366.668,0.339
2473,24740086,145,1.222,1.241,2.463,251,7,1,1,1,0.156,1,111050.000,1.070
2474,24750086,170,1.426,1.148,2.574,301,7,1,1,1,0.201,1,28900.000,0.287
2475,24760086,118,1.055,1.111,2.166,250,7,1,1,1,0.162,1,151533.344,1.383
2476,24770086,203,1.556,1.130,2.686,262,7,1,1,1,0.207,1,34366.668,0.279
2477,24780086,130,1.093,0.074,1.167,233,7,1,0,1,0.124,0,-36583.336,-0.199
2478,24790086,145,1.148,1.222,2.370,239,7,1,1,1,0.128,1,105816.672,0.828
2479,24800086,157,1.186,0.074,1.260,269,7,1,0,1,0.077,0,50616.668,0.236
2480,24810086,190,1.407,1.611,3.018,284,7,1,1,1,0.093,1,135916.672,1.049
2481,24820086,270,2.111,0.074,2.185,297,7,1,0,1,0.056,0,-71966.672,-0.276
2482,24830086,209,1.537,1.223,2.760,315,7,1,1,1,0.085,1,135266.672,0.858
2483,24840086,262,1.870,1.223,3.093,322,7,1,1,1,0.098,1,153250.000,1.038
2484,24850086,236,1.741,1.185,2.926,323,7,1,1,1,0.151,1,82900.000,0.355
2485,24860086,266,1.944,0.093,2.037,312,7,1,0,1,0.090,0,59166.668,0.223
2486,24870086,312,2.241,1.333,3.574,358,7,1,1,1,0.159,1,79333.336,0.299
2487,24880086,271,1.963,1.148,3.111,386,7,1,1,1,0.150,1,149150.000,0.789
2488,24890086,441,2.908,0.092,3.000,384,7,1,0,1,0.090,0,65366.668,0.223
2489,24900086,469,3.204,0.074,3.278,373,7,1,0,1,0.054,0,71466.672,0.238
2490,24910086,526,3.463,0.074,3.537,421,7,1,0,1,-1.000,0,71500.000,0.226
2491,24920086,633,4.148,0.130,4.278,474,7,1,0,1,-1.000,0,74083.336,0.228
2492,24930086,636,4.148,0.075,4.223,483,7,1,0,1,-1.000,0,65950.000,0.191
2493,24940086,780,5.037,0.074,5.111,520,7,1,0,1,-1.000,0,67750.000,0.200
2494,24950086,928,5.963,0.093,6.056,591,7,1,0,1,-1.000,0,-54466.668,-0.152
2495,24960086,1030,6.574,0.055,6.629,600,7,1,0,1,-1.000,0,57000.000,0.153
2496,24970086,1336,8.463,0.055,8.518,670,7,1,0,1,-1.000,0,57233.336,0.148
2497,24980086,1583,9.926,0.056,9.982,756,7,1,0,1,-1.000,0,50066.668,0.126
2498,24990086,1766,11.037,0.222,11.259,851,7,1,0,1,-1.000,0,-59233.336,-0.144
2499,25000086,1921,11.963,0.093,12.056,911,7,1,0,1,-1.000,0,-42066.668,-0.104
2500,25010086,2001,12.408,4.518,16.926,945,7,1,1,1,0.151,1,201400.000,0.663
2501,25020086,2185,13.574,0.093,13.667,1076,7,1,0,1,0.090,0,-37100.000,-0.086
2502,25030086,2435,15.093,0.074,15.167,1169,7,1,0,1,0.054,0,-43500.000,-0.098
2503,25040086,2678,17.685,0.074,17.759,1165,7,1,0,1,-1.000,0,-31583.334,-0.070
2504,25050086,2608,18.092,2.296,20.388,1169,7,1,1,1,0.203,1,147633.344,0.420
2505,25060086,2705,20.945,0.074,21.019,1309,7,1,0,1,0.122,0,89266.672,0.245
2506,25070086,2567,19.759,0.092,19.851,1259,7,1,0,1,0.073,0,-33183.336,-0.066
2507,25080086,2747,22.592,6.223,28.815,1302,7,1,1,1,0.130,1,151933.344,0.387
2508,25090086,2899,23.778,0.055,23.833,1426,7,1,0,1,0.078,0,84500.000,0.210
2509,25100086,3194,26.629,0.074,26.703,1522,7,1,0,1,-1.000,0,50050.000,0.120
2510,25110086,3587,31.037,0.074,31.111,1659,7,1,0,1,-1.000,0,-20666.668,-0.041
2511,25120086,3694,32.092,0.074,32.166,1752,7,1,0,1,-1.000,0,36650.000,0.081
2512,25130086,4029,36.111,0.074,36.185,1926,7,1,0,1,-1.000,0,68666.672,0.145
2513,25140086,5109,45.425,0.260,45.685,2433,7,1,0,0,-1.000,0,0.000,0.000
2514,25150086,7943,62.704,0.092,62.796,3834,7,1,0,0,-1.000,0,43200.000,0.016
2515,25160086,10310,74.722,0.315,75.037,4974,7,1,0,0,-1.000,0,95400.000,0.071
2516,25170086,8942,65.055,0.130,65.185,3922,7,1,0,0,-1.000,0,77733.336,0.087
2517,25180086,7999,58.130,0.074,58.204,3841,7,1,0,0,-1.000,0,77700.000,0.116
2518,25190086,9965,88.259,0.408,88.667,3916,7,1,0,0,-1.000,0,76320.000,0.143
2519,25200086,9545,68.407,0.241,68.648,3752,7,1,0,0,-1.000,0,90100.000,0.202
2520,25210086,7408,58.240,0.074,58.314,3163,7,1,0,0,-1.000,0,61700.000,0.136
2521,25220086,4796,42.611,0.074,42.685,2399,7,1,0,0,-1.000,0,51233.336,0.107
2522,25230086,3948,32.500,0.111,32.611,2337,7,1,0,1,-1.000,0,0.000,0.000
2523,25240086,3292,24.834,0.092,24.926,2045,7,1,0,1,-1.000,0,-31800.000,-0.009
2524,25250086,3293,24.519,0.074,24.593,2187,7,1,0,1,-1.000,0,-42400.000,-0.025
2525,25260086,3809,28.240,0.074,28.314,2411,7,1,0,1,-1.000,0,-56533.336,-0.050
2526,25270086,4041,30.982,0.074,31.056,2316,7,1,0,1,-1.000,0,-42400.000,-0.050
2527,25280086,3892,31.204,0.074,31.278,2301,7,1,0,1,-1.000,0,-33920.000,-0.050
2528,25290086,4579,35.296,0.167,35.463,2626,7,1,0,1,-1.000,0,-49466.668,-0.088
2529,25300086,4694,35.759,0.092,35.851,2539,7,1,0,1,-1.000,0,-45933.336,-0.083
2530,25310086,5697,42.685,0.074,42.759,2405,7,1,0,1,-1.000,0,-106000.000,-0.194
2531,25320086,5402,43.463,0.092,43.555,2544,7,1,0,1,-1.000,0,-111300.000,-0.209
2532,25330086,6150,53.685,0.666,54.351,3011,7,1,0,1,-1.000,0,-88333.336,-0.166
2533,25340086,4884,41.834,0.203,42.037,2016,7,1,0,0,-1.000,0,0.000,0.000
2534,25350086,4695,36.000,0.167,36.167,2242,6,1,0,1,-1.000,0,-81833.336,-0.160
2535,25360086,7402,53.167,0.129,53.296,3639,6,1,0,1,-1.000,0,-77733.336,-0.152
2536,25370086,5339,40.148,0.074,40.222,2512,6,1,0,1,-1.000,0,7066.667,0.016
2537,25380086,4842,36.389,0.074,36.463,2646,6,1,0,1,-1.000,0,24016.668,0.057
2538,25390086,5236,39.296,0.055,39.351,2951,6,1,0,1,-1.000,0,-28700.000,-0.064
2539,25400086,6416,48.185,0.166,48.351,3080,6,1,0,1,-1.000,0,6580.000,0.013
2540,25410086,7051,51.185,0.092,51.277,3418,7,1,0,1,-1.000,0,42966.668,0.100
2541,25420086,7850,57.518,0.167,57.685,4158,7,1,0,1,-1.000,0,38866.668,0.090
2542,25430086,9367,77.796,0.074,77.870,4992,7,1,0,1,-1.000,0,85133.336,0.190
2543,25440086,9762,81.000,0.074,81.074,4404,7,1,0,1,-1.000,0,85516.672,0.192
2544,25450086,8898,76.796,10.556,87.352,4518,7,1,1,1,0.277,1,115266.672,0.277
2545,25460086,8010,70.611,0.074,70.685,4130,7,1,0,1,0.166,0,63566.668,0.146
2546,25470086,7100,59.278,0.074,59.352,3243,7,1,0,0,-1.000,0,0.000,0.000
2547,25480086,5979,32.259,0.093,32.352,2690,7,1,0,0,-1.000,0,-63600.000,-0.019
2548,25490086,5129,24.814,0.074,24.888,2413,7,1,0,0,-1.000,0,-21200.000,-0.013
2549,25500086,4761,23.056,0.074,23.130,2304,7,1,0,0,-1.000,0,-107933.336,-0.096
2550,25510086,3935,18.963,0.259,19.222,1692,7,1,0,0,-1.000,0,-39375.000,-0.047
2551,25520086,3086,14.945,0.055,15.000,1495,7,1,0,0,-1.000,0,-120080.000,-0.178
2552,25530086,4652,21.870,0.056,21.926,2315,7,1,0,0,-1.000,0,-8833.334,-0.016
2553,25540086,4993,23.314,0.093,23.407,2113,7,1,0,0,-1.000,0,-17366.668,-0.031
2554,25550086,4434,20.908,0.092,21.000,2091,7,1,0,0,-1.000,0,-51416.668,-0.092
2555,25560086,4284,20.130,0.092,20.222,2153,7,1,0,0,-1.000,0,-13066.667,-0.026
2556,25570086,4060,19.389,0.074,19.463,1981,7,1,0,0,-1.000,0,-5316.667,-0.010
2557,25580086,2872,13.703,0.075,13.778,1656,7,1,0,0,-1.000,0,46100.000,0.099
2558,25590086,2762,13.185,0.074,13.259,1549,7,1,0,0,-1.000,0,-99333.336,-0.179
2559,25600086,2708,12.833,0.093,12.926,1499,7,1,0,0,-1.000,0,-89700.000,-0.167
2560,25610086,3207,14.925,0.075,15.000,1581,7,1,0,0,-1.000,0,-56283.336,-0.111
2561,25620086,3304,15.315,0.055,15.370,1549,7,1,0,0,-1.000,0,-105866.672,-0.213
2562,25630086,2493,11.555,0.056,11.611,1307,7,1,0,0,-1.000,0,-143200.000,-0.269
2563,25640086,1867,8.908,0.074,8.982,995,7,1,0,0,-1.000,0,-185850.000,-0.365
2564,25650086,1556,7.315,0.055,7.370,982,7,1,0,0,-1.000,0,-174233.344,-0.383
2565,25660086,1522,7.203,0.056,7.259,902,7,1,0,0,-1.000,0,-199150.000,-0.447
2566,25670086,1459,6.814,0.075,6.889,847,7,1,0,0,-1.000,0,-216750.000,-0.483
2567,25680086,1471,6.889,0.814,7.703,851,7,1,0,0,-1.000,0,-169666.672,-0.434
2568,25690086,1347,6.315,0.056,6.371,737,7,1,0,0,-1.000,0,-69866.672,-0.180
2569,25700086,1319,6.130,0.056,6.186,780,7,1,0,0,-1.000,0,-127100.000,-0.393
2570,25710086,1278,6.018,0.056,6.074,730,7,1,0,0,-1.000,0,-107916.672,-0.384
2571,25720086,1134,5.314,0.056,5.370,654,7,1,0,0,-1.000,0,-89250.000,-0.362
2572,25730086,996,4.648,0.056,4.704,576,7,1,0,0,-1.000,0,-109850.000,-0.473
2573,25740086,938,4.352,0.074,4.426,529,7,1,0,0,-1.000,0,33100.000,0.150
2574,25750086,856,3.963,0.166,4.129,443,7,1,0,0,-1.000,0,-167633.344,-0.526
2575,25760086,746,3.592,0.056,3.648,393,7,1,0,0,-1.000,0,-125733.336,-0.639
2576,25770086,636,3.000,0.056,3.056,365,7,1,0,0,-1.000,0,-110916.672,-0.640
2577,25780086,541,2.648,0.056,2.704,309,7,1,0,0,-1.000,0,-111000.000,-0.705
2578,25790086,421,2.074,0.055,2.129,246,7,1,0,0,-1.000,0,-70016.672,-0.573
2579,25800086,332,1.648,0.055,1.703,249,7,1,0,0,-1.000,0,-219700.000,-0.865
2580,25810086,247,1.352,0.074,1.426,190,7,1,0,0,-1.000,0,-122966.672,-0.813
2581,25820086,160,0.834,0.055,0.889,137,7,1,0,0,-1.000,0,-56816.668,-0.801
2582,25830086,116,0.667,0.055,0.722,144,7,1,0,0,-1.000,0,-51133.336,-0.820
2583,25840086,73,0.426,0.074,0.500,104,7,1,0,0,-1.000,0,-21166.668,-0.455
2584,25850086,59,0.333,0.074,0.407,94,7,1,0,0,-1.000,0,-46633.336,-0.894
2585,25860086,44,0.315,0.055,0.370,90,7,1,0,0,-1.000,0,-30666.668,-0.891
2586,25870086,22,0.037,0.204,0.241,66,0,0,0,1,-1.000,0,0.000,0.000
2587,25880086,3,0.056,0.074,0.130,61,0,0,0,1,-1.000,0,0.000,0.000
2588,25890086,1,0.055,0.056,0.111,61,0,0,0,1,-1.000,0,0.000,0.000
2589,25900086,3,0.055,0.056,0.111,63,0,0,0,1,-1.000,0,0.000,0.000
2590,25910086,6,0.037,0.074,0.111,63,0,0,0,1,-1.000,0,0.000,0.000
2591,25920086,5,0.037,0.074,0.111,59,0,0,0,1,-1.000,0,0.000,0.000
2592,25930086,2,0.056,0.055,0.111,56,0,0,0,1,-1.000,0,0.000,0.000
2593,25940086,0,0.037,0.055,0.092,56,0,0,0,1,-1.000,0,0.000,0.000
2594,25950086,5,0.056,0.055,0.111,58,0,0,0,1,-1.000,0,0.000,0.000
2595,25960086,0,0.055,0.056,0.111,58,0,0,0,1,-1.000,0,0.000,0.000
2596,25970086,2,0.037,0.056,0.093,58,0,0,0,1,-1.000,0,0.000,0.000
2597,25980086,2,0.056,0.056,0.112,74,0,0,0,1,-1.000,0,0.000,0.000
2598,25990086,0,0.037,0.056,0.093,74,0,0,0,1,-1.000,0,0.000,0.000
2599,26000086,14,0.056,0.055,0.111,74,0,0,0,1,-1.000,0,0.000,0.000
2600,26010086,86,0.444,0.074,0.518,112,1,1,0,0,-1.000,0,0.000,0.000
2601,26020086,222,1.167,8.241,9.408,200,2,1,1,0,0.015,1,72300.000,2.171
2602,26030086,394,1.834,1.259,3.093,237,3,1,1,0,0.019,1,60700.000,3.646
2603,26040086,504,2.352,1.426,3.778,291,4,1,1,0,0.026,1,56100.000,5.054
2604,26050086,544,2.629,2.649,5.278,259,5,1,1,0,0.034,1,61200.000,7.351
2605,26060086,525,2.481,1.315,3.796,265,6,1,1,0,0.043,1,51020.000,7.661
2606,26070086,462,2.149,1.259,3.408,247,7,1,1,0,0.052,1,58616.668,10.562
2607,26080086,360,1.741,1.481,3.222,232,7,1,1,0,0.065,1,41933.336,2.383
2608,26090086,289,1.389,1.704,3.093,197,7,1,1,0,0.078,1,40866.668,1.585
2609,26100086,231,1.129,1.167,2.296,197,7,1,1,0,0.092,1,39233.336,1.168
2610,26110086,214,1.129,1.426,2.555,212,7,1,1,0,0.118,1,28783.334,0.621
2611,26120086,340,1.630,1.148,2.778,232,7,1,1,0,0.132,1,30800.000,0.641
2612,26130086,321,1.667,1.148,2.815,210,7,1,1,0,0.197,1,16500.000,0.257
2613,26140086,277,1.370,1.148,2.518,228,7,1,1,0,0.204,1,23116.668,0.388
2614,26150086,235,1.186,1.111,2.297,171,7,1,1,0,0.241,1,16933.334,0.254
2615,26160086,164,0.963,0.074,1.037,143,7,1,0,0,0.144,0,1166.667,0.016
2616,26170086,89,0.593,0.092,0.685,157,7,1,0,0,0.087,0,-10533.334,-0.140
2617,26180086,96,0.704,0.074,0.778,131,7,1,0,0,0.052,0,-5266.667,-0.067
2618,26190086,51,0.389,0.093,0.482,133,7,1,0,0,-1.000,0,-10266.667,-0.127
2619,26200086,58,0.500,0.074,0.574,124,7,1,0,0,-1.000,0,-13350.000,-0.162
2620,26210086,45,0.371,0.222,0.593,116,7,1,0,0,-1.000,0,-13183.334,-0.158
2621,26220086,42,0.315,0.056,0.371,96,7,1,0,0,-1.000,0,-18900.000,-0.255
2622,26230086,43,0.444,0.075,0.519,113,7,1,0,0,-1.000,0,-9500.000,-0.147
2623,26240086,31,0.037,0.148,0.185,78,0,0,0,1,-1.000,0,0.000,0.000
2624,26250086,17,0.037,0.074,0.111,88,0,0,0,1,-1.000,0,0.000,0.000
2625,26260086,49,0.370,0.075,0.445,122,1,1,0,0,-1.000,0,0.000,0.000
2626,26270086,91,0.611,0.074,0.685,123,2,1,0,0,-1.000,0,64100.000,0.179
2627,26280086,104,0.759,0.075,0.834,130,3,1,0,0,-1.000,0,22550.000,0.126
2628,26290086,115,0.722,1.444,2.166,148,4,1,1,0,0.083,1,67966.672,0.570
2629,26300086,126,0.852,1.186,2.038,140,5,1,1,0,0.087,1,68275.000,0.763
2630,26310086,137,0.852,0.092,0.944,175,6,1,0,0,0.052,0,-31500.000,-0.440
2631,26320086,190,1.167,1.148,2.315,176,7,1,1,0,0.080,1,57166.668,0.959
2632,26330086,181,1.092,1.204,2.296,199,7,1,1,0,0.098,1,65316.668,0.929
2633,26340086,178,1.037,1.166,2.203,190,7,1,1,0,0.130,1,34200.000,0.509
2634,26350086,187,1.222,1.130,2.352,201,7,1,1,0,0.165,1,35433.336,0.379
2635,26360086,176,0.962,0.093,1.055,206,7,1,0,0,0.099,0,12316.667,0.117
2636,26370086,190,1.204,1.222,2.426,182,7,1,1,0,0.091,1,101633.336,3.046
2637,26380086,193,1.111,0.092,1.203,176,7,1,0,0,0.055,0,14633.334,0.125
2638,26390086,136,0.889,0.056,0.945,154,7,1,0,0,-1.000,0,-60916.668,-0.449
2639,26400086,80,0.574,0.092,0.666,154,7,1,0,0,-1.000,0,8866.667,0.087
2640,26410086,84,0.537,0.074,0.611,135,7,1,0,0,-1.000,0,-2783.333,-0.022
2641,26420086,62,0.574,0.055,0.629,127,7,1,0,0,-1.000,0,-68866.672,-0.586
2642,26430086,84,0.759,0.056,0.815,108,7,1,0,0,-1.000,0,-75066.672,-0.556
2643,26440086,41,0.408,0.074,0.482,118,7,1,0,0,-1.000,0,-74416.672,-0.566
2644,26450086,49,0.389,0.055,0.444,111,7,1,0,0,-1.000,0,-38600.000,-0.517
2645,26460086,40,0.407,0.056,0.463,74,7,1,0,0,-1.000,0,-43700.000,-0.397
2646,26470086,38,0.389,0.055,0.444,67,7,1,0,1,-1.000,0,0.000,0.000
2647,26480086,27,0.037,0.055,0.092,76,0,0,0,1,-1.000,0,0.000,0.000
2648,26490086,32,0.037,0.055,0.092,83,0,0,0,1,-1.000,0,0.000,0.000
2649,26500086,26,0.037,0.055,0.092,89,0,0,0,1,-1.000,0,0.000,0.000
2650,26510086,10,0.037,0.056,0.093,65,0,0,0,1,-1.000,0,0.000,0.000
2651,26520086,14,0.037,0.055,0.092,65,0,0,0,1,-1.000,0,0.000,0.000
2652,26530086,31,0.056,0.055,0.111,105,0,0,0,1,-1.000,0,0.000,0.000
2653,26540086,45,0.463,0.056,0.519,93,1,1,0,1,-1.000,0,0.000,0.000
2654,26550086,24,0.037,0.055,0.092,106,0,0,0,1,-1.000,0,0.000,0.000
2655,26560086,16,0.037,0.055,0.092,103,0,0,0,1,-1.000,0,0.000,0.000
2656,26570086,34,0.037,0.075,0.112,113,0,0,0,1,-1.000,0,0.000,0.000
2657,26580086,37,0.334,0.055,0.389,155,1,1,0,0,-1.000,0,0.000,0.000
2658,26590086,97,0.741,1.556,2.297,172,2,1,1,0,0.015,1,396800.000,1.861
2659,26600086,193,1.055,1.167,2.222,196,3,1,1,0,0.025,1,112700.000,1.057
2660,26610086,227,1.259,1.204,2.463,194,4,1,1,0,0.036,1,96933.336,1.364
2661,26620086,230,1.223,1.166,2.389,194,5,1,1,0,0.047,1,85300.000,1.600
2662,26630086,233,1.426,13.611,15.037,190,6,1,1,0,0.072,1,36320.000,0.852
